date,day_of_week,month,is_weekend,day_of_year,rainfall,humidity,temperature,humidity_drop,festival,festival_name,respiratory_alert,actual_patients,baseline_patients,week_of_year,quarter,flu_season,monsoon_season,monday_adjacent,patients_prev_day,patients_3day_avg,patients_7day_avg,patient_growth_rate,rolling_std_patients,rainfall_prev_day,cumulative_rainfall_3day,humidity_trend,days_until_festival,estimated_bed_occupancy,emergency_load_index,staff_pressure_index,surge_risk
2023-01-01,6,1,1,1,0.0,52.48357076505616,27.94780247960799,0,0,,0.0,93,110,52,1,1,0,1,110.0,110.0,110.0,0.0,0.0,0.0,0.0,0.0,30,73.33333333333333,0.0,1.4666666666666666,LOW
2023-01-02,0,1,0,2,0.0,59.93731356277662,28.650461335147803,0,0,,0.0,110,110,1,1,1,0,1,93.0,93.0,93.0,0.0,0.0,0.0,0.0,0.0,30,62.0,0.0,0.62,HIGH
2023-01-03,1,1,0,3,0.0,74.88352679009229,29.40925042984563,0,0,,0.0,104,110,1,1,1,0,1,110.0,101.5,101.5,0.08374384236453201,12.020815280171307,0.0,0.0,0.0,30,67.66666666666666,0.0,1.083370916979129,MEDIUM
2023-01-04,2,1,0,4,0.0,67.07231468790089,27.55625742324438,0,0,,0.0,111,110,1,1,1,0,0,104.0,102.33333333333333,102.33333333333333,0.01628664495114011,8.621678104251709,0.0,0.0,14.588743922844728,30,68.22222222222221,0.0,0.976317242000586,LOW
2023-01-05,3,1,0,5,0.0,69.62427429541036,25.55990362670053,0,0,,0.0,112,110,1,1,1,0,0,111.0,108.33333333333333,104.5,0.06220095693779904,8.266397845091499,0.0,0.0,9.686960732633736,30,72.22222222222221,0.0,1.0207310332949706,LOW
2023-01-06,4,1,0,6,0.0,73.00708026383872,26.229694490813383,0,0,,0.0,112,110,1,1,1,0,0,112.0,109.0,106.0,0.05660377358490566,7.905694150420949,0.0,0.0,-1.8764465262535737,30,72.66666666666667,0.0,1.0139068874652946,LOW
2023-01-07,5,1,1,7,0.0,65.06129567516169,26.482584672493825,0,0,,0.0,103,110,1,1,1,0,1,112.0,111.66666666666667,107.0,0.04672897196261682,7.4833147735478835,0.0,0.0,-2.0110190127391974,30,74.44444444444444,0.4672897196261682,2.0459800998085647,LOW
2023-01-08,6,1,1,8,0.0,64.86488433041109,29.582974560935234,0,0,,0.0,99,110,1,1,1,0,1,103.0,109.0,106.42857142857143,-0.03221476510067116,6.9965978126787425,0.0,0.0,-4.759389964999272,30,72.66666666666667,-0.3221476510067116,1.9617527743879886,MEDIUM
2023-01-09,0,1,0,9,0.0,65.2510632434563,28.937927987886205,0,0,,0.0,123,110,2,1,1,0,1,99.0,104.66666666666667,107.28571428571429,-0.0772303595206392,5.219012860502956,0.0,0.0,-7.756017020382416,30,69.77777777777779,-0.0,0.8798633375775476,LOW
2023-01-10,1,1,0,10,0.0,65.0489433981617,30.277625452477345,0,0,,0.0,137,110,2,1,1,0,1,123.0,108.33333333333333,109.14285714285714,0.12696335078534035,7.946247991527644,0.0,0.0,-0.012352276999990863,30,72.22222222222221,0.0,1.0091700663607202,MEDIUM
2023-01-11,2,1,0,11,0.0,65.00125561848535,31.719550825979628,0,0,,0.0,142,110,2,1,1,0,0,137.0,119.66666666666667,113.85714285714286,0.2032622333751568,12.733532783279625,0.0,0.0,0.13637128807425825,30,79.77777777777779,0.0,1.3057042521330429,LOW
2023-01-12,3,1,0,12,0.0,65.33200710448463,29.017230705862907,0,0,,1.0,173,110,2,1,1,0,0,142.0,134.0,118.28571428571429,0.20048309178743956,16.42877846660431,0.0,0.0,0.08094386102833084,30,89.33333333333333,0.0,1.627152104841659,CRITICAL
2023-01-13,4,1,0,13,0.0,72.17912598141287,27.27834209006429,0,0,,1.0,175,110,2,1,1,0,0,173.0,150.66666666666666,127.0,0.36220472440944884,25.955089417427672,0.0,0.0,7.13018258325117,30,100.0,0.0,2.2977544708713835,CRITICAL
2023-01-14,5,1,1,14,0.0,83.32739040404478,30.983823416453227,0,0,,0.0,121,110,2,1,1,0,1,175.0,163.33333333333334,136.0,0.2867647058823529,30.424770609926796,0.0,0.0,18.326134785559432,30,100.0,2.867647058823529,5.042477060992679,MEDIUM
2023-01-15,6,1,1,15,0.0,75.357810980786,29.53381889736589,0,0,,0.0,105,110,2,1,1,0,1,121.0,156.33333333333334,138.57142857142858,-0.12680412371134028,27.81999965766318,0.0,0.0,10.025803876301367,30,100.0,-1.2680412371134029,4.7819999657663175,LOW
2023-01-16,0,1,0,16,0.0,65.02613548183166,26.984849467365198,0,0,,0.0,117,110,3,1,1,0,1,105.0,133.66666666666666,139.42857142857142,-0.24692622950819665,26.456613179928745,0.0,0.0,-7.1529904995812075,30,89.11111111111111,-0.0,2.0699002094612697,LOW
2023-01-17,1,1,0,17,0.0,65.70203324156739,31.028095503731414,0,0,,0.0,115,110,3,1,1,0,1,117.0,114.33333333333333,138.57142857142858,-0.1556701030927836,27.165278959590665,0.0,0.0,-17.625357162477385,30,76.22222222222223,-0.0,1.7975211870155108,LOW
2023-01-18,2,1,0,18,0.0,62.48764512490564,29.72624944722348,0,0,,0.0,121,110,3,1,1,0,0,115.0,112.33333333333333,135.42857142857142,-0.15084388185654002,28.611519491614672,0.0,0.0,-12.870165855880359,30,74.88888888888889,-0.0,1.8202313409637936,LOW
2023-01-19,3,1,0,19,0.0,64.11291902345134,30.523862741723125,0,0,,0.0,122,110,3,1,1,0,0,121.0,117.66666666666667,132.42857142857142,-0.08629989212513475,28.907076082147192,0.0,0.0,-0.9132164583803188,30,78.44444444444446,-0.0,1.918244206333107,LOW
2023-01-20,4,1,0,20,42.24741943715315,94.1012911357466,26.85979273292955,0,0,,0.0,138,110,3,1,1,0,0,122.0,119.33333333333333,125.14285714285714,-0.02511415525114152,22.74810300829916,0.0,42.24741943715315,28.399257894179215,30,79.55555555555556,-0.0,1.7004245418856778,LOW
2023-01-21,5,1,1,21,0.0,72.78442877662646,28.83316451840442,1,0,,0.0,113,110,3,1,1,0,1,138.0,127.0,119.85714285714286,0.1513706793802145,9.906707684334698,42.24741943715315,42.24741943715315,10.296783651720816,30,84.66666666666667,1.5137067938021451,2.5321012506070044,MEDIUM
2023-01-22,6,1,1,22,0.0,71.21320291234312,31.311940405136905,0,0,,0.0,95,110,3,1,1,0,1,113.0,124.33333333333333,118.71428571428571,-0.048134777376654586,10.209705932988191,0.0,42.24741943715315,7.100283888891781,30,82.88888888888889,-0.48134777376654586,2.5040489584454657,LOW
2023-01-23,0,1,0,23,0.0,68.35397997611535,29.312742068188584,0,0,,1.0,134,110,4,1,1,0,1,95.0,115.33333333333333,117.28571428571429,-0.19001218026796593,12.815541160563383,0.0,0.0,-25.747311159631252,30,76.88888888888889,-0.0,1.2615752490616587,LOW
2023-01-24,1,1,0,24,0.0,72.73342510719407,32.0417999888861,0,0,,1.0,147,110,4,1,1,0,1,134.0,114.0,119.71428571428571,0.11933174224343682,14.2795224676724,0.0,0.0,-0.0510036694323901,30,76.0,0.0,1.3026218537715513,MEDIUM
2023-01-25,2,1,0,25,0.0,64.3575356388614,29.97226239551931,0,0,,0.0,140,110,4,1,1,0,0,147.0,125.33333333333333,124.28571428571429,0.18275862068965512,17.317758570460576,0.0,0.0,-6.855667273481714,30,83.55555555555554,0.0,1.5590530247214638,MEDIUM
2023-01-26,3,1,0,26,0.0,69.67848515531435,32.47093281245111,0,0,,0.0,111,110,4,1,1,0,0,140.0,140.33333333333334,127.0,0.10236220472440945,18.184242262647775,0.0,0.0,1.3245051791989937,30,93.55555555555556,0.0,1.786173999174968,MEDIUM
2023-01-27,4,1,0,27,0.0,85.79717829919623,28.86056050110099,0,0,,0.0,125,110,4,1,1,0,0,111.0,132.66666666666666,125.42857142857143,-0.11503416856492028,19.138592275444744,0.0,0.0,13.063753192002167,29,88.44444444444444,-0.0,1.7307955250696676,LOW
2023-01-28,5,1,1,28,0.0,72.59467100103011,29.86924032881545,0,0,,1.0,128,110,4,1,1,0,1,125.0,125.33333333333333,123.57142857142857,0.011560693641618514,18.329003817785075,0.0,0.0,8.2371353621687,28,83.55555555555554,0.11560693641618514,3.2026012078860413,HIGH
2023-01-29,6,1,1,29,0.0,74.03659665333524,30.42216969717217,0,0,,0.0,115,110,4,1,1,0,1,128.0,121.33333333333333,125.71428571428571,0.01818181818181823,17.754945655734744,0.0,0.0,4.3581114980208895,27,80.88888888888889,0.1818181818181823,3.053955604152766,MEDIUM
2023-01-30,0,1,0,30,0.0,77.19678955437462,29.691472423389417,0,0,,1.0,165,110,5,1,1,0,1,115.0,122.66666666666667,128.57142857142858,-0.10555555555555564,12.946777499402945,0.0,0.0,-8.600388744821615,26,81.77777777777779,-0.0,1.3471571244200315,LOW
2023-01-31,1,1,0,31,0.0,69.37855080231678,29.903051528200937,0,0,,0.0,160,110,5,1,1,0,1,165.0,136.0,133.0,0.24060150375939848,18.99999999999996,0.0,0.0,-3.2161201987133268,25,90.66666666666666,0.0,1.767999999999998,HIGH
2023-02-01,2,2,0,32,0.0,73.45272074897373,31.11020470131728,0,0,,0.0,166,110,5,1,1,0,0,160.0,146.66666666666666,134.85714285714286,0.18644067796610167,21.114201945835468,0.0,0.0,-0.5838759043615056,24,97.77777777777777,0.0,2.010027650685289,MEDIUM
2023-02-02,3,2,0,33,0.0,76.54985481754363,30.953355798623747,0,0,,0.0,143,110,5,1,1,0,0,166.0,163.66666666666666,138.57142857142858,0.19793814432989681,24.227100135021928,0.0,0.0,-0.6469347368309855,23,100.0,0.0,2.2113550067510963,LOW
2023-02-03,4,2,0,34,0.0,66.79970549412197,30.270683345941443,0,0,,0.0,137,110,5,1,1,0,0,143.0,156.33333333333334,143.14285714285714,-0.0009980039920159398,20.95573566217267,0.0,0.0,-2.578845308194815,22,100.0,-0.0,2.0477867831086334,CRITICAL
2023-02-04,5,2,1,35,0.0,74.72860919952217,30.39557977521716,0,0,,0.0,115,110,5,1,1,0,1,137.0,148.66666666666666,144.85714285714286,-0.054240631163708114,19.675946156229827,0.0,0.0,1.275888450548436,21,99.1111111111111,-0.5424063116370812,3.932327107928556,CRITICAL
2023-02-05,6,2,1,36,0.0,69.97128912311675,30.55212066720628,0,0,,0.0,107,110,5,1,1,0,1,115.0,131.66666666666666,143.0,-0.1958041958041958,22.007574453658716,0.0,0.0,-6.578565694426885,20,87.77777777777777,-1.9580419580419581,3.6873315353767095,MEDIUM
2023-02-06,0,2,0,37,0.0,67.01667556672189,30.539928150098905,0,0,,0.0,137,110,6,1,1,0,1,107.0,119.66666666666667,141.85714285714286,-0.24572004028197383,23.835747463481304,0.0,0.0,0.21697007259992063,19,79.77777777777779,-0.0,1.7485592599321986,LOW
2023-02-07,1,2,0,38,0.0,67.59690655501434,31.64846063579744,0,0,,0.0,146,110,6,1,1,0,1,137.0,119.66666666666667,137.85714285714286,-0.00621761658031091,21.54397496152591,0.0,0.0,-7.1317026445078255,18,79.77777777777779,-0.0,1.6571430012430892,LOW
2023-02-08,2,2,0,39,0.0,63.80409726866656,33.21617185019328,0,0,,0.0,156,110,6,1,1,0,0,146.0,130.0,135.85714285714286,0.07465825446897999,19.71825356895286,0.0,0.0,-6.167191854450188,17,86.66666666666667,0.0,1.7211243213212908,MEDIUM
2023-02-09,3,2,0,40,0.0,58.16696337723811,31.137390691277066,0,0,,0.0,154,110,6,1,1,0,0,156.0,146.33333333333334,134.42857142857142,0.16046758767268873,17.39594917269667,0.0,0.0,-8.849712189483775,16,97.55555555555556,0.0,1.8240912985348712,HIGH
2023-02-10,4,2,0,41,0.0,67.14513108819595,30.59423388435289,0,0,,0.0,136,110,6,1,1,0,0,154.0,152.0,136.0,0.1323529411764706,18.743887892679354,0.0,0.0,-0.45177546681838976,15,100.0,0.0,1.9371943946339676,MEDIUM
2023-02-11,5,2,1,42,0.0,67.46722139373358,31.76049410471181,0,0,,0.0,105,110,6,1,1,0,1,136.0,148.66666666666666,135.85714285714286,0.0010515247108306746,18.738806182434768,0.0,0.0,3.6631241250670215,14,99.1111111111111,0.010515247108306746,3.83944612385909,MEDIUM
2023-02-12,6,2,1,43,0.0,70.19254909967994,31.361147869247866,0,0,,0.0,96,110,6,1,1,0,1,105.0,131.66666666666666,134.42857142857142,-0.2189160467587672,20.855512004081305,0.0,0.0,12.025585722441825,13,87.77777777777777,-2.189160467587672,3.586206053691581,LOW
2023-02-13,0,2,0,44,0.0,74.7526238925111,32.5631633851485,0,0,,0.0,122,110,7,1,1,0,1,96.0,112.33333333333333,132.85714285714286,-0.2774193548387097,23.51190174804077,0.0,0.0,7.607492804315143,12,74.88888888888889,-0.0,1.6292789876766376,MEDIUM
2023-02-14,1,2,0,45,0.0,65.94138556175376,33.57331521365725,0,0,,0.0,143,110,7,1,1,0,1,122.0,107.66666666666667,130.71428571428572,-0.06666666666666672,23.753696454196227,0.0,0.0,-1.525835831979819,11,71.77777777777779,-0.0,1.5702715505228202,LOW
2023-02-15,2,2,0,46,0.0,71.12256258135211,34.84396655012384,0,0,,0.0,141,110,7,1,1,0,0,143.0,120.33333333333333,130.28571428571428,0.09758771929824568,23.457154457395177,0.0,0.0,0.9300134816721766,10,80.22222222222221,0.0,1.7431147510132952,MEDIUM
2023-02-16,3,2,0,47,0.0,66.75735010525379,33.00296410399249,0,0,,0.0,150,110,7,1,1,0,0,141.0,135.33333333333334,128.14285714285714,0.10033444816053515,21.302805538461907,0.0,0.0,-7.995273787257304,9,90.22222222222223,0.0,1.8632154498461708,MEDIUM
2023-02-17,4,2,0,48,0.0,68.84972684648896,30.92187163364563,0,0,,0.0,152,110,7,1,1,0,0,150.0,144.66666666666666,127.57142857142857,0.1758118701007839,20.533364254769534,0.0,0.0,2.908341284735201,8,96.44444444444443,0.0,1.954608898507775,HIGH
2023-02-18,5,2,1,49,0.0,68.81566709799849,31.186551493233964,0,0,,0.0,133,110,7,1,1,0,1,152.0,147.66666666666666,129.85714285714286,0.17051705170517048,22.430846108492123,0.0,0.0,-2.306895483353628,7,98.44444444444443,1.7051705170517049,4.177081072458224,HIGH
2023-02-19,6,2,1,50,0.0,63.45161485096917,32.501917688345586,0,0,,0.0,111,110,7,1,1,0,1,133.0,145.0,133.85714285714286,-0.00640341515474923,19.574035280004363,0.0,0.0,-3.3057352542846203,6,96.66666666666667,-0.0640341515474923,3.8254900770670885,LOW
2023-02-20,0,2,0,51,0.0,70.79306405000251,31.60566806912509,0,0,,0.0,119,110,8,1,1,0,1,111.0,132.0,136.0,-0.18382352941176472,15.033296378372837,0.0,0.0,1.9433372035135505,5,88.0,-0.0,1.541465040648405,HIGH
2023-02-21,1,2,0,52,0.0,65.24234634831932,31.41838698104536,0,0,,0.0,137,110,8,1,1,0,1,119.0,121.0,135.57142857142858,-0.12223393045310861,15.533374207998472,0.0,0.0,-3.5733207496791692,4,80.66666666666666,-0.0,1.4331794263892714,MEDIUM
2023-02-22,2,2,0,53,0.0,66.2647441408229,32.788910981584834,0,0,,0.0,139,110,8,1,1,0,0,137.0,122.33333333333333,134.71428571428572,0.016967126193001,15.217471162168389,0.0,0.0,2.813129289853727,3,81.55555555555554,0.0,1.4360902129461997,HIGH
2023-02-23,3,2,0,54,0.0,69.39024850118523,33.96751957229703,0,0,,0.0,133,110,8,1,1,0,0,139.0,131.66666666666666,134.42857142857142,0.03400637619553676,15.098091963966143,0.0,0.0,-1.402815548817287,2,87.77777777777777,0.0,1.540416258418514,HIGH
2023-02-24,4,2,0,55,0.0,67.25559491109257,31.74889521939355,0,0,,0.0,134,110,8,1,1,0,0,133.0,136.33333333333334,132.0,0.007575757575757576,13.45362404707366,0.0,0.0,2.0132485627732564,1,90.8888888888889,0.0,1.5202813594725697,MEDIUM
2023-02-25,5,2,1,56,0.0,69.75053295346063,33.28011707417804,0,1,Local Festival,0.0,153,110,8,1,1,0,1,134.0,135.33333333333334,129.42857142857142,0.03532008830022085,10.357881747042377,0.0,0.0,3.485788812637736,0,90.22222222222223,0.3532008830022085,2.7389555531776013,CRITICAL
2023-02-26,6,2,1,57,0.0,75.44709066201457,30.855133897754712,0,0,,0.0,126,110,8,1,1,0,1,153.0,140.0,132.28571428571428,0.1565874730021599,13.719988893512046,0.0,0.0,6.056842160829348,13,93.33333333333333,1.565874730021599,3.1471989633944575,LOW
2023-02-27,0,2,0,58,0.0,71.34188238413229,32.722764342417854,0,0,,0.0,147,110,9,1,1,0,1,126.0,137.66666666666666,134.42857142857142,-0.06269925611052064,10.6748480528942,0.0,0.0,4.086287473039718,12,91.77777777777777,-0.0,1.4076346939828115,LOW
2023-02-28,1,2,0,59,0.0,70.39981782432083,33.5201876065026,0,0,,0.0,141,110,9,1,1,0,1,147.0,142.0,138.42857142857142,0.06191950464396294,9.052755434251948,0.0,0.0,0.6492848708601997,11,94.66666666666667,0.0,1.375163757221259,LOW
2023-03-01,2,3,0,60,2.674922535898733,71.2915898927709,30.201045199250284,0,0,,1.0,173,110,9,1,0,0,0,141.0,138.0,139.0,0.014388489208633094,9.073771725877304,0.0,2.674922535898733,-4.155500769243673,10,92.0,0.0,1.337393499390356,HIGH
2023-03-02,3,3,0,61,0.0,63.30180049254093,33.32211218659873,0,0,,0.0,181,110,9,1,0,0,0,173.0,153.66666666666666,143.85714285714286,0.20258192651439919,15.731375988011543,2.674922535898733,2.674922535898733,-8.040081891591363,9,100.0,0.0,1.7865687994005772,HIGH
2023-03-03,4,3,0,62,0.0,63.90446297518855,30.683816446040417,0,0,,0.0,162,110,9,1,0,0,0,181.0,165.0,150.71428571428572,0.20094786729857814,20.072487686003342,0.0,2.674922535898733,-6.4953548491322834,8,100.0,0.0,2.003624384300167,MEDIUM
2023-03-04,5,3,1,63,0.0,72.59777324125932,33.039508940121564,0,0,,0.0,138,110,9,1,0,0,1,162.0,172.0,154.71428571428572,0.04709141274238222,18.944781917582336,0.0,0.0,1.3061833484884176,7,100.0,0.47091412742382216,3.8944781917582336,HIGH
2023-03-05,6,3,1,64,0.0,65.181349198355,32.678699510940206,0,0,,0.0,133,110,9,1,0,0,1,138.0,160.33333333333334,152.57142857142858,-0.09550561797752816,19.990473921821884,0.0,0.0,1.8795487058140665,6,100.0,-0.9550561797752816,3.9990473921821885,MEDIUM
2023-03-06,0,3,0,65,0.0,63.58869769154339,31.274438920813058,0,0,,0.0,134,110,10,1,0,0,1,133.0,144.33333333333334,153.57142857142858,-0.1339534883720931,18.56391789518152,0.0,0.0,-0.3157652836451632,5,96.22222222222223,-0.0,1.8553529387348442,LOW
2023-03-07,1,3,0,66,0.0,72.11110727926315,32.175677301722466,0,0,,0.0,161,110,10,1,0,0,1,134.0,135.0,151.71428571428572,-0.11676082862523546,19.93083277833841,0.0,0.0,-0.48666596199616663,4,90.0,-0.0,1.7968874750252284,MEDIUM
2023-03-08,2,3,0,67,0.0,69.48723091524216,34.75094105666264,0,0,,0.0,141,110,10,1,0,0,0,161.0,142.66666666666666,154.57142857142858,0.04158964879852117,19.569169143128526,0.0,0.0,4.305881716887171,3,95.1111111111111,0.0,1.881733821473223,LOW
2023-03-09,3,3,0,68,0.0,61.865419847140686,32.55306195444096,0,0,,0.0,147,110,10,1,0,0,0,141.0,145.33333333333334,150.0,-0.06,18.23915202707244,0.0,0.0,-1.723277844402702,2,96.88888888888889,-0.0,1.852474475978176,HIGH
2023-03-10,4,3,0,69,0.0,62.01862147912257,33.36141704076076,0,0,,0.0,141,110,10,1,0,0,0,147.0,149.66666666666666,145.14285714285714,0.012795275590551209,12.102734834581222,0.0,0.0,-10.09248580014058,1,99.77777777777777,0.0,1.6015697711918855,LOW
2023-03-11,5,3,1,70,0.0,66.78306235141622,33.779697371036235,0,1,Local Festival,0.0,166,110,10,1,0,0,1,141.0,143.0,142.14285714285714,-0.008040201005025097,9.564318610135619,0.0,0.0,-2.704168563825945,0,95.33333333333334,-0.08040201005025097,2.8184650408329297,CRITICAL
2023-03-12,6,3,1,71,0.0,64.12264387994121,30.42700945268068,0,0,,0.0,137,110,10,1,0,0,1,166.0,151.33333333333334,146.14285714285714,0.1358748778103617,12.837816162008195,0.0,0.0,2.257224032800522,12,100.0,1.358748778103617,3.2837816162008195,HIGH
2023-03-13,0,3,0,72,0.0,63.19429567993085,31.95853396068228,0,0,,0.0,117,110,11,1,0,0,1,137.0,148.0,146.71428571428572,-0.06621226874391437,12.22993984332807,0.0,0.0,1.175674200808281,11,98.66666666666667,-0.0,1.5900103656041848,LOW
2023-03-14,1,3,0,73,0.0,68.50476376524207,33.33325865106902,0,0,,0.0,142,110,11,1,0,0,1,117.0,140.0,144.28571428571428,-0.18910891089108905,16.2143381580858,0.0,0.0,1.7217014138258548,10,93.33333333333333,-0.0,1.6900024473773372,LOW
2023-03-15,2,3,0,74,0.0,69.85572136777408,31.567768795873985,0,0,,0.0,161,110,11,1,0,0,0,142.0,132.0,141.57142857142858,0.0030272452068616693,14.443650771845855,0.0,0.0,5.7330774878328725,9,88.0,0.0,1.5155206339612175,HIGH
2023-03-16,3,3,0,75,0.0,69.26218786578481,31.09119347261557,0,0,,0.0,165,110,11,1,0,0,0,161.0,140.0,144.42857142857142,0.11473788328387745,16.184943032101664,0.0,0.0,6.067892185853957,8,93.33333333333333,0.0,1.6886306748314108,HIGH
2023-03-17,4,3,0,76,0.0,73.21467336145923,34.42799750442089,0,0,,0.0,174,110,11,1,0,0,0,165.0,156.0,147.0,0.12244897959183673,17.990738358018035,0.0,0.0,4.709909596217159,7,100.0,0.0,1.8995369179009018,HIGH
2023-03-18,5,3,1,77,0.0,62.75458783250639,31.44358204938485,0,0,,0.0,137,110,11,1,0,0,1,174.0,166.66666666666666,151.71428571428572,0.1468926553672316,20.328258539237662,0.0,0.0,-7.101133535267692,6,100.0,1.468926553672316,4.032825853923766,HIGH
2023-03-19,6,3,1,78,0.0,69.07316316585555,33.25631351233226,0,0,,0.0,112,110,11,1,0,0,1,137.0,158.66666666666666,147.57142857142858,-0.0716360116166506,19.881793537950966,0.0,0.0,-0.18902469992926285,5,100.0,-0.7163601161665061,3.9881793537950965,LOW
2023-03-20,0,3,0,79,0.0,71.38987106470135,38.66833894351036,0,0,,0.0,123,110,12,1,0,0,1,112.0,141.0,144.0,-0.2222222222222222,23.930454794396656,0.0,0.0,-1.8248022967578805,4,94.0,-0.0,2.0647313753366427,MEDIUM
2023-03-21,1,3,0,80,0.0,75.9323808528007,34.388836267114215,0,0,,0.0,142,110,12,1,0,0,1,123.0,124.0,144.85714285714286,-0.15088757396449706,22.886885410853065,0.0,0.0,13.177793020294317,3,82.66666666666667,-0.0,1.77265793031526,LOW
2023-03-22,2,3,0,81,0.0,68.61012994735842,34.06082291450036,0,0,,0.0,161,110,12,1,0,0,0,142.0,125.66666666666667,144.85714285714286,-0.01972386587771206,22.886885410853065,0.0,0.0,-0.46303321849713086,2,83.77777777777779,-0.0,1.7964839777657342,HIGH
2023-03-23,3,3,0,82,0.0,69.54713998001839,31.65285383522588,0,0,,0.0,168,110,12,1,0,0,0,161.0,142.0,144.85714285714286,0.11143984220907295,22.886885410853065,0.0,0.0,-1.842731084682967,1,94.66666666666667,0.0,2.029979242780379,CRITICAL
2023-03-24,4,3,0,83,0.0,80.48272082937122,30.148764686549143,0,1,Local Festival,0.0,201,110,12,1,0,0,0,168.0,157.0,145.28571428571428,0.15634218289085552,23.350333942753153,0.0,0.0,4.550339976570513,0,100.0,0.0,2.167516697137658,HIGH
2023-03-25,5,3,1,84,0.0,69.0238851389248,33.08140911590088,0,0,,0.0,162,110,12,1,0,0,1,201.0,176.66666666666666,149.14285714285714,0.3477011494252874,30.129877593669672,0.0,0.0,0.41375519156638063,30,100.0,3.4770114942528743,5.012987759366967,LOW
2023-03-26,6,3,1,85,0.0,66.44511769883779,34.60451542992081,0,0,,0.0,159,110,12,1,0,0,1,162.0,177.0,152.71428571428572,0.06080449017773615,29.931668211189884,0.0,0.0,-3.102022281180595,30,100.0,0.6080449017773615,4.993166821118988,MEDIUM
2023-03-27,0,3,0,86,0.0,76.09092424543195,33.17242148084252,0,0,,1.0,168,110,13,1,0,0,1,159.0,174.0,159.42857142857142,-0.0026881720430106766,23.950345459283852,0.0,0.0,-4.391796583939268,30,100.0,-0.0,2.1975172729641925,HIGH
2023-03-28,1,3,0,87,0.0,66.5663516905007,33.31131274991374,0,0,,0.0,162,110,13,1,0,0,1,168.0,163.0,165.85714285714286,0.012919896640826848,17.789777696086585,0.0,0.0,-2.457533448424101,30,100.0,0.0,1.8894888848043292,MEDIUM
2023-03-29,2,3,0,88,0.0,80.25845012506245,35.75729774325862,0,0,,0.0,150,110,13,1,0,0,0,162.0,163.0,168.71428571428572,-0.03979678238780699,14.648256844123706,0.0,0.0,13.813332426224662,30,100.0,-0.0,1.7324128422061853,MEDIUM
2023-03-30,3,3,0,89,0.0,60.925977091724455,33.27593152835256,1,0,,0.0,156,110,13,1,0,0,0,150.0,160.0,167.14285714285714,-0.10256410256410255,16.128944700222824,0.0,0.0,-15.164947153707494,30,100.0,-0.0,1.8064472350111411,HIGH
2023-03-31,4,3,0,90,0.0,64.96270169724897,30.49514397126365,0,0,,0.0,162,110,13,1,0,0,0,156.0,156.0,165.42857142857142,-0.05699481865284967,16.65189821869277,0.0,0.0,-1.6036499932517216,30,100.0,-0.0,1.8325949109346387,MEDIUM
2023-04-01,5,4,1,91,0.0,70.51747673435207,34.298586489936135,0,0,,0.0,139,110,13,2,0,0,1,162.0,156.0,159.85714285714286,0.01340482573726539,5.6694670951375725,0.0,0.0,-9.74097339071038,30,100.0,0.1340482573726539,2.5669467095137573,MEDIUM
2023-04-02,6,4,1,92,0.0,67.43225989111858,32.522812933507815,0,0,,0.0,136,110,13,2,0,0,1,139.0,152.33333333333334,156.57142857142858,-0.11222627737226284,9.554355775545808,0.0,0.0,6.506282799394121,30,100.0,-1.1222627737226285,2.9554355775545806,HIGH
2023-04-03,0,4,0,93,0.0,77.31372317962919,33.60520396987822,0,0,,0.0,160,110,14,2,0,0,1,136.0,145.66666666666666,153.28571428571428,-0.11276794035414721,12.175306782093301,0.0,0.0,12.351021482380219,30,97.1111111111111,-0.0,1.5622898959749745,MEDIUM
2023-04-04,1,4,0,94,0.0,72.3492259632279,35.4714250576444,0,0,,0.0,151,110,14,2,0,0,1,160.0,145.0,152.14285714285714,0.05164319248826294,10.869354035215215,0.0,0.0,1.8317492288758217,30,96.66666666666667,0.0,1.4920187783687353,MEDIUM
2023-04-05,2,4,0,95,0.0,61.87299536287552,32.263234695027585,0,0,,0.0,158,110,14,2,0,0,0,151.0,149.0,150.57142857142858,0.002846299810246598,9.96422170998351,0.0,0.0,-5.559264528243055,30,99.33333333333333,0.0,1.4882230115958475,MEDIUM
2023-04-06,3,4,0,96,0.0,66.18763926654177,35.79130302947931,0,0,,0.0,161,110,14,2,0,0,0,158.0,156.33333333333334,151.71428571428572,0.04143126177024477,10.339475900873996,0.0,0.0,-11.126083913087427,30,100.0,0.0,1.5169737950437,MEDIUM
2023-04-07,4,4,0,97,0.0,52.03119115296299,31.43894509350205,0,0,,1.0,181,110,14,2,0,0,0,161.0,156.66666666666666,152.42857142857142,0.05623242736644807,10.8452315613379,0.0,0.0,-20.318034810264905,30,100.0,0.0,1.5422615780668951,HIGH
2023-04-08,5,4,1,98,0.0,55.43143037280436,31.015994983946907,0,0,,0.0,122,110,14,2,0,0,1,181.0,166.66666666666666,155.14285714285714,0.16666666666666669,15.159469773363293,0.0,0.0,-6.441564990071164,30,100.0,1.666666666666667,3.515946977336329,HIGH
2023-04-09,6,4,1,99,0.0,63.88606364107596,33.15168118589641,0,0,,0.0,98,110,14,2,0,0,1,122.0,154.66666666666666,152.71428571428572,-0.20112254443405056,19.041308478448133,0.0,0.0,-2.3015756254658086,30,100.0,-2.0112254443405058,3.9041308478448133,LOW
2023-04-10,0,4,0,100,0.0,68.0697572397494,36.46538334383719,0,0,,0.0,114,110,15,2,0,0,1,98.0,133.66666666666666,147.28571428571428,-0.3346265761396702,27.938708427044762,0.0,0.0,16.038566086786417,30,89.11111111111111,-0.0,2.135935786582772,LOW
2023-04-11,1,4,0,101,0.0,63.70640819271013,33.62289596121406,0,0,,0.0,135,110,15,2,0,0,1,114.0,111.33333333333333,140.71428571428572,-0.18984771573604065,29.797730818046485,0.0,0.0,8.274977819905772,30,74.22222222222223,-0.0,1.8480491214697252,LOW
2023-04-12,2,4,0,102,0.0,66.72899400938428,33.00597767057565,0,0,,0.0,139,110,15,2,0,0,0,135.0,115.66666666666667,138.42857142857142,-0.024767801857585054,29.489303952773174,0.0,0.0,2.8429303683083234,30,77.11111111111111,-0.0,1.9080876079569216,LOW
2023-04-13,3,4,0,103,0.0,68.91338552813309,33.89126447000902,0,0,,0.0,150,110,15,2,0,0,0,139.0,129.33333333333334,135.71428571428572,0.02421052631578941,28.235404995113708,0.0,0.0,0.8436282883836839,30,86.22222222222223,0.0,2.079481904233791,MEDIUM
2023-04-14,4,4,0,104,0.0,65.70700871676996,36.04702921558622,0,0,,0.0,125,110,15,2,0,0,0,150.0,141.33333333333334,134.14285714285714,0.11821086261980834,26.866513056396457,0.0,0.0,2.000600524059834,30,94.22222222222223,0.0,2.2079335039902332,HIGH
2023-04-15,5,4,1,105,0.0,67.38247626817608,33.74306679287217,0,0,,0.0,136,110,15,2,0,0,1,125.0,138.0,126.14285714285714,-0.009060022650056593,17.179722266173492,0.0,0.0,0.6534822587917972,30,92.0,-0.09060022650056593,3.4205344484879614,CRITICAL
2023-04-16,6,4,1,106,0.0,66.04433142337342,33.1510863070489,0,0,,0.0,119,110,15,2,0,0,1,136.0,137.0,128.14285714285714,0.06131549609810483,17.430132638896445,0.0,0.0,-2.8690541047596696,30,91.33333333333333,0.6131549609810483,3.418618781019209,LOW
2023-04-17,0,4,0,107,0.0,65.26204249995362,34.09175588835228,0,0,,0.0,128,110,16,2,0,0,1,119.0,126.66666666666667,131.14285714285714,-0.09259259259259256,12.482368517614047,0.0,0.0,-0.44496621681633997,30,84.44444444444444,-0.0,1.3714777818548154,LOW
2023-04-18,1,4,0,108,0.0,72.8124639692242,34.97241445613004,0,0,,0.0,150,110,16,2,0,0,1,128.0,127.66666666666667,133.14285714285714,-0.038626609442060054,10.188695883650745,0.0,0.0,5.42998770104812,29,85.11111111111111,-0.0,1.2846967248264707,MEDIUM
2023-04-19,2,4,0,109,0.0,73.62680338803963,33.71284824603765,0,0,,0.0,148,110,16,2,0,0,0,150.0,132.33333333333334,135.28571428571428,0.10876451953537493,12.051476890327276,0.0,0.0,7.582471964666212,28,88.22222222222223,0.0,1.4138262583844365,LOW
2023-04-20,3,4,0,110,0.0,72.4840457299333,31.67661596316963,0,0,,0.0,138,110,16,2,0,0,0,148.0,142.0,136.57142857142858,0.08368200836820074,12.95964432198576,0.0,0.0,7.222003229979677,27,94.66666666666667,0.0,1.5600898312406595,LOW
2023-04-21,4,4,0,111,0.0,69.39230117616592,32.88979679191527,0,0,,0.0,156,110,16,2,0,0,0,138.0,145.33333333333334,134.85714285714286,0.02330508474576268,11.61075035514592,0.0,0.0,-3.4201627930582816,26,96.88888888888889,0.0,1.5313652394270691,LOW
2023-04-22,5,4,1,112,0.0,65.53244659432711,34.42731270809732,0,0,,0.0,124,110,16,2,0,0,1,156.0,147.33333333333334,139.28571428571428,0.12000000000000006,13.047532151257235,0.0,0.0,-8.094356793712521,25,98.22222222222223,1.2000000000000006,3.246002046856822,MEDIUM
2023-04-23,6,4,1,113,0.0,67.01808330272932,34.30178493317069,0,0,,0.0,103,110,16,2,0,0,1,124.0,139.33333333333334,137.57142857142858,-0.09865005192108003,14.281189759693603,0.0,0.0,-5.465962427203976,24,92.8888888888889,-0.9865005192108003,3.184341626567095,HIGH
2023-04-24,0,4,0,114,0.0,66.36403989668939,33.013888194924164,0,0,,0.0,114,110,17,2,0,0,1,103.0,127.66666666666667,135.28571428571428,-0.23864836325237587,18.427463975583443,0.0,0.0,-3.0282612794765242,23,85.11111111111111,-0.0,1.635302078072051,MEDIUM
2023-04-25,1,4,0,115,0.0,74.80020201510953,32.619423892746106,0,0,,0.0,136,110,17,2,0,0,1,114.0,113.66666666666667,133.28571428571428,-0.14469453376205782,20.039247205706758,0.0,0.0,9.267755420782422,22,75.77777777777777,-0.0,1.517042588571778,LOW
2023-04-26,2,4,0,116,0.0,68.76391641367313,33.833985217072865,0,0,,0.0,137,110,17,2,0,0,0,136.0,117.66666666666667,131.28571428571428,0.03590859630032651,18.750238093726345,0.0,0.0,1.7458331109438063,21,78.44444444444446,0.0,1.5198704496761557,MEDIUM
2023-04-27,3,4,0,117,58.94768242406134,96.87142218332258,25.70236874485472,0,0,,0.0,159,110,17,2,0,0,0,137.0,129.0,129.71428571428572,0.056167400881057206,17.537714462592522,0.0,58.94768242406134,30.507382286633188,20,86.0,0.0,1.6141217218914785,HIGH
2023-04-28,4,4,0,118,0.0,74.8592642616281,33.37193199182992,1,0,,0.0,134,110,17,2,0,0,0,159.0,144.0,132.71428571428572,0.19806243272335838,20.701966780270574,58.94768242406134,58.94768242406134,0.05906224651856462,19,96.0,0.0,1.9536944054529877,MEDIUM
2023-04-29,5,4,1,119,0.0,61.01162735164955,31.770126345462604,0,0,,1.0,133,110,17,2,0,0,1,134.0,143.33333333333334,129.57142857142858,0.03417861080485106,18.081824602411654,0.0,58.94768242406134,-7.7522890620235785,18,95.55555555555556,0.3417861080485106,3.6389299064526694,CRITICAL
2023-04-30,6,4,1,120,0.0,72.99287983783024,33.58755506081208,0,0,,1.0,153,110,17,2,0,0,1,133.0,142.0,130.85714285714286,0.016375545851528353,17.939050248257903,0.0,0.0,-23.878542345492335,17,94.66666666666667,0.16375545851528353,3.5915634235017486,HIGH
2023-05-01,0,5,0,121,0.0,66.10284307710646,32.345306024177894,0,0,,0.0,137,110,18,2,0,0,1,153.0,140.0,138.0,0.10869565217391304,14.651507317223848,0.0,0.0,-8.756421184521642,16,93.33333333333333,0.0,1.6170703414704461,HIGH
2023-05-02,1,5,0,122,0.0,73.09616728251004,32.09512456799635,0,0,,0.0,131,110,18,2,0,0,1,137.0,141.0,141.28571428571428,-0.03033367037411521,10.307186582093685,0.0,0.0,12.084539930860487,15,94.0,-0.0,1.4244377693584032,HIGH
2023-05-03,2,5,0,123,0.0,72.68844016387912,34.30843203089911,0,0,,0.0,146,110,18,2,0,0,0,131.0,140.33333333333334,140.57142857142858,-0.06808943089430902,10.891237194141194,0.0,0.0,-0.3044396739511228,14,93.55555555555556,-0.0,1.4450234287481603,MEDIUM
2023-05-04,3,5,0,124,0.0,70.76252088831944,31.465830523708625,0,0,,1.0,171,110,18,2,0,0,0,146.0,138.0,141.85714285714286,0.02920443101711981,10.930516478016365,0.0,0.0,4.659677811212987,13,92.0,0.0,1.4228037579887527,MEDIUM
2023-05-05,4,5,0,125,0.0,71.94805019073652,33.488439784238906,0,0,,0.0,155,110,18,2,0,0,0,171.0,149.33333333333334,143.57142857142858,0.19104477611940288,14.443650771845892,0.0,0.0,-1.1481170917735142,12,99.55555555555556,0.0,1.714528393976329,MEDIUM
2023-05-06,5,5,1,126,0.0,62.14918833066069,30.020575332054715,0,0,,0.0,149,110,18,2,0,0,1,155.0,157.33333333333334,146.57142857142858,0.05750487329434689,14.3045114428646,0.0,0.0,-10.53925183321843,11,100.0,0.5750487329434689,3.43045114428646,HIGH
2023-05-07,6,5,1,127,0.0,64.10870044961003,34.12285730660184,0,0,,0.0,130,110,18,2,0,0,1,149.0,158.33333333333334,148.85714285714286,0.0009596928982725254,12.992671927264245,0.0,0.0,-6.653820438709417,10,100.0,0.009596928982725255,3.2992671927264245,HIGH
2023-05-08,0,5,0,128,0.0,69.37627791791202,34.24543405702906,0,0,,0.0,134,110,19,2,0,0,1,130.0,144.66666666666666,145.57142857142858,-0.10696761530912667,14.58146246502882,0.0,0.0,-2.5717722728245036,9,96.44444444444443,-0.0,1.6675949677580562,HIGH
2023-05-09,1,5,0,129,0.0,67.36363437320087,31.974070075427637,0,0,,0.0,125,110,19,2,0,0,1,134.0,137.66666666666666,145.14285714285714,-0.07677165354330706,14.91563577177276,0.0,0.0,5.214446042540175,8,91.77777777777777,-0.0,1.6022397304157943,LOW
2023-05-10,2,5,0,130,0.0,70.08631967633062,30.687402860065088,0,0,,0.0,133,110,19,2,0,0,0,125.0,129.66666666666666,144.28571428571428,-0.13366336633663362,15.997023532668775,0.0,0.0,5.977619226720591,7,86.44444444444443,-0.0,1.5558713504675723,MEDIUM
2023-05-11,3,5,0,131,0.0,71.48069635426816,32.00772971603282,0,0,,0.0,128,110,19,2,0,0,0,133.0,130.66666666666666,142.42857142857142,-0.06619859578736201,16.511179473891143,0.0,0.0,2.1044184363561413,6,87.1111111111111,-0.0,1.590264705973925,LOW
2023-05-12,4,5,0,132,0.0,72.7468592294092,31.21761235612396,0,0,,0.0,151,110,19,2,0,0,0,128.0,128.66666666666666,136.28571428571428,-0.06079664570230602,11.279986491042076,0.0,0.0,5.383224856208329,5,85.77777777777777,-0.0,1.341563865060249,LOW
2023-05-13,5,5,1,133,0.0,69.89763516847623,33.23859059719774,0,0,,0.0,133,110,19,2,0,0,1,151.0,137.33333333333334,135.71428571428572,0.11263157894736836,10.22601723895599,0.0,0.0,-0.18868450785438995,4,91.55555555555556,1.1263157894736837,2.767359800544415,MEDIUM
2023-05-14,6,5,1,134,0.0,69.4679075264394,30.54659537845978,0,0,,0.0,132,110,19,2,0,0,1,133.0,137.33333333333334,133.42857142857142,-0.0032119914346894164,8.383657572069048,0.0,0.0,-2.012788827828757,3,91.55555555555556,-0.032119914346894166,2.598681537709433,MEDIUM
2023-05-15,0,5,0,135,0.0,80.2723879931239,32.25712779800733,0,0,,0.0,135,110,20,2,0,0,1,132.0,138.66666666666666,133.71428571428572,-0.01282051282051288,8.280786712108034,0.0,0.0,7.5255287637147035,2,92.44444444444444,-0.0,1.3072008080263269,HIGH
2023-05-16,1,5,0,136,0.0,81.82038988618257,30.437363224047733,0,0,,0.0,147,110,20,2,0,0,1,135.0,133.33333333333334,133.85714285714286,0.008537886872998902,8.295150620062316,0.0,0.0,11.92275471770634,1,88.8888888888889,0.0,1.2575622497805474,MEDIUM
2023-05-17,2,5,0,137,0.0,70.80941829908897,32.99238174025754,0,1,Local Festival,0.0,188,110,20,2,0,0,0,147.0,138.0,137.0,0.072992700729927,8.544003745317319,0.0,0.0,1.3415107726495705,0,92.0,0.0,1.3130241722845968,HIGH
2023-05-18,3,5,0,138,0.0,64.96327444891391,30.56731716626885,0,0,,0.0,182,110,20,2,0,0,0,188.0,156.66666666666666,144.85714285714286,0.29783037475345164,20.780027040634963,0.0,0.0,-15.309113544209993,30,100.0,0.0,2.039001352031748,CRITICAL
2023-05-19,4,5,0,139,0.0,73.15565690987266,28.688670059891056,0,0,,0.0,152,110,20,2,0,0,0,182.0,172.33333333333334,152.57142857142858,0.19288389513108606,23.344215149633477,0.0,0.0,-8.664732976309907,30,100.0,0.0,2.1672107574816737,MEDIUM
2023-05-20,5,5,1,140,0.0,71.33991126086033,34.1545755798915,0,0,,0.0,120,110,20,2,0,0,1,152.0,174.0,152.71428571428572,-0.00467726847521053,23.336054263123074,0.0,0.0,0.5304929617713583,30,100.0,-0.0467726847521053,4.333605426312308,CRITICAL
2023-05-21,6,5,1,141,0.0,72.124719803806,32.73156751606525,0,0,,0.0,113,110,20,2,0,0,1,120.0,151.33333333333334,150.85714285714286,-0.20454545454545456,25.5762166307461,0.0,0.0,7.161445354892095,30,100.0,-2.0454545454545454,4.55762166307461,CRITICAL
2023-05-22,0,5,0,142,0.0,62.82377792565799,33.95746171496435,0,0,,0.0,144,110,21,2,0,0,1,113.0,128.33333333333334,148.14285714285714,-0.23722275795564124,28.725299948701203,0.0,0.0,-10.331878984214669,30,85.55555555555556,-0.0,2.0843600533611073,LOW
2023-05-23,1,5,0,143,0.0,67.19670000617207,30.72048228949836,0,0,,0.0,145,110,21,2,0,0,1,144.0,125.66666666666667,149.42857142857142,-0.03632887189292535,28.23624823317911,0.0,0.0,-4.143211254688268,30,83.77777777777779,-0.0,2.020562842656503,MEDIUM
2023-05-24,2,5,0,144,0.0,59.87366735578003,33.10723156106476,0,0,,0.0,137,110,21,2,0,0,0,145.0,134.0,149.14285714285714,-0.027777777777777752,28.27500999957713,0.0,0.0,-12.251052448025973,30,89.33333333333333,-0.0,2.156283779981112,MEDIUM
2023-05-25,3,5,0,145,0.0,68.35290926059305,31.4262048685806,0,0,,0.0,159,110,21,2,0,0,0,137.0,142.0,141.85714285714286,-0.034239677744209496,22.593720155746517,0.0,0.0,5.529131334935059,30,94.66666666666667,-0.0,2.016102754038669,MEDIUM
2023-05-26,4,5,0,146,0.0,60.69844355814678,30.039863727031708,0,0,,0.0,148,110,21,2,0,0,0,159.0,147.0,138.57142857142858,0.14742268041237103,16.68189780227988,0.0,0.0,-6.498256448025288,30,98.0,0.0,1.7974129923117141,LOW
2023-05-27,5,5,1,147,0.0,68.43663525662784,31.322383775019087,0,0,,0.0,124,110,21,2,0,0,1,148.0,148.0,138.0,0.07246376811594203,16.206994374857505,0.0,0.0,8.56296790084781,30,98.66666666666667,0.7246376811594203,3.5724234449859407,MEDIUM
2023-05-28,6,5,1,148,0.0,68.71354554991649,30.868417202697994,0,0,,0.0,113,110,21,2,0,0,1,124.0,143.66666666666666,138.57142857142858,-0.10515463917525782,15.52264091423805,0.0,0.0,0.3606362893234376,30,95.77777777777777,-1.0515463917525782,3.4022796075636887,MEDIUM
2023-05-29,0,5,0,149,0.0,67.1775905689011,28.32751698389703,0,0,,0.0,107,110,22,2,0,0,1,113.0,128.33333333333334,138.57142857142858,-0.18453608247422687,15.52264091423805,0.0,0.0,6.479147010754318,30,85.55555555555556,-0.0,1.5195796391090723,LOW
2023-05-30,1,5,0,150,0.0,69.0369962723397,31.42530849189779,0,0,,1.0,154,110,22,2,0,0,1,107.0,114.66666666666667,133.28571428571428,-0.19721329046087885,19.224240650060146,0.0,0.0,0.6003610157118686,30,76.44444444444444,-0.0,1.4992376426245213,LOW
2023-05-31,2,5,0,151,0.0,74.10963332502028,32.89236845045654,0,0,,0.0,157,110,22,2,0,0,0,154.0,124.66666666666667,134.57142857142858,0.1443736730360933,20.403080999832124,0.0,0.0,5.396087775103794,30,83.11111111111111,0.0,1.678972477104135,HIGH
2023-06-01,3,6,0,152,0.0,96.483496724902,29.38347926239405,0,0,,0.0,144,110,22,2,0,1,0,157.0,139.33333333333334,137.42857142857142,0.1424116424116425,22.127337110891666,0.0,0.0,29.3059061560009,30,92.8888888888889,0.0,1.9565807680391907,MEDIUM
2023-06-02,4,6,0,153,0.0,99.87100668604988,32.75825781764291,0,0,,0.0,141,110,22,2,0,1,0,144.0,151.66666666666666,135.28571428571428,0.06441393875395994,20.34464946625422,0.0,0.0,30.834010413710175,30,100.0,0.0,2.017232473312711,MEDIUM
2023-06-03,5,6,1,154,0.0,100.0,32.98880880203413,0,0,,0.0,122,110,22,2,0,1,1,141.0,147.33333333333334,134.28571428571428,0.050000000000000065,19.77973951390896,0.0,0.0,25.890366674979717,30,98.22222222222223,0.5000000000000007,3.907254414477281,MEDIUM
2023-06-04,6,6,1,155,0.0,94.89808376368924,29.875891810648863,0,0,,0.0,106,110,22,2,0,1,1,122.0,135.66666666666666,134.0,-0.08955223880597014,19.966638842495822,0.0,0.0,-1.5854129612127537,30,90.44444444444444,-0.8955223880597014,3.614760446421289,CRITICAL
2023-06-05,0,6,0,156,35.17643631656464,100.0,28.001688042816177,0,0,,0.0,113,110,23,2,0,1,1,106.0,123.0,133.0,-0.20300751879699247,21.32291412229255,0.0,35.17643631656464,0.1289933139501187,30,82.0,-0.0,1.6942394790139943,LOW
2023-06-06,1,6,0,157,2.19918826842418,92.44522861538424,32.07159106097807,0,0,,0.0,131,110,23,2,0,1,1,113.0,113.66666666666667,133.85714285714286,-0.15581643543223056,20.194294337993593,35.17643631656464,37.37562458498882,-7.554771384615762,30,75.77777777777777,-0.0,1.522917152139535,LOW
2023-06-07,2,6,0,158,0.0,97.14201155085406,31.12309317777205,0,0,,0.0,128,110,23,2,0,1,0,131.0,116.66666666666667,130.57142857142858,0.0032822757111596436,18.13704443817618,2.19918826842418,37.37562458498882,2.2439277871648216,30,77.77777777777779,0.0,1.4831072837068515,MEDIUM
2023-06-08,3,6,0,159,0.0,96.99482982995708,31.96961984457854,0,0,,1.0,160,110,23,2,0,1,0,128.0,124.0,126.42857142857143,0.01242937853107343,13.91470616358981,0.0,2.19918826842418,-3.0051701700429163,30,82.66666666666667,0.0,1.401807854761712,MEDIUM
2023-06-09,4,6,0,160,0.0,90.88205376921564,29.805218277674896,0,0,,0.0,151,110,23,2,0,1,0,160.0,139.66666666666666,128.71428571428572,0.2430632630410654,17.99735430291793,0.0,0.0,-1.563174846168593,30,93.1111111111111,0.0,1.7689879392136234,HIGH
2023-06-10,5,6,1,161,0.0,98.14541505547376,30.4132476442772,0,0,,0.0,141,110,23,2,0,1,1,151.0,146.33333333333334,130.14285714285714,0.16026344676180027,19.471591027516315,0.0,0.0,1.0034035046196976,29,97.55555555555556,1.6026344676180027,3.8506729913510362,MEDIUM
2023-06-11,6,6,1,162,0.0,93.10673550857048,30.732570386598724,0,0,,0.0,113,110,23,2,0,1,1,141.0,150.66666666666666,132.85714285714286,0.06129032258064513,19.471591027516315,0.0,0.0,-3.8880943213866033,28,100.0,0.6129032258064513,3.9471591027516313,MEDIUM
2023-06-12,0,6,0,163,3.4493804928103966,100.0,27.892284682350574,0,0,,0.0,124,110,24,2,0,1,1,113.0,135.0,133.85714285714286,-0.15581643543223056,17.985443849852224,0.0,3.4493804928103966,9.117946230784355,27,90.0,-0.0,1.70934497324335,LOW
2023-06-13,1,6,0,164,6.362089736922078,100.0,30.362039711738785,0,0,,0.0,127,110,24,2,0,1,1,124.0,126.0,135.42857142857142,-0.08438818565400835,16.25686668105853,3.4493804928103966,9.811470229732475,1.8545849445262377,26,84.0,-0.0,1.522788400604458,LOW
2023-06-14,2,6,0,165,0.0,97.76658264654668,28.77005707441455,0,0,,0.0,129,110,24,2,0,1,0,127.0,121.33333333333333,134.85714285714286,-0.058262711864406805,16.506852833783526,6.362089736922078,9.811470229732475,4.6598471379762,25,80.88888888888889,-0.0,1.476499381277467,LOW
2023-06-15,3,6,0,166,4.6261836016395215,97.78891296368666,28.099996775981342,0,0,,0.0,129,110,24,2,0,1,0,129.0,126.66666666666667,135.0,-0.044444444444444446,16.441816606851265,0.0,10.9882733385616,-2.2110870363133444,24,84.44444444444444,-0.0,1.5386544789559424,MEDIUM
2023-06-16,4,6,0,167,1.928343202400288,93.35150984777486,28.83819390753007,0,0,,0.0,133,110,24,2,0,1,0,129.0,128.33333333333334,130.57142857142858,-0.01203501094091913,12.218253323847522,4.6261836016395215,6.55452680403981,-6.648490152225136,23,85.55555555555556,-0.0,1.3782252810756996,MEDIUM
2023-06-17,5,6,1,168,0.0,100.0,29.28800623036227,0,0,,0.0,132,110,24,2,0,1,1,133.0,130.33333333333334,128.0,0.0390625,8.544003745317346,1.928343202400288,6.55452680403981,2.2334173534533193,22,86.8888888888889,0.390625,2.4801567698709075,LOW
2023-06-18,6,6,1,169,40.16235609565299,100.0,25.45626260768909,0,0,,0.0,114,110,24,2,0,1,1,132.0,131.33333333333334,126.71428571428571,0.041713641488162395,6.750661343263004,0.0,42.09069929805328,2.2110870363133444,21,87.55555555555557,0.41713641488162395,2.342169015387917,LOW
2023-06-19,0,6,0,170,0.0,100.0,28.13705899339565,0,0,,0.0,110,110,25,2,0,1,1,114.0,126.33333333333333,126.85714285714286,-0.10135135135135138,6.414269805897944,40.16235609565299,40.16235609565299,6.648490152225136,20,84.22222222222221,-0.0,1.1123342507150353,LOW
2023-06-20,1,6,0,171,0.0,97.34749426194736,28.119637088000864,0,0,,0.0,117,110,25,2,0,1,1,110.0,118.66666666666667,124.85714285714286,-0.11899313501144168,9.081640296564691,0.0,40.16235609565299,-2.652505738052639,19,79.11111111111111,-0.0,1.1503404383974478,LOW
2023-06-21,2,6,0,172,0.0,100.0,28.432746531702023,0,0,,0.0,126,110,25,2,0,1,0,117.0,113.66666666666667,123.42857142857143,-0.05208333333333335,9.466733735510095,0.0,0.0,0.0,18,75.77777777777777,-0.0,1.1164618004232156,LOW
2023-06-22,3,6,0,173,0.0,100.0,28.44048100535802,0,0,,0.0,110,110,25,2,0,1,0,126.0,117.66666666666667,123.0,0.024390243902439025,9.237604307033868,0.0,0.0,0.0,17,78.44444444444446,0.0,1.1467638133758842,LOW
2023-06-23,4,6,0,174,7.273415547059931,100.0,28.468529661708686,0,0,,0.0,119,110,25,2,0,1,0,110.0,117.66666666666667,120.28571428571429,-0.08551068883610456,9.945087325144991,0.0,7.273415547059931,2.652505738052639,16,78.44444444444446,-0.0,1.174512869530687,LOW
2023-06-24,5,6,1,175,0.0,95.13865726137963,28.76296456498921,0,0,,0.0,105,110,25,2,0,1,1,119.0,118.33333333333333,118.28571428571429,0.006038647342995117,8.2201842176089,7.273415547059931,7.273415547059931,-4.861342738620365,15,78.88888888888889,0.06038647342995117,2.2262589771669243,LOW
2023-06-25,6,6,1,176,0.0,90.99549985098808,28.863490489409312,0,0,,0.0,80,110,25,2,0,1,1,105.0,111.33333333333333,114.42857142857143,-0.08239700374531837,6.948792289722912,0.0,7.273415547059931,-9.004500149011918,14,74.22222222222223,-0.8239700374531838,2.000199249948323,LOW
2023-06-26,0,6,0,177,0.0,97.26457435739556,28.400997433025687,0,0,,0.0,112,110,26,2,0,1,1,80.0,101.33333333333333,109.57142857142857,-0.26988265971316816,14.774495398683271,0.0,0.0,-2.73542564260444,13,67.55555555555556,-0.0,1.1746051779110793,LOW
2023-06-27,1,6,0,178,0.0,96.22005045026648,26.764610390745723,0,0,,0.0,120,110,26,2,0,1,1,112.0,99.0,109.85714285714286,0.01950585175552662,14.803474495632976,0.0,0.0,1.0813931888868495,12,66.0,0.0,1.1485146583558883,LOW
2023-06-28,2,6,0,179,0.0,100.0,29.666912570385584,0,0,,0.0,134,110,26,2,0,1,0,120.0,104.0,110.28571428571429,0.08808290155440408,15.085470777255425,0.0,0.0,9.004500149011918,11,69.33333333333334,0.0,1.2162963202781882,MEDIUM
2023-06-29,3,6,0,180,0.0,99.96013679341692,30.43502737335769,0,0,,0.0,136,110,26,2,0,1,0,134.0,122.0,111.42857142857143,0.20256410256410254,16.69188568194278,0.0,0.0,2.695562436021362,10,81.33333333333333,0.0,1.4921366843990063,MEDIUM
2023-06-30,4,6,0,181,19.256459082370565,100.0,27.0118113584256,0,0,,0.0,135,110,26,2,0,1,0,136.0,130.0,115.14285714285714,0.18114143920595538,19.047559523716476,0.0,19.256459082370565,3.779949549733516,9,86.66666666666667,0.0,1.6920609126943806,MEDIUM
2023-07-01,5,7,1,182,0.0,98.05965405101291,27.04043203198854,0,0,,0.0,109,110,26,3,0,1,1,135.0,135.0,117.42857142857143,0.14963503649635035,20.49273971318572,19.256459082370565,19.256459082370565,-1.940345948987087,8,90.0,1.4963503649635035,3.6443465741867147,LOW
2023-07-02,6,7,1,183,0.0,100.0,30.821089976261757,0,0,,0.0,109,110,26,3,0,1,1,109.0,126.66666666666667,118.0,-0.07627118644067797,20.14116845336101,0.0,19.256459082370565,0.03986320658307818,7,84.44444444444444,-0.7627118644067797,3.38969866939493,MEDIUM
2023-07-03,0,7,0,184,0.0,100.0,28.06195601667007,0,0,,0.0,99,110,27,3,0,1,1,109.0,117.66666666666667,122.14285714285714,-0.10760233918128652,12.588732679511004,0.0,0.0,0.0,6,78.44444444444446,-0.0,1.2782025150963763,MEDIUM
2023-07-04,1,7,0,185,0.0,96.74678715439086,27.054200759330303,0,0,,0.0,102,110,27,3,0,1,1,99.0,105.66666666666667,120.28571428571429,-0.1769596199524941,15.052289811567759,0.0,0.0,-1.3128668966220545,5,70.44444444444444,-0.0,1.2346195411407754,LOW
2023-07-05,2,7,0,186,0.0,95.20643857578447,26.88117981417327,0,0,,0.0,112,110,27,3,0,1,0,102.0,103.33333333333333,117.71428571428571,-0.13349514563106793,16.570196998570257,0.0,0.0,-4.793561424215525,4,68.88888888888889,-0.0,1.2596401188396422,LOW
2023-07-06,3,7,0,187,0.0,99.28389585488104,26.366642429216125,0,0,,0.0,114,110,27,3,0,1,0,112.0,104.33333333333333,114.57142857142857,-0.022443890274314197,14.976171549688951,0.0,0.0,-0.7161041451189618,3,69.55555555555554,-0.0,1.2163935216725157,MEDIUM
2023-07-07,4,7,0,188,0.0,100.0,27.399953002170257,0,0,,0.0,102,110,27,3,0,1,0,114.0,109.33333333333333,111.42857142857143,0.023076923076923057,11.67414726160815,0.0,0.0,3.2532128456091414,2,72.88888888888889,0.0,1.1543467002008303,LOW
2023-07-08,5,7,1,189,0.0,97.11614334715834,28.57479180313016,0,0,,0.0,97,110,27,3,0,1,1,102.0,109.33333333333333,106.71428571428571,-0.04417670682730918,5.707138387267972,0.0,0.0,1.9097047713738675,1,72.88888888888889,-0.4417670682730918,1.873764753560865,LOW
2023-07-09,6,7,1,190,0.0,100.0,27.6675143404758,0,1,Local Festival,0.0,129,110,27,3,0,1,1,97.0,104.33333333333333,105.0,-0.0761904761904762,6.6332495807107374,0.0,0.0,0.7161041451189618,0,69.55555555555554,-0.761904761904762,1.8524904708361023,LOW
2023-07-10,0,7,0,191,0.0,91.65297359439316,28.08604430397053,0,0,,0.0,124,110,28,3,0,1,1,129.0,109.33333333333333,107.85714285714286,0.19602649006622513,11.305287427107855,0.0,0.0,-8.34702640560684,1,72.88888888888889,0.0,1.1409038084545973,LOW
2023-07-11,1,7,0,192,0.0,95.50780970253076,25.682894849864315,0,1,Local Festival,0.0,148,110,28,3,0,1,1,124.0,116.66666666666667,111.42857142857143,0.1128205128205128,11.970201096293804,0.0,0.0,-1.608333644627578,0,77.77777777777779,0.0,1.2432855981892037,HIGH
2023-07-12,2,7,0,193,0.0,90.96384975109034,27.17329449136426,0,0,,0.0,125,110,28,3,0,1,0,148.0,133.66666666666666,118.0,0.2542372881355932,17.349351572897447,0.0,0.0,-9.036150248909664,30,89.11111111111111,0.0,1.6641211089702086,HIGH
2023-07-13,3,7,0,194,0.0,90.5713172843681,28.213240022900077,0,0,,1.0,145,110,28,3,0,1,0,125.0,132.33333333333334,119.85714285714286,0.042908224076281254,17.295746793441914,0.0,0.0,-1.0816563100250534,30,88.22222222222223,0.0,1.6451568307773823,HIGH
2023-07-14,4,7,0,195,0.0,97.78386446363704,25.115871123157337,0,0,,0.0,124,110,28,3,0,1,0,145.0,139.33333333333334,124.28571428571429,0.1666666666666666,19.388263509266654,0.0,0.0,2.2760547611062805,30,92.8888888888889,0.0,1.8293660163192735,MEDIUM
2023-07-15,5,7,1,196,0.0,98.81401586769216,26.237281442394043,0,0,,0.0,109,110,28,3,0,1,1,124.0,131.33333333333334,127.42857142857143,-0.02690582959641257,16.78150909838107,0.0,0.0,7.850166116601827,30,87.55555555555557,-0.2690582959641257,3.2204254632804763,LOW
2023-07-16,6,7,1,197,0.0,100.0,25.8995512933106,0,0,,0.0,66,110,28,3,0,1,1,109.0,126.0,129.14285714285714,-0.1559734513274336,13.43414271459811,0.0,0.0,9.428682715631894,30,84.0,-1.5597345132743359,2.808467988026241,MEDIUM
2023-07-17,0,7,0,198,0.0,100.0,27.83912976031197,0,0,,0.0,77,110,29,3,0,1,1,66.0,99.66666666666667,120.14285714285714,-0.450653983353151,27.39482050454409,0.0,0.0,2.2161355363629553,30,66.44444444444446,-0.0,1.5745612589842986,MEDIUM
2023-07-18,1,7,0,199,0.0,87.64177749936356,25.403503740798204,0,0,,0.0,99,110,29,3,0,1,1,77.0,84.0,113.42857142857143,-0.3211586901763224,31.711497088895793,0.0,0.0,-11.172238368328607,30,56.00000000000001,-0.0,1.4479219184890824,MEDIUM
2023-07-19,2,7,0,200,0.0,98.3770019218246,26.650526782351022,0,0,,0.0,107,110,29,3,0,1,0,99.0,80.66666666666667,106.42857142857143,-0.06979865771812083,27.99914964695142,0.0,0.0,-1.6229980781753994,30,53.77777777777778,-0.0,1.290643801618027,MEDIUM
2023-07-20,3,7,0,201,0.0,100.0,26.20094894223275,0,0,,0.0,111,110,29,3,0,1,0,107.0,94.33333333333333,103.85714285714286,0.030261348005502023,26.810623338697713,0.0,0.0,0.0,30,62.888888888888886,0.0,1.4719340449834948,LOW
2023-07-21,4,7,0,202,0.0,99.400745403172,26.52355177919682,0,0,,0.0,102,110,29,3,0,1,0,111.0,105.66666666666667,99.0,0.12121212121212122,20.436894741292413,0.0,0.0,11.75896790380844,30,70.44444444444444,0.0,1.4242772925544105,LOW
2023-07-22,5,7,1,203,0.0,97.44211796027191,25.623101154916903,0,0,,1.0,112,110,29,3,0,1,1,102.0,106.66666666666667,95.85714285714286,0.06408345752608043,17.420568029665088,0.0,0.0,-0.9348839615526856,30,71.11111111111111,0.6408345752608042,2.6610181709984064,LOW
2023-07-23,6,7,1,204,0.0,100.0,27.74381273697206,0,0,,0.0,93,110,29,3,0,1,1,112.0,108.33333333333333,96.28571428571429,0.16320474777448063,17.82988395657024,0.0,0.0,0.0,30,72.22222222222221,1.6320474777448064,2.732158285752295,MEDIUM
2023-07-24,0,7,0,205,0.0,100.0,25.622424875728417,0,0,,0.0,120,110,30,3,0,1,1,93.0,102.33333333333333,100.14285714285714,-0.07132667617689012,12.226045578035011,0.0,0.0,0.5992545968280041,30,68.22222222222221,-0.0,1.0992662213840831,LOW
2023-07-25,1,7,0,206,0.0,98.74938699462744,27.98362726646112,0,0,,0.0,114,110,30,3,0,1,1,120.0,108.33333333333333,106.28571428571429,0.12903225806451607,9.050124966251065,0.0,0.0,1.307269034355528,29,72.22222222222221,0.0,1.049032290447955,LOW
2023-07-26,2,7,0,207,0.0,90.39591779379622,25.425949979859933,0,0,,0.0,107,110,30,3,0,1,0,114.0,109.0,108.42857142857143,0.05138339920948615,8.810167286666386,0.0,0.0,-9.604082206203785,28,72.66666666666667,0.0,1.0467694114155455,LOW
2023-07-27,3,7,0,208,0.0,90.1779238750416,25.899078428118127,0,0,,0.0,142,110,30,3,0,1,0,107.0,113.66666666666667,108.42857142857143,-0.013175230566534933,8.810167286666386,0.0,0.0,-9.8220761249584,27,75.77777777777777,-0.0,1.091585227194804,LOW
2023-07-28,4,7,0,209,0.0,100.0,22.480703114735697,0,0,,0.0,124,110,30,3,0,1,0,142.0,121.0,112.85714285714286,0.25822784810126576,15.539504190166086,0.0,0.0,1.250613005372557,26,80.66666666666666,0.0,1.4334266690033652,LOW
2023-07-29,5,7,1,210,0.0,95.57592029041008,26.150878424294152,0,0,,0.0,77,110,30,3,0,1,1,124.0,124.33333333333333,116.0,0.06896551724137931,15.198684153570627,0.0,0.0,5.1800024966138665,25,82.88888888888889,0.6896551724137931,2.9175798198404097,LOW
2023-07-30,6,7,1,211,0.0,91.72225282918282,27.359833526441072,0,0,,0.0,60,110,30,3,0,1,1,77.0,114.33333333333333,111.0,-0.3063063063063063,21.275964529643904,0.0,0.0,1.5443289541412213,24,76.22222222222223,-3.063063063063063,3.1461457408150797,LOW
2023-07-31,0,7,0,212,0.0,100.0,27.439627047304132,0,0,,0.0,83,110,31,3,0,1,1,60.0,87.0,106.28571428571429,-0.435483870967742,28.394332097059337,0.0,0.0,0.0,23,57.99999999999999,-0.0,1.4034356308147207,LOW
2023-08-01,1,8,0,213,0.0,100.0,25.86612181222163,0,0,,0.0,93,110,31,3,0,1,1,83.0,73.33333333333333,101.0,-0.1782178217821782,28.855964143772177,0.0,0.0,4.424079709589918,22,48.888888888888886,-0.0,1.1942569012922086,LOW
2023-08-02,2,8,0,214,0.0,94.54304781353264,24.194185886029395,0,0,,0.0,128,110,31,3,0,1,0,93.0,78.66666666666667,98.0,-0.05102040816326531,28.366647081857693,0.0,0.0,2.820794984349817,21,52.44444444444445,-0.0,1.2682809679242686,LOW
2023-08-03,3,8,0,215,0.0,99.26644074880348,24.62986358904266,0,0,,0.0,115,110,31,3,0,1,0,128.0,101.33333333333333,101.0,0.26732673267326734,30.50682983639345,0.0,0.0,-0.7335592511965245,20,67.55555555555556,0.0,1.7060084744737345,MEDIUM
2023-08-04,4,8,0,216,0.0,98.11565448089593,26.51750583417465,0,0,,1.0,127,110,31,3,0,1,0,115.0,112.0,97.14285714285714,0.18382352941176475,25.803285135996205,0.0,0.0,-1.8843455191040732,19,74.66666666666667,0.0,1.7099893117438583,LOW
2023-08-05,5,8,1,217,0.0,98.27375621971234,23.733908114275657,0,0,,0.0,86,110,31,3,0,1,1,127.0,123.33333333333333,97.57142857142857,0.30161054172767204,26.342975931970553,0.0,0.0,3.7307084061797013,18,82.22222222222221,3.0161054172767203,3.8104224655175787,MEDIUM
2023-08-06,6,8,1,218,0.0,97.5177115316951,24.30217000045787,0,0,,0.0,66,110,31,3,0,1,1,86.0,109.33333333333333,98.85714285714286,-0.13005780346820814,25.37340189666184,0.0,0.0,-1.7487292171083766,17,72.88888888888889,-1.3005780346820814,3.3072168493566845,MEDIUM
2023-08-07,0,8,0,219,0.0,100.0,27.09453052674506,0,0,,0.0,88,110,32,3,0,1,1,66.0,93.0,99.71428571428571,-0.3381088825214899,23.900587759260105,0.0,0.0,1.8843455191040732,16,62.0,-0.0,1.3609182205370631,LOW
2023-08-08,1,8,0,220,0.0,91.8389096028574,25.413326165252684,0,0,,0.0,110,110,32,3,0,1,1,88.0,80.0,100.42857142857143,-0.12375533428165009,23.38701308317032,0.0,0.0,-6.434846616854941,15,53.333333333333336,-0.0,1.1569870155512085,MEDIUM
2023-08-09,2,8,0,221,0.0,89.47418067605008,27.167643467417136,0,0,,0.0,103,110,32,3,0,1,0,110.0,88.0,102.85714285714286,0.0694444444444444,23.369699551831125,0.0,0.0,-8.043530855645017,14,58.666666666666664,0.0,1.2721778535203798,LOW
2023-08-10,3,8,0,222,0.0,98.79749034423718,28.821543302118656,0,0,,0.0,112,110,32,3,0,1,0,103.0,100.33333333333333,99.28571428571429,0.03741007194244598,20.637460161191367,0.0,0.0,-1.2025096557628245,13,66.88888888888889,0.0,1.359097278724289,LOW
2023-08-11,4,8,0,223,0.0,100.0,25.878376369665222,0,0,,0.0,108,110,32,3,0,1,0,112.0,108.33333333333333,98.85714285714286,0.13294797687861268,20.28487590487527,0.0,0.0,8.161090397142601,12,72.22222222222221,0.0,1.4547316298982735,LOW
2023-08-12,5,8,1,224,0.0,100.0,25.387393211924785,0,0,,0.0,75,110,32,3,0,1,1,108.0,107.66666666666667,96.14285714285714,0.12332838038632991,16.876300655342774,0.0,0.0,10.525819323949918,11,71.77777777777779,1.2332838038632992,2.646898913705715,LOW
2023-08-13,6,8,1,225,0.0,100.0,26.6778107481648,0,0,,0.0,75,110,32,3,0,1,1,75.0,98.33333333333333,94.57142857142857,-0.20694864048338366,18.419709940325163,0.0,0.0,1.2025096557628245,10,65.55555555555556,-2.0694864048338366,2.518625429421316,LOW
2023-08-14,0,8,0,226,0.0,100.0,24.746276116484463,0,0,,0.0,87,110,33,3,0,1,1,75.0,86.0,95.85714285714286,-0.2175856929955291,16.283207827171413,0.0,0.0,0.0,9,57.333333333333336,-0.0,1.040118624378914,LOW
2023-08-15,1,8,0,227,0.0,95.0519758987071,24.344913485415645,0,0,,0.0,90,110,33,3,0,1,1,87.0,79.0,95.71428571428571,-0.09104477611940293,16.367796488982904,0.0,0.0,-4.948024101292901,8,52.666666666666664,-0.0,0.9576853075432163,HIGH
2023-08-16,2,8,0,228,0.0,100.0,25.2580109501258,0,0,,0.0,109,110,33,3,0,1,0,90.0,84.0,92.85714285714286,-0.030769230769230813,15.15946977336355,0.0,0.0,0.0,7,56.00000000000001,-0.0,0.9844651536541795,LOW
2023-08-17,3,8,0,229,0.0,99.20996050710504,23.77129382669906,0,0,,0.0,117,110,33,3,0,1,0,109.0,95.33333333333333,93.71428571428571,0.16310975609756106,15.976172734359581,0.0,0.0,-0.7900394928949623,6,63.55555555555556,0.0,1.1432428224474267,MEDIUM
2023-08-18,4,8,0,230,0.0,100.0,20.871106168600367,0,0,,0.0,115,110,33,3,0,1,0,117.0,105.33333333333333,94.42857142857143,0.23903177004538576,17.008401285415204,0.0,0.0,4.948024101292901,5,70.22222222222221,0.0,1.2994060895768005,MEDIUM
2023-08-19,5,8,1,231,0.0,93.55019550129472,22.3512717876616,0,0,,0.0,82,110,33,3,0,1,1,115.0,113.66666666666667,95.42857142857143,0.20508982035928142,18.10945556753102,0.0,0.0,-6.4498044987052765,4,75.77777777777777,2.0508982035928143,2.887849855228461,MEDIUM
2023-08-20,6,8,1,232,0.0,91.19621401210593,23.84556311500223,0,0,,0.0,78,110,33,3,0,1,1,82.0,104.66666666666667,96.42857142857143,-0.14962962962962964,16.949504838953658,0.0,0.0,-8.013746494999111,3,69.77777777777779,-1.4962962962962965,2.5782543376514333,LOW
2023-08-21,0,8,0,233,0.0,97.01052748199146,23.77147158142578,0,0,,0.0,95,110,34,3,0,1,1,78.0,91.66666666666667,96.85714285714286,-0.1946902654867257,16.34450541138692,0.0,0.0,-2.98947251800854,2,61.111111111111114,-0.0,1.1105265542368226,LOW
2023-08-22,1,8,0,234,0.0,100.0,23.88975895311812,0,0,,0.0,93,110,34,3,0,1,1,95.0,85.0,98.0,-0.030612244897959183,15.81138830084187,0.0,0.0,6.4498044987052765,1,56.666666666666664,-0.0,1.0146560018571862,LOW
2023-08-23,2,8,0,235,0.0,100.0,25.761598268928065,0,1,Local Festival,0.0,126,110,34,3,0,1,0,93.0,88.66666666666667,98.42857142857143,-0.055152394775036306,15.597618865894672,0.0,0.0,8.803785987894074,0,59.111111111111114,-0.0,1.0521074020364425,LOW
2023-08-24,3,8,0,236,27.231704925899724,100.0,19.63612632538445,0,0,,0.0,119,110,34,3,0,1,0,126.0,104.66666666666667,100.85714285714286,0.24929178470254953,18.560069786404075,0.0,27.231704925899724,2.98947251800854,30,69.77777777777779,0.0,1.3453179903256534,MEDIUM
2023-08-25,4,8,0,237,86.52122422726138,100.0,15.40430549669087,0,0,,0.0,134,110,34,3,0,1,0,119.0,112.66666666666667,101.14285714285714,0.17655367231638422,18.862913979804993,27.231704925899724,113.7529291531611,0.0,30,75.11111111111111,0.0,1.459518325019343,LOW
2023-08-26,5,8,1,238,20.792043828239983,100.0,21.621564742060507,0,0,,0.0,108,110,34,3,0,1,1,134.0,126.33333333333333,103.85714285714286,0.29023383768913336,22.25180570521988,86.52122422726138,134.5449729814011,0.0,30,84.22222222222221,2.9023383768913336,3.558540969395185,LOW
2023-08-27,6,8,1,239,3.173556447132238,100.0,22.73573620496658,0,0,,0.0,75,110,34,3,0,1,1,108.0,120.33333333333333,107.57142857142857,0.003984063745019939,20.057061456896246,20.792043828239983,110.48682450263361,0.0,30,80.22222222222221,0.03984063745019939,3.2134664857643433,MEDIUM
2023-08-28,0,8,0,240,0.0,100.0,19.83134556733276,0,0,,1.0,123,110,35,3,0,1,1,75.0,105.66666666666667,107.14285714285714,-0.3,20.812084401684896,3.173556447132238,23.96560027537222,0.0,30,70.44444444444444,-0.0,1.4374923061482345,LOW
2023-08-29,1,8,0,241,0.0,100.0,20.66366936462246,0,0,,0.0,131,110,35,3,0,1,1,123.0,102.0,111.14285714285714,0.1066838046272494,20.780027040635012,0.0,3.173556447132238,0.0,30,68.0,0.0,1.3865209193815906,MEDIUM
2023-08-30,2,8,0,242,0.0,100.0,23.34615724869232,0,0,,1.0,129,110,35,3,0,1,0,131.0,109.66666666666667,116.57142857142857,0.12377450980392159,20.206081121427587,0.0,0.0,0.0,30,73.11111111111111,0.0,1.4697556321055196,CRITICAL
2023-08-31,3,8,0,243,0.0,92.9624415264109,22.51756432836413,0,0,,0.0,113,110,35,3,0,1,0,129.0,127.66666666666667,117.0,0.10256410256410256,20.46948949045867,0.0,0.0,-7.037558473589101,30,85.11111111111111,0.0,1.7222016083161857,HIGH
2023-09-01,4,9,0,244,0.0,96.78303344911716,23.53708367208388,0,0,,0.0,130,110,35,3,0,1,0,113.0,124.33333333333333,116.14285714285714,-0.027060270602705994,20.497386592999003,0.0,0.0,-3.2169665508828444,30,82.88888888888889,-0.0,1.6783916887987365,LOW
2023-09-02,5,9,1,245,0.0,100.0,25.50727162262356,0,0,,0.0,81,110,35,3,0,1,1,130.0,124.0,115.57142857142857,0.12484548825710756,19.96544634159341,0.0,0.0,0.0,30,82.66666666666667,1.2484548825710755,3.3038102309050554,LOW
2023-09-03,6,9,1,246,6.274824346667625,100.0,21.238653295359928,0,0,,0.0,72,110,35,3,0,1,1,81.0,108.0,111.71428571428571,-0.2749360613810741,23.893613412474064,0.0,6.274824346667625,7.037558473589101,30,72.0,-2.749360613810741,3.1603401656981327,MEDIUM
2023-09-04,0,9,0,247,1.6490408790205922,98.20191910811144,24.08996130026528,0,0,,0.0,91,110,36,3,0,1,1,72.0,94.33333333333333,111.28571428571429,-0.3530166880616175,24.675995661872705,6.274824346667625,7.923865225688218,1.4188856589942844,30,62.888888888888886,-0.0,1.404811863589997,LOW
2023-09-05,1,9,0,248,0.0,97.88697618222837,23.13939691104619,0,0,,0.0,95,110,36,3,0,1,1,91.0,81.33333333333333,106.71428571428571,-0.14725568942436407,25.104543318652386,1.6490408790205922,7.923865225688218,-2.1130238177716336,30,54.222222222222214,-0.0,1.222834285527909,HIGH
2023-09-06,2,9,0,249,0.0,100.0,24.11337181675798,0,0,,0.0,81,110,36,3,0,1,0,95.0,86.0,101.57142857142857,-0.06469760900140645,22.890006137010545,0.0,1.6490408790205922,0.0,30,57.333333333333336,-0.0,1.2295135092609688,HIGH
2023-09-07,3,9,0,250,0.0,100.0,21.901447823243643,0,0,,0.0,82,110,36,3,0,1,0,81.0,89.0,94.71428571428571,-0.1447963800904977,20.352839979671025,0.0,0.0,1.79808089188856,30,59.333333333333336,-0.0,1.1971342527302404,MEDIUM
2023-09-08,4,9,0,251,0.0,100.0,22.914226730063547,0,0,,0.0,80,110,36,3,0,1,0,82.0,86.0,90.28571428571429,-0.09177215189873424,19.04130847844835,0.0,0.0,2.1130238177716336,30,57.333333333333336,-0.0,1.1191841763821861,LOW
2023-09-09,5,9,1,252,2.2346784907612283,100.0,21.246242131156027,0,0,,1.0,102,110,36,3,0,1,1,80.0,81.0,83.14285714285714,-0.037800687285223324,7.603257447273826,0.0,2.2346784907612283,0.0,30,54.0,-0.3780068728522332,1.490575902152787,LOW
2023-09-10,6,9,1,253,0.0,93.79249384525438,22.091135154940574,0,0,,0.0,64,110,36,3,0,1,1,102.0,88.0,86.14285714285714,0.1840796019900498,10.286375640113706,2.2346784907612283,2.2346784907612283,-6.207506154745616,30,58.666666666666664,1.840796019900498,1.7768007042200042,MEDIUM
2023-09-11,0,9,0,254,0.0,90.97535290143136,24.19520921006636,0,0,,1.0,114,110,37,3,0,1,1,64.0,82.0,85.0,-0.24705882352941178,12.355835328567132,0.0,2.2346784907612283,-9.024647098568636,30,54.666666666666664,-0.0,0.8843928323141682,MEDIUM
2023-09-12,1,9,0,255,0.0,100.0,20.00337556937785,0,0,,0.0,120,110,37,3,0,1,1,114.0,93.33333333333333,88.28571428571429,0.29126213592233,16.560135725231717,0.0,0.0,0.0,30,62.22222222222222,0.0,1.1374264447849867,LOW
2023-09-13,2,9,0,256,0.0,100.0,23.086525349042184,0,0,,0.0,116,110,37,3,0,1,0,120.0,99.33333333333333,91.85714285714286,0.3063763608087091,20.4811179010373,0.0,0.0,6.207506154745616,30,66.22222222222221,0.0,1.340374792723235,MEDIUM
2023-09-14,3,9,0,257,0.0,100.0,23.15997353910866,0,0,,0.0,104,110,37,3,0,1,0,116.0,116.66666666666667,96.85714285714286,0.19764011799410025,21.628904822240155,0.0,0.0,9.024647098568636,30,77.77777777777779,0.0,1.6189018541982285,MEDIUM
2023-09-15,4,9,0,258,0.0,98.18193893893071,23.097228821597653,0,0,,0.0,97,110,37,3,0,1,0,104.0,113.33333333333333,100.0,0.04,20.68816086557718,0.0,0.0,-1.8180610610692867,30,75.55555555555556,0.0,1.537108299366249,LOW
2023-09-16,5,9,1,259,0.0,100.0,24.16869701150034,0,0,,0.0,83,110,37,3,0,1,1,97.0,105.66666666666667,102.42857142857143,-0.05299860529986055,18.86670031967381,0.0,0.0,0.0,30,70.44444444444444,-0.5299860529986055,2.737943111408133,LOW
2023-09-17,6,9,1,260,0.0,100.0,22.863434012325676,0,0,,0.0,68,110,37,3,0,1,1,83.0,94.66666666666667,99.71428571428571,-0.16762177650429794,20.25433522083839,0.0,0.0,0.0,30,63.111111111111114,-1.6762177650429795,2.5404958228262453,LOW
2023-09-18,0,9,0,261,0.0,93.55776310121338,23.27117338021924,0,0,,0.0,84,110,38,3,0,1,1,68.0,82.66666666666667,100.28571428571429,-0.321937321937322,19.102480517062727,0.0,0.0,-4.624175837717331,30,55.111111111111114,-0.0,1.0774905742479508,LOW
2023-09-19,1,9,0,262,0.0,99.69077889573109,21.634372375350004,0,0,,0.0,99,110,38,3,0,1,1,84.0,78.33333333333333,96.0,-0.125,18.87679351302368,0.0,0.0,-0.30922110426891436,30,52.222222222222214,-0.0,1.0151162750622849,HIGH
2023-09-20,2,9,0,263,0.0,100.0,24.161754609789664,0,0,,0.0,93,110,38,3,0,1,0,99.0,83.66666666666667,93.0,0.06451612903225806,15.853495934125483,0.0,0.0,0.0,30,55.77777777777778,0.0,0.9999141643850552,LOW
2023-09-21,3,9,0,264,0.0,100.0,24.54429572609912,0,0,,0.0,122,110,38,3,0,1,0,93.0,92.0,89.71428571428571,0.03662420382165612,12.270755012281388,0.0,0.0,6.442236898786618,30,61.33333333333333,0.0,0.9896364870432958,LOW
2023-09-22,4,9,0,265,0.0,94.98121054218316,23.82205663321178,0,0,,0.0,124,110,38,3,0,1,0,122.0,104.66666666666667,92.28571428571429,0.3219814241486067,16.80986105152058,0.0,0.0,-4.7095683535479225,30,69.77777777777779,0.0,1.2842551522419403,HIGH
2023-09-23,5,9,1,266,0.0,89.7918709517784,21.125064229929176,0,0,,0.0,94,110,38,3,0,1,1,124.0,113.0,96.14285714285714,0.28974739970282326,20.71576349408481,0.0,0.0,-10.208129048221593,30,75.33333333333333,2.8974739970282326,3.067254183221056,MEDIUM
2023-09-24,6,9,1,267,0.0,96.21830875887149,23.331553298007368,0,0,,0.0,70,110,38,3,0,1,1,94.0,113.33333333333333,97.71428571428571,-0.03801169590643269,19.95590376901269,0.0,0.0,-3.781691241128513,30,75.55555555555556,-0.3801169590643269,3.0188905069920695,LOW
2023-09-25,0,9,0,268,0.0,96.18607273681457,20.91448179922418,0,0,,0.0,106,110,39,3,0,1,1,70.0,96.0,98.0,-0.2857142857142857,19.467922333931774,0.0,0.0,1.2048621946314029,30,64.0,-0.0,1.2629735146858168,MEDIUM
2023-09-26,1,9,0,269,0.0,100.0,21.691038807932745,0,0,,0.0,94,110,39,3,0,1,1,106.0,90.0,101.14285714285714,0.04802259887005654,18.586989817509174,0.0,0.0,10.208129048221593,30,60.0,0.0,1.1576096945252752,LOW
2023-09-27,2,9,0,270,0.0,95.25300555584028,26.958987292929127,0,0,,0.0,77,110,39,3,0,1,0,94.0,90.0,100.42857142857143,-0.0640113798008535,18.77815346670292,0.0,0.0,-0.9653032030312119,30,60.0,-0.0,1.1633446040010875,LOW
2023-09-28,3,9,0,271,0.0,99.52720514590666,23.27415661689828,0,0,,0.0,95,110,39,3,0,1,0,77.0,92.33333333333333,98.14285714285714,-0.21542940320232892,20.707716528133258,0.0,0.0,3.341132409092097,30,61.55555555555555,-0.0,1.2528930531436568,MEDIUM
2023-09-29,4,9,0,272,0.0,97.02725189799246,23.18528331853125,0,0,,1.0,134,110,39,3,0,1,0,95.0,88.66666666666667,94.28571428571429,0.007575757575757511,17.839229109972635,0.0,0.0,-2.972748102007543,30,59.111111111111114,0.0,1.1183594381391913,HIGH
2023-09-30,5,9,1,273,0.0,90.95766424920714,24.481100006919377,0,0,,0.0,95,110,39,3,0,1,1,134.0,102.0,95.71428571428571,0.4000000000000001,20.774297306321294,0.0,0.0,-4.295341306633134,30,68.0,4.000000000000001,2.772652216829848,HIGH
2023-10-01,6,10,1,274,0.0,73.01659039735661,25.656247254772317,1,0,,0.0,77,110,39,4,0,0,1,95.0,108.0,95.85714285714286,-0.008941877794336852,20.763979800193816,0.0,0.0,-26.510614748550054,30,72.0,-0.08941877794336853,2.9350065456139545,MEDIUM
2023-10-02,0,10,0,275,0.0,61.81355649108798,22.40058544982557,0,0,,0.0,72,110,40,4,0,0,1,77.0,102.0,96.85714285714286,-0.2050147492625369,19.43732295892424,0.0,0.0,-35.21369540690448,30,68.0,-0.0,1.3408689806034244,LOW
2023-10-03,1,10,0,276,0.0,70.52474999349519,24.46258161824168,0,0,,1.0,104,110,40,4,0,0,1,72.0,81.33333333333333,92.0,-0.21739130434782608,20.960279896349984,0.0,0.0,-20.43291425571195,30,54.222222222222214,-0.0,1.110478699412155,LOW
2023-10-04,2,10,0,277,0.0,60.29061535434384,24.724025698146807,0,0,,0.0,88,110,40,4,0,0,0,104.0,84.33333333333333,93.42857142857143,0.11314984709480119,21.454270304200843,0.0,0.0,-12.725975043012767,30,56.222222222222214,0.0,1.1653255985514235,MEDIUM
2023-10-05,3,10,0,278,0.0,66.68595592536855,23.94438328078524,0,0,,1.0,137,110,40,4,0,0,0,88.0,88.0,95.0,-0.07368421052631578,20.42873792805941,0.0,0.0,4.872399434280567,30,58.666666666666664,-0.0,1.1859096458897427,MEDIUM
2023-10-06,4,10,0,279,0.0,73.6600345752072,23.199813522594702,0,0,,0.0,135,110,40,4,0,0,0,137.0,109.66666666666667,101.0,0.3564356435643564,25.87147721590966,0.0,0.0,3.135284581712014,30,73.11111111111111,0.0,1.6768573337815866,MEDIUM
2023-10-07,5,10,1,280,0.0,72.53095915469663,24.65008155386217,0,0,,0.0,93,110,40,4,0,0,1,135.0,120.0,101.14285714285714,0.33474576271186446,26.085938558468428,0.0,0.0,12.24034380035279,30,80.0,3.3474576271186445,3.6868750846774745,MEDIUM
2023-10-08,6,10,1,281,0.0,67.23747028825711,23.98830140360053,0,0,,0.0,81,110,40,4,0,0,1,93.0,121.66666666666667,100.85714285714286,-0.07790368271954679,26.175233659756632,0.0,0.0,0.5515143628885681,30,81.11111111111111,-0.7790368271954679,3.745324507958038,MEDIUM
2023-10-09,0,10,0,282,0.0,70.59558515331436,23.3618690553079,0,0,,0.0,82,110,41,4,0,0,1,81.0,103.0,101.42857142857143,-0.20140845070422536,25.605059023932103,0.0,0.0,-3.0644494218928457,30,68.66666666666667,-0.0,1.5657736931550024,LOW
2023-10-10,1,10,0,283,0.0,73.21154070385558,23.26402426939907,0,0,,0.0,82,110,41,4,0,0,1,82.0,85.33333333333333,102.85714285714286,-0.2027777777777778,23.91253904982746,0.0,0.0,0.6805815491589442,30,56.888888888888886,-0.0,1.2490677774173142,LOW
2023-10-11,2,10,0,284,0.0,64.2370254387298,24.65736019623889,0,0,,0.0,86,110,41,4,0,0,0,82.0,81.66666666666667,99.71428571428571,-0.17765042979942688,25.150972716207775,0.0,0.0,-3.0004448495273124,30,54.44444444444445,-0.0,1.2291098128301006,LOW
2023-10-12,3,10,0,285,0.0,73.49275227542167,22.972843988078463,0,0,,1.0,123,110,41,4,0,0,0,86.0,83.33333333333333,99.42857142857143,-0.13505747126436785,25.317037365228583,0.0,0.0,2.897167122107305,30,55.55555555555555,-0.0,1.2588065934785715,MEDIUM
2023-10-13,4,10,0,286,0.0,74.38996948496433,22.33669120014565,0,0,,0.0,110,110,41,4,0,0,0,123.0,97.0,97.42857142857143,0.2624633431085044,22.217539189096687,0.0,0.0,1.1784287811087495,30,64.66666666666666,0.0,1.3650337671141262,LOW
2023-10-14,5,10,1,287,0.0,62.85219428517056,23.88104773941392,0,0,,0.0,58,110,41,4,0,0,1,110.0,106.33333333333333,93.85714285714286,0.17199391171993908,16.425879696671448,0.0,0.0,-1.3848311535592401,30,70.88888888888889,1.7199391171993907,2.582190138497376,LOW
2023-10-15,6,10,1,288,0.0,68.68110771520267,22.431557458247248,0,0,,0.0,55,110,41,4,0,0,1,58.0,97.0,88.85714285714286,-0.34726688102893893,21.326263709555963,0.0,0.0,-4.811644560218994,30,64.66666666666666,-3.4726688102893895,2.6724317198846186,LOW
2023-10-16,0,10,0,289,0.0,67.43108527680656,23.37377739295525,0,0,,0.0,65,110,42,4,0,0,1,55.0,74.33333333333333,85.14285714285714,-0.35402684563758385,24.889278625066467,0.0,0.0,-6.9588842081577695,30,49.55555555555555,-0.0,1.112256570376647,LOW
2023-10-17,1,10,0,290,0.0,75.72110647712998,23.48918324540586,0,0,,0.0,61,110,42,4,0,0,1,65.0,59.333333333333336,82.71428571428571,-0.21416234887737473,26.049403612586385,0.0,0.0,12.868912191959417,30,40.0,-0.0,0.9209880722517276,LOW
2023-10-18,2,10,0,291,0.0,74.48304641628043,23.643374175133296,0,0,,0.0,86,110,42,4,0,0,0,61.0,60.333333333333336,79.71428571428571,-0.23476702508960567,27.323459308283585,0.0,0.0,5.801938701077759,30,40.22222222222223,-0.0,0.9517273483110367,LOW
2023-10-19,3,10,0,292,0.0,70.3080292296332,24.842937981122255,0,0,,0.0,83,110,42,4,0,0,0,86.0,70.66666666666667,79.71428571428571,0.07885304659498216,27.323459308283585,0.0,0.0,2.8769439528266503,30,47.111111111111114,0.0,1.114730374817347,LOW
2023-10-20,4,10,0,293,0.0,75.17746059888393,22.246870377669104,0,0,,1.0,122,110,42,4,0,0,0,83.0,76.66666666666667,74.0,0.12162162162162163,19.949937343260018,0.0,0.0,-0.5436458782460534,30,51.11111111111112,0.0,1.020942843216645,HIGH
2023-10-21,5,10,1,294,0.0,81.52998273787304,22.756461869631035,0,0,,0.0,97,110,42,4,0,0,1,122.0,97.0,75.71428571428571,0.6113207547169812,23.718588249966082,0.0,0.0,7.046936321592611,30,64.66666666666666,6.113207547169813,2.8271353734978066,MEDIUM
2023-10-22,6,10,1,295,0.0,62.89689492190846,20.692915355894154,1,0,,0.0,74,110,42,4,0,0,1,97.0,100.66666666666667,81.28571428571429,0.19332161687170465,23.44293984489635,0.0,0.0,-7.411134307724744,30,67.11111111111111,1.9332161687170466,2.9155039629241553,LOW
2023-10-23,0,10,0,296,0.0,65.47844489890241,22.939614668813256,0,0,,0.0,75,110,43,4,0,0,1,74.0,97.66666666666667,84.0,-0.11904761904761904,20.848661028149188,0.0,0.0,-9.699015699981516,30,65.11111111111111,-0.0,1.3298508534719682,LOW
2023-10-24,1,10,0,297,0.0,63.065109514363,21.818775624674547,0,0,,0.0,60,110,43,4,0,0,1,75.0,82.0,85.42857142857143,-0.12207357859531774,19.637185328326655,0.0,0.0,-18.46487322351004,30,54.666666666666664,-0.0,1.0834163989742618,MEDIUM
2023-10-25,2,10,0,298,0.0,67.4395974659387,23.780682157878115,0,0,,0.0,90,110,43,4,0,0,0,60.0,69.66666666666667,85.28571428571429,-0.29648241206030157,19.84703408332746,0.0,0.0,4.5427025440302415,30,46.44444444444445,-0.0,0.9253366803794933,LOW
2023-10-26,3,10,0,299,0.0,63.13502909480191,24.48886579067254,0,0,,0.0,102,110,43,4,0,0,0,90.0,75.0,85.85714285714286,0.04825291181364388,19.92844341996778,0.0,0.0,-2.343415804100502,30,50.0,0.0,0.9982110854991946,LOW
2023-10-27,4,10,0,300,0.0,72.5486178113433,23.18086238540052,0,0,,0.0,108,110,43,4,0,0,0,102.0,84.0,88.57142857142857,0.15161290322580648,20.751362548494196,0.0,0.0,9.483508296980304,30,56.00000000000001,0.0,1.1410381513578376,LOW
2023-10-28,5,10,1,301,0.0,81.0583373392996,22.54424789738226,0,0,,0.0,81,110,43,4,0,0,1,108.0,100.0,86.57142857142857,0.24752475247524755,17.395949172696717,0.0,0.0,13.618739873360894,30,66.66666666666666,2.4752475247524757,2.4930632781797804,LOW
2023-10-29,6,10,1,302,0.0,72.0439285089252,24.318339346295403,0,0,,1.0,100,110,43,4,0,0,1,81.0,97.0,84.28571428571429,-0.0389830508474577,16.839579227861623,0.0,0.0,8.908899414123297,30,64.66666666666666,-0.389830508474577,2.382292790068385,MEDIUM
2023-10-30,0,10,0,303,0.0,61.55898401349832,23.731485920389137,0,0,,0.0,91,110,44,4,0,0,1,100.0,96.33333333333333,88.0,0.13636363636363635,17.05872210923198,0.0,0.0,-10.989633797844988,30,64.22222222222221,0.0,1.1899967432853378,LOW
2023-10-31,1,10,0,304,0.0,64.19609417057583,22.829502547611632,0,0,,0.0,90,110,44,4,0,0,1,91.0,90.66666666666667,90.28571428571429,0.007911392405063224,16.069788276081773,0.0,0.0,-16.862243168723765,30,60.44444444444444,0.0,1.0901091567882493,LOW
2023-11-01,2,11,0,305,0.0,65.35937360248282,23.454007865183044,0,0,,0.0,90,110,44,4,1,0,0,90.0,93.66666666666667,94.57142857142857,-0.0483383685800604,9.16255318960719,0.0,0.0,-6.684554906442386,30,62.44444444444445,-0.0,0.9105197162532911,MEDIUM
2023-11-02,3,11,0,306,0.0,75.17439596044584,22.894795101738143,0,0,,0.0,89,110,44,4,1,0,0,90.0,90.33333333333333,94.57142857142857,-0.0483383685800604,9.16255318960719,0.0,0.0,13.615411946947518,30,60.22222222222222,-0.0,0.8781168793759497,HIGH
2023-11-03,4,11,0,307,0.0,71.75297213976525,23.23207899529421,0,0,,0.0,84,110,44,4,1,0,0,89.0,89.66666666666667,92.71428571428571,-0.0400616332819722,8.712333895390021,0.0,0.0,7.556877969189415,30,59.777777777777786,-0.0,0.8581797575399908,LOW
2023-11-04,5,11,1,308,0.0,70.36520953220955,21.57053069567511,0,0,,0.0,60,110,44,4,1,0,1,84.0,87.66666666666667,89.28571428571429,-0.059200000000000065,5.992058236095667,0.0,0.0,5.005835929726729,30,58.44444444444444,-0.5920000000000006,1.519091403576258,LOW
2023-11-05,6,11,1,309,0.0,64.87249151352522,24.13966397464364,0,0,,0.0,66,110,44,4,1,0,1,60.0,77.66666666666667,86.28571428571429,-0.30463576158940403,12.526163095887023,0.0,0.0,-10.301904446920616,30,51.77777777777778,-3.04635761589404,1.6841324447425947,MEDIUM
2023-11-06,0,11,0,310,0.0,64.91055485028312,23.36075236505922,0,0,,0.0,85,110,45,4,1,0,1,66.0,70.0,81.42857142857143,-0.18947368421052635,12.908100077821201,0.0,0.0,-6.842417289482128,30,46.666666666666664,-0.0,0.7678556684824946,LOW
2023-11-07,1,11,0,311,0.0,70.69960648400334,25.618609039984825,0,0,,0.0,81,110,45,4,1,0,1,85.0,70.33333333333333,80.57142857142857,0.05496453900709222,12.353908192108587,0.0,0.0,0.33439695179379214,30,46.888888888888886,0.0,0.7585194031705458,LOW
2023-11-08,2,11,0,312,0.0,68.25518515933042,22.847825849408437,0,0,,1.0,132,110,45,4,1,0,0,81.0,77.33333333333333,79.28571428571429,0.021621621621621543,11.65781977493056,0.0,0.0,3.3826936458052046,30,51.55555555555556,0.0,0.8160682430870989,LOW
2023-11-09,3,11,0,313,0.0,73.07154121466198,22.67249505753813,0,0,,0.0,120,110,45,4,1,0,0,132.0,99.33333333333333,85.28571428571429,0.5477386934673366,23.192773915699735,0.0,0.0,8.160986364378857,30,66.22222222222221,0.0,1.4301607363198354,LOW
2023-11-10,4,11,0,314,0.0,67.02625174775154,24.488607793038657,0,0,,0.0,106,110,45,4,1,0,0,120.0,111.0,89.71428571428571,0.337579617834395,26.712757786709865,0.0,0.0,-3.6733547362517953,30,74.0,0.0,1.7283720381082652,HIGH
2023-11-11,5,11,1,315,0.0,51.001206205749895,22.90313609439192,1,0,,0.0,73,110,45,4,1,0,1,106.0,119.33333333333333,92.85714285714286,0.1415384615384615,27.21781629391902,0.0,0.0,-17.25397895358053,30,79.55555555555556,1.415384615384615,3.756439607382891,MEDIUM
2023-11-12,6,11,1,316,0.0,62.75304402855887,25.831380877120832,0,0,,1.0,102,110,45,4,1,0,1,73.0,99.66666666666667,94.71428571428571,-0.22926093514328805,24.951381295860724,0.0,0.0,-10.318497186103109,30,66.44444444444446,-2.2926093514328807,2.986769557213858,MEDIUM
2023-11-13,0,11,0,317,0.0,59.35362746739149,25.016737714151382,0,0,,0.0,107,110,46,4,1,0,1,102.0,93.66666666666667,99.85714285714286,0.021459227467811117,21.520754102560087,0.0,0.0,-7.672624280360054,30,62.44444444444445,0.0,1.296370211424376,LOW
2023-11-14,1,11,0,318,0.0,69.82399964693985,26.0448351793948,0,0,,0.0,118,110,46,4,1,0,1,107.0,94.0,103.0,0.038834951456310676,20.57506581601461,0.0,0.0,18.82279344118996,30,62.66666666666667,0.0,1.2713520622351246,LOW
2023-11-15,2,11,0,319,0.0,70.99288789508986,25.51422740929284,0,0,,0.0,106,110,46,4,1,0,0,118.0,109.0,108.28571428571429,0.08970976253298146,18.643267647368795,0.0,0.0,8.239843866530997,30,72.66666666666667,0.0,1.4040387245210662,LOW
2023-11-16,3,11,0,320,0.0,74.53195102696375,26.256651750410278,0,0,,0.0,100,110,46,4,1,0,0,106.0,110.33333333333333,104.57142857142857,0.01366120218579237,15.447299039607126,0.0,0.0,15.178323559572263,30,73.55555555555556,0.0,1.3036728869011065,LOW
2023-11-17,4,11,0,321,0.0,66.66043358087435,25.285579324997784,0,0,,0.0,116,110,46,4,1,0,0,100.0,108.0,101.71428571428571,-0.016853932584269603,13.88901587243537,0.0,0.0,-3.163566066065499,30,72.0,-0.0,1.2200045714076733,LOW
2023-11-18,5,11,1,322,0.0,67.4964963145906,24.84785243548525,0,0,,0.0,86,110,46,4,1,0,1,116.0,107.33333333333333,103.14285714285714,0.12465373961218841,14.882076148044337,0.0,0.0,-3.496391580499264,30,71.55555555555554,1.2465373961218842,2.496006337704505,MEDIUM
2023-11-19,6,11,1,323,0.0,65.0515976575163,25.434260185130896,0,0,,0.0,81,110,46,4,1,0,1,86.0,100.66666666666667,105.0,-0.18095238095238095,10.723805294763588,0.0,0.0,-9.480353369447457,30,67.11111111111111,-1.8095238095238095,2.061908710893023,LOW
2023-11-20,0,11,0,324,0.0,68.15404364617734,26.67452998873604,0,0,,0.0,76,110,47,4,1,0,1,81.0,94.33333333333333,102.0,-0.20588235294117646,14.106735979665876,0.0,0.0,1.4936100653029882,30,62.888888888888886,-0.0,1.072467364693938,LOW
2023-11-21,1,11,0,325,8.458183567796377,73.81539585323317,24.0466749610037,0,0,,0.0,96,110,47,4,1,0,1,76.0,81.0,97.57142857142857,-0.22108345534407026,16.870656407474122,0.0,8.458183567796377,6.318899538642569,30,54.0,-0.0,0.9955077230018013,HIGH
2023-11-22,2,11,0,326,0.0,73.52960051603488,22.864393639881424,0,0,,0.0,95,110,47,4,1,0,0,96.0,84.33333333333333,94.42857142857143,0.0166414523449319,14.281189759693735,8.458183567796377,8.458183567796377,8.478002858518579,29,56.222222222222214,0.0,0.9636823343558348,MEDIUM
2023-11-23,3,11,0,327,0.0,68.16702892844198,25.28634114092028,0,0,,0.0,116,110,47,4,1,0,0,95.0,89.0,92.85714285714286,0.023076923076923033,13.37196783609369,0.0,8.458183567796377,0.012985282264637021,28,59.333333333333336,0.0,0.9900350458041128,LOW
2023-11-24,4,11,0,328,0.0,71.32351755967261,25.09829764062084,0,0,,0.0,100,110,47,4,1,0,0,116.0,102.33333333333333,95.14285714285714,0.21921921921921927,15.920935603041386,0.0,0.0,-2.4918782935605606,27,68.22222222222221,0.0,1.2253030255704116,LOW
2023-11-25,5,11,1,329,0.0,72.30418606051722,25.37591231746553,0,0,,0.0,84,110,47,4,1,0,1,100.0,103.66666666666667,92.85714285714286,0.07692307692307687,13.37196783609369,0.0,0.0,-1.225414455517651,26,69.11111111111111,0.7692307692307687,2.3063737771166974,LOW
2023-11-26,6,11,1,330,0.0,70.33856636155598,25.779259741110547,0,0,,1.0,101,110,47,4,1,0,1,84.0,100.0,92.57142857142857,-0.09259259259259257,13.562904591288007,0.0,0.0,2.171537433113997,25,66.66666666666666,-0.9259259259259257,2.2375269727525335,LOW
2023-11-27,0,11,0,331,0.0,74.43587202161005,23.69805048504531,0,0,,0.0,109,110,48,4,1,0,1,101.0,95.0,95.42857142857143,0.058383233532934106,12.80438912843487,0.0,0.0,3.112354461937443,24,63.33333333333333,0.0,1.0388056557337708,LOW
2023-11-28,1,11,0,332,0.0,60.83737989941848,26.75749658390335,0,0,,0.0,114,110,48,4,1,0,1,109.0,98.0,100.14285714285714,0.08844507845934384,10.286375640113658,0.0,0.0,-11.466806161098745,23,65.33333333333333,0.0,0.9893549375770462,MEDIUM
2023-11-29,2,11,0,333,0.0,64.37286674352576,25.948739775769027,0,0,,1.0,141,110,48,4,1,0,0,114.0,108.0,102.71428571428571,0.10987482614742705,11.27998649104222,0.0,0.0,-5.965699618030214,22,72.0,0.0,1.1260795136775197,LOW
2023-11-30,3,11,0,334,0.0,67.21938131371017,22.403784919801225,0,0,,0.0,133,110,48,4,1,0,0,141.0,121.33333333333333,109.28571428571429,0.29019607843137246,17.641941368174155,0.0,0.0,-7.2164907078998795,21,80.88888888888889,0.0,1.5224074064461546,MEDIUM
2023-12-01,4,12,0,335,0.0,65.66787862927605,28.352857853361,0,0,,0.0,125,110,48,4,1,0,0,133.0,129.33333333333334,111.71428571428571,0.19053708439897704,19.762880067728688,0.0,0.0,4.830498729857567,20,86.22222222222223,0.0,1.714221940697637,LOW
2023-12-02,5,12,1,336,0.0,61.984228834651134,25.33972031718995,0,0,,0.0,81,110,48,4,1,0,1,125.0,133.0,115.28571428571429,0.08426270136307305,19.55091034295064,0.0,0.0,-2.388637908874628,19,88.66666666666667,0.8426270136307306,3.5068473837416234,LOW
2023-12-03,6,12,1,337,0.0,62.29068168127666,26.744783316434773,0,0,,0.0,66,110,48,4,1,0,1,81.0,113.0,114.85714285714286,-0.2947761194029851,20.366873196677073,0.0,0.0,-4.9286996324335135,18,75.33333333333333,-2.9477611940298507,3.0409711141496727,MEDIUM
2023-12-04,0,12,0,338,0.0,73.06740228338958,27.724669028336265,0,0,,0.0,67,110,49,4,1,0,1,66.0,90.66666666666667,109.85714285714286,-0.399219765929779,27.413066053912868,0.0,0.0,7.399523654113537,17,60.44444444444444,-0.0,1.4329282185182557,MEDIUM
2023-12-05,1,12,0,339,0.0,72.86448634647122,25.687358241578767,0,0,,0.0,85,110,49,4,1,0,1,67.0,71.33333333333333,103.85714285714286,-0.3548830811554333,31.866537158533404,0.0,0.0,10.88025751182009,16,47.55555555555555,-0.0,1.233270994658461,LOW
2023-12-06,2,12,0,340,0.0,63.43659836468996,28.404237417110775,0,0,,0.0,97,110,49,4,1,0,0,85.0,72.66666666666667,99.71428571428571,-0.14756446991404007,32.211355584194656,0.0,0.0,1.1459166834132972,15,48.44444444444444,-0.0,1.2646750574838261,LOW
2023-12-07,3,12,0,341,0.0,67.4593895911605,26.35756922795417,0,0,,0.0,119,110,49,4,1,0,0,97.0,83.0,93.42857142857143,0.03822629969418958,26.619899466734427,0.0,0.0,-5.608012692229082,14,55.333333333333336,0.0,1.2898172185796526,LOW
2023-12-08,4,12,0,342,0.0,64.9375182661759,25.068001347113,0,0,,0.0,122,110,49,4,1,0,0,119.0,100.33333333333333,91.42857142857143,0.30156249999999996,23.493666826453065,0.0,0.0,-7.926968080295325,13,66.88888888888889,0.0,1.4546215238624858,MEDIUM
2023-12-09,5,12,1,343,0.0,61.72980653228296,28.31702419165652,0,0,,0.0,101,110,49,4,1,0,1,122.0,112.66666666666667,91.0,0.34065934065934067,22.7961985134949,0.0,0.0,-1.7067918324069993,12,75.11111111111111,3.406593406593407,3.2144700216802837,LOW
2023-12-10,6,12,1,344,0.0,69.87347035951404,26.188232062855835,0,0,,0.0,78,110,49,4,1,0,1,101.0,114.0,93.85714285714286,0.07610350076103496,22.586342270116635,0.0,0.0,2.414080768353543,11,76.0,0.7610350076103496,3.2365620125288643,LOW
2023-12-11,0,12,0,345,0.0,70.68832080379133,26.99751533076011,0,0,,0.0,76,110,50,4,1,0,1,78.0,100.33333333333333,95.57142857142857,-0.18385650224215244,20.476467329246873,0.0,0.0,5.750802537615428,10,66.88888888888889,-0.0,1.3537129629003677,LOW
2023-12-12,1,12,0,346,0.0,71.43730928986898,27.30492318226243,0,0,,0.0,75,110,50,4,1,0,1,76.0,85.0,96.85714285714286,-0.21533923303834812,18.57802080801013,0.0,0.0,9.70750275758602,9,56.666666666666664,-0.0,1.0930439228936204,LOW
2023-12-13,2,12,0,347,0.0,70.27006770648114,27.53889951310132,0,0,,0.0,101,110,50,4,1,0,0,75.0,76.33333333333333,95.42857142857143,-0.21407185628742517,19.973792352790227,0.0,0.0,0.3965973469670985,8,50.888888888888886,-0.0,1.017110938754329,LOW
2023-12-14,3,12,0,348,0.0,63.90042602728861,26.482938071123325,0,0,,0.0,88,110,50,4,1,0,0,101.0,84.0,96.0,0.052083333333333336,20.0831604418561,0.0,0.0,-6.787894776502718,7,56.00000000000001,0.0,1.122328492371971,LOW
2023-12-15,4,12,0,349,0.0,64.39812369516137,29.341619861695698,0,0,,0.0,111,110,50,4,1,0,0,88.0,88.0,91.57142857142857,-0.03900156006240248,17.40552731037993,0.0,0.0,-7.039185594707604,6,58.666666666666664,-0.0,1.097228801104478,LOW
2023-12-16,5,12,1,350,0.0,64.17546269919377,26.701799977334105,0,0,,0.0,116,110,50,4,1,0,1,111.0,100.0,90.0,0.23333333333333334,14.44529912001366,0.0,0.0,-6.09460500728737,5,66.66666666666666,2.3333333333333335,2.296353274667577,MEDIUM
2023-12-17,6,12,1,351,0.0,72.03831028478237,25.827700201016665,0,0,,0.0,111,110,50,4,1,0,1,116.0,105.0,92.14285714285714,0.2589147286821706,17.199114041412845,0.0,0.0,8.13788425749376,4,70.0,2.5891472868217056,2.603937982898899,MEDIUM
2023-12-18,0,12,0,352,0.0,68.02316785797458,26.852308865402435,0,0,,0.0,108,110,51,4,1,0,1,111.0,112.66666666666667,96.85714285714286,0.1460176991150442,17.199114041412837,0.0,0.0,3.625044162813211,3,75.11111111111111,0.0,1.3970333939997266,MEDIUM
2023-12-19,1,12,0,353,0.0,66.34310197534953,23.33865851071347,0,0,,0.0,118,110,51,4,1,0,1,108.0,111.66666666666667,101.42857142857143,0.06478873239436618,14.819549507965746,0.0,0.0,2.1676392761557537,2,74.44444444444444,0.0,1.2960610094631695,LOW
2023-12-20,2,12,0,354,0.0,73.3862280073982,25.41842303168869,0,0,,1.0,143,110,51,4,1,0,0,118.0,112.33333333333333,107.57142857142857,0.09694555112881809,10.244626930854087,0.0,0.0,1.3479177226158328,1,74.88888888888889,0.0,1.132493252855314,LOW
2023-12-21,3,12,0,355,0.0,64.84236488583358,27.07196724487964,0,1,Local Festival,0.0,162,110,51,4,1,0,0,143.0,123.0,113.57142857142857,0.2591194968553459,16.27735792296712,0.0,0.0,-3.1808029721410094,0,82.0,0.0,1.487371674841652,LOW
2023-12-22,4,12,0,356,0.0,79.97860438634399,27.194551262511368,0,0,,0.0,144,110,51,4,1,0,0,162.0,141.0,124.14285714285714,0.30494821634062147,20.407748295100788,0.0,0.0,13.635502410994462,30,94.0,0.0,1.899164169869737,HIGH
2023-12-23,5,12,1,357,0.0,69.89090000812047,27.35393489792547,0,0,,0.0,116,110,51,4,1,0,1,144.0,149.66666666666666,128.85714285714286,0.11751662971175163,20.67549734531648,0.0,0.0,-3.495327999277734,30,99.77777777777777,1.1751662971175163,4.058510735121577,LOW
2023-12-24,6,12,1,358,0.0,64.5965866617532,27.455450125255144,0,0,,0.0,99,110,51,4,1,0,1,116.0,140.66666666666666,128.85714285714286,-0.09977827050997785,20.67549734531648,0.0,0.0,-0.2457782240803823,30,93.77777777777777,-0.9977827050997785,3.814457751049678,MEDIUM
2023-12-25,0,12,0,359,0.0,62.91121728287607,27.06284107343389,0,0,,0.0,111,110,52,4,1,0,1,99.0,119.66666666666667,127.14285714285714,-0.22134831460674154,22.792020324582655,0.0,0.0,-17.067387103467915,30,79.77777777777779,-0.0,1.7069261440583525,MEDIUM
2023-12-26,1,12,0,360,0.0,72.5266571431203,28.505140716294672,0,0,,0.0,129,110,52,4,1,0,1,111.0,108.66666666666667,127.57142857142857,-0.1298992161254199,22.396853520506983,0.0,0.0,2.635757134999835,30,72.44444444444444,-0.0,1.5357082497428085,LOW
2023-12-27,2,12,0,361,0.0,76.50210861155406,29.04293839035755,0,0,,0.0,134,110,52,4,1,0,0,129.0,113.0,129.14285714285714,-0.0011061946902654553,21.99567056967171,0.0,0.0,11.905521949800871,30,75.33333333333333,-0.0,1.5818369247909676,LOW
2023-12-28,3,12,0,362,0.0,79.36032234298517,28.278790256921383,0,0,,0.0,127,110,52,4,1,0,0,134.0,124.66666666666667,127.85714285714286,0.04804469273743014,21.302805538461882,0.0,0.0,16.449105060109098,30,83.11111111111111,0.0,1.7163610301538605,LOW
2023-12-29,4,12,0,363,0.0,75.3480305687357,28.780649644409227,0,0,,0.0,126,110,52,4,1,0,0,127.0,130.0,122.85714285714286,0.03372093023255811,15.18144230553175,0.0,0.0,2.8213734256153913,30,86.66666666666667,0.0,1.5245291665730427,LOW
2023-12-30,5,12,1,364,0.0,70.64227294482446,29.33915142571907,0,0,,0.0,93,110,52,4,1,0,1,126.0,129.0,120.28571428571429,0.047505938242280235,12.243560017607653,0.0,0.0,-5.859835666729609,30,86.0,0.4750593824228023,2.772946161514258,LOW
2023-12-31,6,12,1,365,0.0,79.50475895209122,26.966218272865653,0,0,,0.0,95,110,52,4,1,0,1,93.0,115.33333333333333,117.0,-0.20512820512820512,16.07275126832156,0.0,0.0,0.1444366091060516,30,76.88888888888889,-2.051282051282051,2.773593764186502,MEDIUM
2024-01-01,0,1,0,1,0.0,69.0533437063071,28.39289087491529,0,0,,0.0,117,110,1,1,1,0,1,95.0,104.66666666666667,116.42857142857143,-0.18404907975460125,16.87065640747409,0.0,0.0,-6.294686862428591,30,69.77777777777779,-0.0,1.2863762346607628,LOW
2024-01-02,1,1,0,2,0.0,65.55357872318918,27.446279307032245,0,0,,0.0,134,110,1,1,1,0,1,117.0,101.66666666666667,117.28571428571429,-0.002436053593179102,16.700441967348077,0.0,0.0,-5.088694221635279,30,67.77777777777779,-0.0,1.2437372000045739,HIGH
2024-01-03,2,1,0,3,0.0,62.952834510287055,27.46415097979694,0,0,,1.0,155,110,1,1,1,0,0,134.0,115.33333333333333,118.0,0.13559322033898305,17.378147196982734,0.0,0.0,-16.551924441804168,30,76.88888888888889,0.0,1.4369821033506696,CRITICAL
2024-01-04,3,1,0,4,0.0,67.4687939407525,31.557417671929397,0,0,,0.0,149,110,1,1,1,0,0,155.0,135.33333333333334,121.0,0.2809917355371901,21.840329667841527,0.0,0.0,-1.5845497655545984,30,90.22222222222223,0.0,1.8874637605715177,MEDIUM
2024-01-05,4,1,0,5,0.0,63.82769174992252,29.559812634253092,0,0,,0.0,129,110,1,1,1,0,0,149.0,146.0,124.14285714285714,0.20023014959723826,24.292856092745776,0.0,0.0,-1.725886973266654,30,97.33333333333334,0.0,2.1555856631802945,LOW
2024-01-06,5,1,1,6,0.0,67.9555557408255,28.695555477314567,0,0,,1.0,122,110,1,1,1,0,1,129.0,144.33333333333334,124.57142857142857,0.035550458715596346,24.357457057043387,0.0,0.0,5.002721230538448,30,96.22222222222223,0.35550458715596345,4.268173090155508,MEDIUM
2024-01-07,6,1,1,7,0.0,66.07983256719447,28.918432680067355,0,0,,0.0,103,110,1,1,1,0,1,122.0,133.33333333333334,128.71428571428572,-0.05216426193118763,20.204902752502754,0.0,0.0,-1.3889613735580326,30,88.8888888888889,-0.5216426193118763,3.5737691335558006,LOW
2024-01-08,0,1,0,8,0.0,66.92908382632217,26.18351774974994,0,0,,0.0,110,110,2,1,1,0,1,103.0,118.0,129.85714285714286,-0.20682068206820683,18.09630322679714,0.0,0.0,3.101392076399648,30,78.66666666666666,-0.0,1.4984545935873541,LOW
2024-01-09,1,1,0,9,0.0,73.05021218690754,30.08128192625013,0,0,,0.0,129,110,2,1,1,0,1,110.0,111.66666666666667,128.85714285714286,-0.14634146341463417,19.091259530900224,0.0,0.0,5.094656446082041,30,74.44444444444444,-0.0,1.4550635492057307,LOW
2024-01-10,2,1,0,10,0.0,63.481214122369806,26.659903400592658,0,0,,0.0,141,110,2,1,1,0,0,129.0,114.0,128.14285714285714,0.006688963210702373,18.959857343244664,0.0,0.0,-2.598618444824666,29,76.0,0.0,1.4804745790432974,LOW
2024-01-11,3,1,0,11,0.0,59.8872085174966,31.943739203011425,0,0,,0.0,127,110,2,1,1,0,0,141.0,126.66666666666667,126.14285714285714,0.11778029445073616,16.190826326746127,0.0,0.0,-7.041875308825567,28,84.44444444444444,0.0,1.5280571115737254,MEDIUM
2024-01-12,4,1,0,12,0.0,72.3708458706558,28.96775979509204,0,0,,0.0,133,110,2,1,1,0,0,127.0,132.33333333333334,123.0,0.032520325203252036,12.793227374930265,0.0,0.0,-0.6793663162517447,27,88.22222222222223,0.0,1.4465456964274794,HIGH
2024-01-13,5,1,1,13,0.0,61.30940777142125,28.25045492819804,0,0,,0.0,114,110,2,1,1,0,1,133.0,133.66666666666666,123.57142857142857,0.0763005780346821,13.189100839419623,0.0,0.0,-2.1718063509485575,26,89.11111111111111,0.763005780346821,2.9575176525793934,LOW
2024-01-14,6,1,1,14,0.0,74.64458330291373,31.263500861250925,0,0,,0.0,108,110,2,1,1,0,1,114.0,124.66666666666667,122.42857142857143,-0.06884480746791133,13.68523709278406,0.0,0.0,14.757374785417127,25,83.11111111111111,-0.6884480746791133,2.7996174828224976,MEDIUM
2024-01-15,0,1,0,15,0.0,71.9370441880401,28.248351053958224,0,0,,0.0,128,110,3,1,1,0,1,108.0,118.33333333333333,123.14285714285714,-0.12296983758700693,12.58873267951103,0.0,0.0,-0.4338016826156945,24,78.88888888888889,-0.0,1.2854444556918239,LOW
2024-01-16,1,1,0,16,0.0,66.63588306838092,28.35235573576345,0,0,,0.0,135,110,3,1,1,0,1,128.0,116.66666666666667,125.71428571428571,0.01818181818181823,11.220729116450514,0.0,0.0,5.326475296959671,23,77.77777777777779,0.0,1.2141394656397424,LOW
2024-01-17,2,1,0,17,0.0,69.94617725170592,29.00517719591281,0,0,,0.0,123,110,3,1,1,0,0,135.0,123.66666666666667,126.57142857142857,0.06659142212189618,11.731114508819955,0.0,0.0,-4.698406051207812,22,82.44444444444444,0.0,1.3080270536413559,LOW
2024-01-18,3,1,0,18,0.0,71.70723622331334,28.968684625152285,0,0,,1.0,160,110,3,1,1,0,0,123.0,128.66666666666666,124.0,-0.008064516129032258,9.865765724632414,0.0,0.0,-0.2298079647267599,21,85.77777777777777,-0.0,1.2809095077453458,HIGH
2024-01-19,4,1,0,19,0.0,58.169315033091664,29.959148051743878,0,0,,0.0,161,110,3,1,1,0,0,160.0,139.33333333333334,128.71428571428572,0.2430632630410654,16.908718517521088,0.0,0.0,-8.466568035289256,20,92.8888888888889,0.0,1.7142049267026462,HIGH
2024-01-20,5,1,1,20,0.0,64.82165829960266,28.00810965603135,0,0,,1.0,159,110,3,1,1,0,1,161.0,148.0,132.71428571428572,0.21313240043057044,20.926174086649493,0.0,0.0,-5.124518952103259,19,98.66666666666667,2.1313240043057045,4.038049176549417,CRITICAL
2024-01-21,6,1,1,21,0.0,72.00079728397596,27.89973152223231,0,0,,1.0,153,110,3,1,1,0,1,159.0,160.0,139.14285714285714,0.1427104722792608,21.129983210504204,0.0,0.0,0.29356106066261134,18,100.0,1.4271047227926081,4.11299832105042,CRITICAL
2024-01-22,0,1,0,22,0.0,67.06165345023574,30.36837853704944,0,0,,0.0,141,110,4,1,1,0,1,153.0,157.66666666666666,145.57142857142858,0.05103042198233553,16.389601813926014,0.0,0.0,8.892338417144074,17,100.0,0.0,1.8194800906963007,LOW
2024-01-23,1,1,0,23,0.0,60.63283743759768,29.519723075468324,0,0,,0.0,142,110,4,1,1,0,1,141.0,151.0,147.42857142857142,-0.043604651162790616,14.717983816373998,0.0,0.0,-4.188820862004981,16,100.0,-0.0,1.7358991908186998,LOW
2024-01-24,2,1,0,24,0.0,67.51067694282081,28.08295160974701,0,0,,0.0,127,110,4,1,1,0,0,142.0,145.33333333333334,148.42857142857142,-0.043310875842155844,13.95059309201752,0.0,0.0,-4.490120341155148,15,96.88888888888889,-0.0,1.644717620902182,MEDIUM
2024-01-25,3,1,0,25,0.0,67.20588317566305,31.93649839512564,0,0,,0.0,138,110,4,1,1,0,0,127.0,136.66666666666666,149.0,-0.1476510067114094,12.767145334803681,0.0,0.0,0.1442297254273086,14,91.11111111111111,-0.0,1.492725509696612,HIGH
2024-01-26,4,1,0,26,0.0,75.94497558830416,31.439210575922395,0,0,,0.0,124,110,4,1,1,0,0,138.0,135.66666666666666,145.85714285714286,-0.05386875612144958,12.30756639129726,0.0,0.0,15.312138150706481,13,90.44444444444444,-0.0,1.4610199468064426,CRITICAL
2024-01-27,5,1,1,27,0.0,74.42439016758601,32.07489808103237,0,0,,0.0,117,110,4,1,1,0,1,124.0,129.66666666666666,140.57142857142858,-0.11788617886178869,12.660399452059709,0.0,0.0,6.913713224765203,12,86.44444444444443,-1.178861788617887,2.8233100859669387,MEDIUM
2024-01-28,6,1,1,28,0.0,71.79455529467496,30.96281382530086,0,0,,1.0,122,110,4,1,1,0,1,117.0,126.33333333333333,134.57142857142858,-0.1305732484076434,12.421180068162359,0.0,0.0,4.5886721190119175,11,84.22222222222221,-1.305732484076434,2.7305838324074516,MEDIUM
2024-01-29,0,1,0,29,0.0,67.84236874925526,30.96325848098913,0,0,,0.0,119,110,5,1,1,0,1,122.0,121.0,130.14285714285714,-0.06256860592755212,10.05698051817029,0.0,0.0,-8.102606839048903,10,80.66666666666666,-0.0,1.2122982142328682,MEDIUM
2024-01-30,1,1,0,30,0.0,68.21046745278073,30.41304439603513,0,0,,0.0,116,110,5,1,1,0,1,119.0,119.33333333333333,127.0,-0.06299212598425197,9.521904571390444,0.0,0.0,-6.213922714805278,9,79.55555555555556,-0.0,1.1743157596175309,LOW
2024-01-31,2,1,0,31,0.0,67.9875136267074,28.99092242246232,0,0,,0.0,144,110,5,1,1,0,0,116.0,119.0,123.28571428571429,-0.05909617612977988,7.565586245499729,0.0,0.0,-3.8070416679675674,8,79.33333333333333,-0.0,1.093434921071489,MEDIUM
2024-02-01,3,2,0,32,0.0,68.99067867692193,27.61977701002959,0,0,,0.0,144,110,5,1,1,0,0,144.0,126.33333333333333,125.71428571428571,0.1454545454545455,10.934872133291183,0.0,0.0,1.1483099276666735,7,84.22222222222221,0.0,1.3027018376130397,HIGH
2024-02-02,4,2,0,33,0.0,69.49484870349072,31.3688281954235,0,0,,0.0,131,110,5,1,1,0,0,144.0,134.66666666666666,126.57142857142857,0.13769751693002258,12.218253323847634,0.0,0.0,1.284381250709984,6,89.77777777777777,0.0,1.4462415936482713,MEDIUM
2024-02-03,5,2,1,34,0.0,73.88902028999641,26.417793498547564,0,0,,0.0,125,110,5,1,1,0,1,131.0,139.66666666666666,127.57142857142857,0.026875699888017933,12.25910740167137,0.0,0.0,5.9015066632890125,5,93.1111111111111,0.26875699888017934,3.0036813336222896,MEDIUM
2024-02-04,6,2,1,35,0.0,65.42213523781169,31.438593816486705,0,0,,0.0,108,110,5,1,1,0,1,125.0,133.33333333333334,128.71428571428572,-0.028856825749167654,11.455919659202168,0.0,0.0,-3.5685434391102433,4,88.8888888888889,-0.2885682574916765,2.7960817474846373,MEDIUM
2024-02-05,0,2,0,36,0.0,73.62534113124993,29.344142476580707,0,0,,0.0,116,110,6,1,1,0,1,108.0,121.33333333333333,126.71428571428571,-0.1476888387824126,13.804761083460594,0.0,0.0,4.130492427759208,3,80.88888888888889,-0.0,1.3672147815977396,LOW
2024-02-06,1,2,0,37,0.0,71.10791398922463,29.997563128786183,0,0,,0.0,113,110,6,1,1,0,1,116.0,116.33333333333333,126.28571428571429,-0.08144796380090502,14.126975209556647,0.0,0.0,-2.781106300771782,2,77.55555555555556,-0.0,1.323368260903919,MEDIUM
2024-02-07,2,2,0,38,0.0,68.2681707940282,31.36853366034521,0,0,,0.0,108,110,6,1,1,0,0,113.0,112.33333333333333,125.85714285714286,-0.10215664018161183,14.530755559944454,0.0,0.0,2.8460355562165063,1,74.88888888888889,-0.0,1.2929849581890311,LOW
2024-02-08,3,2,0,39,0.0,68.49919598094775,34.11534464297749,0,1,Local Festival,1.0,179,110,6,1,1,0,0,108.0,112.33333333333333,120.71428571428571,-0.1053254437869822,13.363062095621205,0.0,0.0,-5.126145150302179,0,74.88888888888889,-0.0,1.2492613251360383,HIGH
2024-02-09,4,2,0,40,0.0,69.70533442976438,32.7531430984623,0,0,,0.0,180,110,6,1,1,0,0,179.0,133.33333333333334,125.71428571428571,0.42386363636363644,25.004761451333522,0.0,0.0,-1.40257955946025,30,88.8888888888889,0.0,2.0002116200592677,HIGH
2024-02-10,5,2,1,41,0.0,69.92889683681479,31.91699045755453,0,0,,0.0,141,110,6,1,1,0,1,180.0,155.66666666666666,132.71428571428572,0.35629709364908496,32.4741655561991,0.0,0.0,1.6607260427865924,30,100.0,3.5629709364908497,5.2474165556199095,HIGH
2024-02-11,6,2,1,42,0.0,72.17943047750889,29.593665722115663,0,0,,0.0,126,110,6,1,1,0,1,141.0,166.66666666666666,135.0,0.044444444444444446,32.40370349203929,0.0,0.0,3.680234496561141,30,100.0,0.4444444444444445,5.240370349203929,MEDIUM
2024-02-12,0,2,0,43,0.0,65.57774448341739,31.81716057367899,0,0,,1.0,167,110,7,1,1,0,1,126.0,149.0,137.57142857142858,-0.08411214953271036,30.566087650952547,0.0,0.0,-4.127589946346987,30,99.33333333333333,-0.0,2.5114490199973094,LOW
2024-02-13,1,2,0,44,0.0,67.79485716371852,31.928407451573555,0,0,,0.0,137,110,7,1,1,0,1,167.0,144.66666666666666,144.85714285714286,0.15285996055226822,30.645437786771076,0.0,0.0,-2.134039673096268,30,96.44444444444443,0.0,2.442235555495405,CRITICAL
2024-02-14,2,2,0,45,0.0,70.261971528243,33.650063959043315,0,0,,0.0,126,110,7,1,1,0,0,137.0,143.33333333333334,148.28571428571428,-0.07610789980732172,27.68702635841249,0.0,0.0,-1.9174589492658924,30,95.55555555555556,-0.0,2.2783801482352635,LOW
2024-02-15,3,2,0,46,0.0,67.83161112919537,33.00441386384141,0,0,,0.0,131,110,7,1,1,0,0,126.0,143.33333333333334,150.85714285714286,-0.1647727272727273,23.89859529643649,0.0,0.0,2.2538666457779755,30,95.55555555555556,-0.0,2.097377330829744,MEDIUM
2024-02-16,4,2,0,47,0.0,73.80092286408913,32.473145649491634,0,0,,0.0,120,110,7,1,1,0,0,131.0,131.33333333333334,144.0,-0.09027777777777778,21.213203435596423,0.0,0.0,6.006065700370613,30,87.55555555555557,-0.0,1.8042224615138882,HIGH
2024-02-17,5,2,1,48,0.0,68.27236705601786,33.74064533478736,0,0,,0.0,110,110,7,1,1,0,1,120.0,125.66666666666667,135.42857142857142,-0.11392405063291132,15.629642167551841,0.0,0.0,-1.989604472225139,30,83.77777777777779,-1.1392405063291131,2.984972243814899,HIGH
2024-02-18,6,2,1,49,0.0,69.25697320515008,30.19184893878915,0,0,,0.0,86,110,7,1,1,0,1,110.0,120.33333333333333,131.0,-0.16030534351145037,18.000000000000018,0.0,0.0,1.425362075954709,30,80.22222222222221,-1.6030534351145036,3.0484444444444456,LOW
2024-02-19,0,2,0,50,9.810729773579697,67.36664661063799,28.34484499165276,0,0,,1.0,142,110,8,1,1,0,1,86.0,105.33333333333333,125.28571428571429,-0.3135689851767389,24.884495077017263,0.0,9.810729773579697,-6.434276253451145,30,70.22222222222221,-0.0,1.5759444938152727,MEDIUM
2024-02-20,1,2,0,51,0.0,63.51636757484606,28.61698896401412,0,0,,1.0,155,110,8,1,1,0,1,142.0,112.66666666666667,121.71428571428571,0.1666666666666667,18.99749356901492,9.810729773579697,9.810729773579697,-4.7559994811717985,30,75.11111111111111,0.0,1.4645725362585607,HIGH
2024-02-21,2,2,0,52,0.0,61.23754689673842,31.000018310848837,0,0,,0.0,162,110,8,1,1,0,0,155.0,127.66666666666667,124.28571428571429,0.24712643678160914,22.33617608062676,0.0,9.810729773579697,-8.019426308411653,30,85.11111111111111,0.0,1.8016394932088946,MEDIUM
2024-02-22,3,2,0,53,0.0,75.45758518002954,33.46945391779784,0,0,,0.0,135,110,8,1,1,0,0,162.0,153.0,129.42857142857142,0.25165562913907297,26.54466137698969,0.0,0.0,8.090938569391554,30,100.0,0.0,2.3272330688494844,MEDIUM
2024-02-23,4,2,0,54,0.0,58.84603839572621,30.982316945346703,1,0,,1.0,170,110,8,1,1,0,0,135.0,150.66666666666666,130.0,0.038461538461538464,26.627053911388707,0.0,0.0,-4.670329179119847,30,100.0,0.0,2.3313526955694353,CRITICAL
2024-02-24,5,2,1,55,0.0,54.27217910477737,35.49410915392292,0,0,,1.0,169,110,8,1,1,0,1,170.0,155.66666666666666,137.14285714285714,0.23958333333333337,29.99126857063887,0.0,0.0,-6.96536779196105,30,100.0,2.395833333333334,4.999126857063887,CRITICAL
2024-02-25,6,2,1,56,0.0,60.07071469569573,29.808188988118555,0,0,,0.0,141,110,8,1,1,0,1,169.0,158.0,145.57142857142858,0.16094210009813534,29.376051146339954,0.0,0.0,-15.386870484333812,30,100.0,1.6094210009813534,4.937605114633995,HIGH
2024-02-26,0,2,0,57,0.0,72.12699509918735,35.81548174133795,0,0,,0.0,138,110,9,1,1,0,1,141.0,160.0,153.42857142857142,-0.0810055865921787,14.246135649795729,0.0,0.0,13.280956703461143,30,100.0,-0.0,1.7123067824897864,MEDIUM
2024-02-27,1,2,0,58,0.0,72.82526439742125,33.06629502941404,0,0,,1.0,167,110,9,1,1,0,1,138.0,149.33333333333334,152.85714285714286,-0.09719626168224302,14.848440674905572,0.0,0.0,18.55308529264388,30,99.55555555555556,-0.0,1.7346779358175217,MEDIUM
2024-02-28,2,2,0,59,0.0,73.35969582841808,32.6708725935917,0,0,,0.0,142,110,9,1,1,0,0,167.0,148.66666666666666,154.57142857142858,0.08040665434380768,15.799336936056761,0.0,0.0,13.288981132722355,30,99.1111111111111,0.0,1.7740560303868127,MEDIUM
2024-02-29,3,2,0,60,0.0,68.72745572676125,33.12342970603974,0,0,,1.0,176,110,9,1,1,0,0,142.0,149.0,151.71428571428572,-0.06403013182674204,16.038643809190816,0.0,0.0,-3.399539372426105,30,99.33333333333333,-0.0,1.7899193091898105,MEDIUM
2024-03-01,4,3,0,61,0.0,60.28070707437532,32.18977233345586,0,0,,0.0,162,110,9,1,0,0,0,176.0,161.66666666666666,157.57142857142858,0.11695376246600173,16.399767710317757,0.0,0.0,-12.544557323045929,30,100.0,0.0,1.8199883855158878,HIGH
2024-03-02,5,3,1,62,0.0,71.91064507454662,31.453288607032565,0,0,,1.0,149,110,9,1,0,0,1,162.0,160.0,156.42857142857142,0.035616438356164466,15.650954633899522,0.0,0.0,-1.449050753871461,30,100.0,0.35616438356164465,3.565095463389952,HIGH
2024-03-03,6,3,1,63,0.0,73.97371204492089,30.064586644282056,0,0,,0.0,117,110,9,1,0,0,1,149.0,162.33333333333334,153.57142857142858,-0.029767441860465194,14.774495398683307,0.0,0.0,5.246256318159638,30,100.0,-0.29767441860465194,3.4774495398683305,HIGH
2024-03-04,0,3,0,64,0.0,66.77812458287562,30.079689158905104,0,0,,0.0,134,110,10,1,0,0,1,117.0,142.66666666666666,150.14285714285714,-0.22074215033301614,20.02855104951072,0.0,0.0,6.497417508500298,30,95.1111111111111,-0.0,1.9035799832433986,MEDIUM
2024-03-05,1,3,0,65,0.0,71.10588541169788,31.045637665965764,0,0,,0.0,120,110,10,1,0,0,1,134.0,133.33333333333334,149.57142857142858,-0.10410697230181479,20.484605137005875,0.0,0.0,-0.8047596628487383,30,88.8888888888889,-0.0,1.7993157838669278,LOW
2024-03-06,2,3,0,66,0.0,78.45430958649195,32.868493140200606,0,0,,0.0,142,110,10,1,0,0,0,120.0,123.66666666666667,142.85714285714286,-0.16000000000000003,21.49750816124643,0.0,0.0,4.480597541571058,30,82.44444444444444,-0.0,1.7106195030913804,LOW
2024-03-07,3,3,0,67,0.0,62.725893249640045,33.23135204786727,1,0,,0.0,137,110,10,1,0,0,0,142.0,132.0,142.85714285714286,-0.006000000000000028,21.49750816124643,0.0,0.0,-4.052231333235575,30,88.0,-0.0,1.8258903590948428,MEDIUM
2024-03-08,4,3,0,68,0.0,74.53225216522986,32.49214018836815,0,0,,0.0,152,110,10,1,0,0,0,137.0,133.0,137.28571428571428,-0.0020811654526534267,15.766148184367303,0.0,0.0,3.4263667535319797,30,88.66666666666667,-0.0,1.5856325695069504,MEDIUM
2024-03-09,5,3,1,69,0.0,70.53257294628551,31.993600106208103,0,0,,1.0,177,110,10,1,0,0,1,152.0,143.66666666666666,135.85714285714286,0.11882229232386958,13.434142714598144,0.0,0.0,-7.921736640206433,30,95.77777777777777,1.1882229232386958,3.2022478911092884,MEDIUM
2024-03-10,6,3,1,70,0.0,75.13728156761006,33.24514347293492,0,0,,0.0,138,110,10,1,0,0,1,177.0,155.33333333333334,139.85714285714286,0.26557711950970375,20.375054776438198,0.0,0.0,12.411388317970015,30,100.0,2.6557711950970377,4.03750547764382,LOW
2024-03-11,0,3,0,71,0.0,66.51749787448823,31.704928913383057,0,0,,0.0,155,110,11,1,0,0,1,138.0,155.66666666666666,142.85714285714286,-0.03400000000000003,17.836559565758666,0.0,0.0,-8.014754290741635,29,100.0,-0.0,1.8918279782879333,MEDIUM
2024-03-12,1,3,0,72,0.0,74.05059821621622,32.27662590809367,0,0,,0.0,142,110,11,1,0,0,1,155.0,156.66666666666666,145.85714285714286,0.06268364348677764,17.86456988407101,0.0,0.0,3.5180252699307033,28,100.0,0.0,1.8932284942035504,LOW
2024-03-13,2,3,0,73,0.0,63.590803466286815,31.715924784781908,0,0,,0.0,131,110,11,1,0,0,0,142.0,145.0,149.0,-0.04697986577181208,14.094916341243973,0.0,0.0,-11.546478101323245,27,96.66666666666667,-0.0,1.6479209564934587,HIGH
2024-03-14,3,3,0,74,0.0,71.73266878398579,31.94050190572524,0,0,,0.0,134,110,11,1,0,0,0,131.0,142.66666666666666,147.42857142857142,-0.1114341085271317,15.54410009035735,0.0,0.0,5.215170909497559,26,95.1111111111111,-0.0,1.690319426519216,MEDIUM
2024-03-15,4,3,0,75,0.0,65.97908063557782,33.2241401626972,0,0,,0.0,151,110,11,1,0,0,0,134.0,135.66666666666666,147.0,-0.08843537414965986,15.916448515084424,0.0,0.0,-8.0715175806384,25,90.44444444444444,-0.0,1.624221616182151,LOW
2024-03-16,5,3,1,76,0.0,79.30929427279094,30.9719682721436,0,0,,0.0,120,110,11,1,0,0,1,151.0,138.66666666666666,146.85714285714286,0.028210116731517482,15.868507296199088,0.0,0.0,15.718490806504121,24,92.44444444444444,0.2821011673151748,3.3158442300486266,LOW
2024-03-17,6,3,1,77,0.0,74.03074325921868,33.471018255434785,0,0,,0.0,102,110,11,1,0,0,1,120.0,135.0,138.71428571428572,-0.13491246138002064,11.968211864689529,0.0,0.0,2.2980744752328945,23,90.0,-1.3491246138002064,2.877139067822058,HIGH
2024-03-18,0,3,0,78,0.0,75.92907083997446,35.30559711931067,0,0,,0.0,109,110,12,1,0,0,1,102.0,124.33333333333333,133.57142857142858,-0.23636363636363644,18.35626271745916,0.0,0.0,9.949990204396642,22,82.88888888888889,-0.0,1.5896539992902519,LOW
2024-03-19,1,3,0,79,0.0,67.39835524295572,30.83453723815967,0,0,,0.0,121,110,12,1,0,0,1,109.0,110.33333333333333,127.0,-0.14173228346456693,17.625738755203052,0.0,0.0,-11.91093902983522,21,73.55555555555556,-0.0,1.3837910586635789,LOW
2024-03-20,2,3,0,80,0.0,70.05158851886537,32.90340665522777,0,0,,0.0,116,110,12,1,0,0,0,121.0,110.66666666666667,124.0,-0.024193548387096774,16.391054470859,0.0,0.0,-3.9791547403533087,20,73.77777777777777,-0.0,1.342425564925021,MEDIUM
2024-03-21,3,3,0,81,0.0,64.99194486392442,35.38104429192656,0,0,,0.0,141,110,12,1,0,0,0,116.0,115.33333333333333,121.85714285714286,-0.04806565064478315,16.30366596227744,0.0,0.0,-10.93712597605004,19,76.88888888888889,-0.0,1.3956742692164437,MEDIUM
2024-03-22,4,3,0,82,0.0,72.88030874009539,34.59282091669496,0,0,,0.0,140,110,12,1,0,0,0,141.0,126.0,122.85714285714286,0.14767441860465114,17.353468158925963,0.0,0.0,5.481953497139671,18,84.0,0.0,1.5688456626748903,CRITICAL
2024-03-23,5,3,1,83,0.0,72.42097714394545,35.392257410129574,0,0,,0.0,138,110,12,1,0,0,1,140.0,132.33333333333334,121.28571428571429,0.15429917550058886,14.670995032311046,0.0,0.0,2.3693886250800773,17,88.22222222222223,1.5429917550058887,3.058752228406108,HIGH
2024-03-24,6,3,1,84,0.0,63.98029901460567,31.894163109948853,0,0,,0.0,111,110,12,1,0,0,1,138.0,139.66666666666666,123.85714285714286,0.11418685121107262,15.93140056019947,0.0,0.0,-1.0116458493187466,16,93.1111111111111,1.1418685121107262,3.3456126299385724,MEDIUM
2024-03-25,0,3,0,85,0.0,67.96647714421727,31.8161296878818,0,0,,0.0,130,110,13,1,0,0,1,111.0,129.66666666666666,125.14285714285714,-0.11301369863013695,14.135399669253218,0.0,0.0,-4.913831595878122,15,86.44444444444443,-0.0,1.4754078301488331,LOW
2024-03-26,1,3,0,86,0.0,65.4842039263115,34.03165457799473,0,0,,0.0,143,110,13,1,0,0,1,130.0,126.33333333333333,128.14285714285714,0.014492753623188437,12.239670085812122,0.0,0.0,-6.936773217633956,14,84.22222222222221,0.0,1.3576483291691992,MEDIUM
2024-03-27,2,3,0,87,0.0,69.75124194633459,34.23691830795416,0,0,,0.0,143,110,13,1,0,0,0,143.0,128.0,131.28571428571428,0.08922742110990213,12.906255404703137,0.0,0.0,5.770942931728918,13,85.33333333333334,0.0,1.4040002306006674,MEDIUM
2024-03-28,3,3,0,88,0.0,63.087232104960336,31.141974953857662,0,0,,0.0,143,110,13,1,0,0,0,143.0,138.66666666666666,135.14285714285714,0.058139534883720964,11.538754575033547,0.0,0.0,-4.879245039256929,12,92.44444444444444,0.0,1.4577913225793282,MEDIUM
2024-03-29,4,3,0,89,0.0,75.98030835518058,33.624778570247486,0,0,,0.0,164,110,13,1,0,0,0,143.0,143.0,135.42857142857142,0.055907172995780685,11.731114508820042,0.0,0.0,10.496104428869089,11,95.33333333333334,0.0,1.5125164582537556,HIGH
2024-03-30,5,3,1,90,0.0,70.67823026500356,31.97751158684083,0,0,,0.0,125,110,13,1,0,0,1,164.0,150.0,138.85714285714286,0.18106995884773658,16.014874038723846,0.0,0.0,0.9269883186689754,10,100.0,1.8106995884773658,3.6014874038723845,MEDIUM
2024-03-31,6,3,1,91,0.0,71.82942601523256,31.618943309061905,0,0,,0.0,105,110,13,1,0,0,1,125.0,144.0,137.0,-0.08759124087591241,16.862186493255667,0.0,0.0,8.74219391027222,9,96.0,-0.8759124087591241,3.538769903352544,MEDIUM
2024-04-01,0,4,0,92,0.0,64.79108986413303,33.12149855742423,0,0,,0.0,141,110,14,2,0,0,1,105.0,131.33333333333334,136.14285714285714,-0.22875131164742915,18.479074394465513,0.0,0.0,-11.189218491047555,8,87.55555555555557,-0.0,1.6845283679354905,LOW
2024-04-02,1,4,0,93,0.0,64.28056825987777,34.851871166252444,0,0,,0.0,154,110,14,2,0,0,1,141.0,123.66666666666667,137.71428571428572,0.023858921161825666,18.336796209755285,0.0,0.0,-6.397662005125795,7,82.44444444444444,0.0,1.580327932646579,MEDIUM
2024-04-03,2,4,0,94,0.0,65.18656814539156,30.88368253860279,0,0,,0.0,155,110,14,2,0,0,0,154.0,133.33333333333334,139.28571428571428,0.1056410256410257,19.31074213759695,0.0,0.0,-6.642857869840995,6,88.8888888888889,0.0,1.7471440950043091,LOW
2024-04-04,3,4,0,95,0.0,74.10280212897423,33.20216117478682,0,0,,0.0,143,110,14,2,0,0,0,155.0,150.0,141.0,0.09929078014184398,20.207259421636916,0.0,0.0,9.311712264841205,5,100.0,0.0,2.010362971081846,MEDIUM
2024-04-05,4,4,0,96,0.0,66.0746642226492,33.321308639304455,0,0,,0.0,159,110,14,2,0,0,0,143.0,150.66666666666666,141.0,0.014184397163120567,20.207259421636916,0.0,0.0,1.7940959627714363,4,100.0,0.0,2.010362971081846,MEDIUM
2024-04-06,5,4,1,97,0.0,68.88263736844125,32.74682180093267,0,0,,0.0,138,110,14,2,0,0,1,159.0,152.33333333333334,140.28571428571428,0.13340122199592674,19.327995979185975,0.0,0.0,3.6960692230496903,3,100.0,1.3340122199592674,3.9327995979185975,HIGH
2024-04-07,6,4,1,98,0.0,63.42355578251024,31.63166509365721,0,0,,0.0,134,110,14,2,0,0,1,138.0,146.66666666666666,142.14285714285714,-0.029145728643216053,18.206487593058448,0.0,0.0,-10.67924634646399,2,97.77777777777777,-0.2914572864321605,3.7357454535434926,HIGH
2024-04-08,0,4,0,99,0.0,58.50368429098556,33.71755731033609,0,0,,0.0,144,110,15,2,0,0,1,134.0,143.66666666666666,146.28571428571428,-0.08398437499999994,9.621404708847317,0.0,0.0,-7.5709799316636435,1,95.77777777777777,-0.0,1.4185361588347993,MEDIUM
2024-04-09,1,4,0,100,0.0,77.47945267423107,31.24620842018306,0,1,Local Festival,0.0,202,110,15,2,0,0,1,144.0,138.66666666666666,146.71428571428572,-0.01850048685491729,9.411239481143243,0.0,0.0,8.596815305789818,0,92.44444444444444,-0.0,1.3594528471283986,CRITICAL
2024-04-10,2,4,0,101,0.0,70.46553597714674,34.18747691149662,0,0,,0.0,188,110,15,2,0,0,0,202.0,160.0,153.57142857142858,0.31534883720930224,23.114621223063885,0.0,0.0,7.041980194636501,28,100.0,0.0,2.1557310611531944,HIGH
2024-04-11,3,4,0,102,0.0,67.16889778569373,33.6105911842851,0,0,,0.0,174,110,15,2,0,0,0,188.0,178.0,158.28571428571428,0.18772563176895313,26.562594537646916,0.0,0.0,8.66521349470817,27,100.0,0.0,2.328129726882346,HIGH
2024-04-12,4,4,0,103,0.0,68.84292634987658,32.74973397844074,0,0,,0.0,161,110,15,2,0,0,0,174.0,188.0,162.71428571428572,0.06935908691834937,26.170685163074413,0.0,0.0,-8.636526324354492,26,100.0,0.0,2.3085342581537205,HIGH
2024-04-13,5,4,1,104,0.0,71.61079030125609,33.77944392308408,0,0,,0.0,131,110,15,2,0,0,1,161.0,174.33333333333334,163.0,-0.012269938650306749,26.134268690743987,0.0,0.0,1.1452543241093451,25,100.0,-0.12269938650306748,4.613426869074399,LOW
2024-04-14,6,4,1,105,0.0,68.44735927677416,31.72697324390604,0,0,,0.0,109,110,15,2,0,0,1,131.0,155.33333333333334,162.0,-0.19135802469135801,27.35568192045913,0.0,0.0,1.278461491080435,24,100.0,-1.91358024691358,4.735568192045913,CRITICAL
2024-04-15,0,4,0,106,0.0,63.50659227357336,34.80929168850339,0,0,,1.0,141,110,16,2,0,0,1,109.0,133.66666666666666,158.42857142857142,-0.3119927862939585,32.725408797330275,0.0,0.0,-5.336334076303217,23,89.11111111111111,-0.0,2.349209880858827,LOW
2024-04-16,1,4,0,107,0.0,73.13079628387256,33.52940009214068,0,0,,0.0,126,110,16,2,0,0,1,141.0,127.0,158.0,-0.10759493670886076,32.964627506869654,0.0,0.0,1.5200059826164676,22,84.66666666666667,-0.0,2.2421692311241483,CRITICAL
2024-04-17,2,4,0,108,0.0,81.95054743606293,32.343378658347746,0,0,,0.0,140,110,16,2,0,0,0,126.0,125.33333333333333,147.14285714285714,-0.1436893203883495,28.23371844342961,0.0,0.0,13.503188159288769,21,83.55555555555554,-0.0,2.015097570525503,LOW
2024-04-18,3,4,0,109,0.0,71.44187258642948,30.80065063462699,0,0,,0.0,147,110,16,2,0,0,0,140.0,135.66666666666666,140.28571428571428,-0.0020366598778003495,21.73870807043114,0.0,0.0,7.935280312856122,20,90.44444444444444,-0.0,1.887517131629497,HIGH
2024-04-19,4,4,0,110,0.0,67.42981000082139,31.253338001006718,0,0,,0.0,137,110,16,2,0,0,0,147.0,137.66666666666666,136.42857142857142,0.0774869109947645,16.531355488456278,0.0,0.0,-5.700986283051165,19,91.77777777777777,0.0,1.6763833129702712,MEDIUM
2024-04-20,5,4,1,111,0.0,68.76921162464981,33.5083448484872,0,0,,0.0,127,110,16,2,0,0,1,137.0,141.33333333333334,133.0,0.03007518796992481,12.609520212918445,0.0,0.0,-13.18133581141312,18,94.22222222222223,0.3007518796992481,3.072541460061649,CRITICAL
2024-04-21,6,4,1,112,0.0,59.74179778745888,31.7146124496885,0,0,,0.0,106,110,16,2,0,0,1,127.0,137.0,132.42857142857142,-0.040992448759438964,12.804389128434819,0.0,0.0,-11.700074798970604,17,91.33333333333333,-0.40992448759438965,2.9961342070637134,LOW
2024-04-22,0,4,0,113,0.0,62.25168258839801,32.437488321607475,0,0,,0.0,125,110,17,2,0,0,1,106.0,123.33333333333333,132.0,-0.19696969696969696,13.735598518690963,0.0,0.0,-5.178127412423379,16,82.22222222222221,-0.0,1.3869079391017396,LOW
2024-04-23,1,4,0,114,0.0,70.15090007609524,30.697705679283185,0,0,,0.0,155,110,17,2,0,0,1,125.0,119.33333333333333,129.71428571428572,-0.03634361233480182,13.313079855468974,0.0,0.0,1.3816884514454273,15,79.55555555555556,-0.0,1.3251202875842103,HIGH
2024-04-24,2,4,0,115,0.0,67.962965660568,34.8240073355719,0,0,,0.0,145,110,17,2,0,0,0,155.0,128.66666666666666,133.85714285714286,0.1579509071504802,16.170225430592776,0.0,0.0,8.221167873109124,14,85.77777777777777,0.0,1.5513007795787568,MEDIUM
2024-04-25,3,4,0,116,0.0,65.7743479949819,31.936626416022307,0,0,,0.0,145,110,17,2,0,0,0,145.0,141.66666666666666,134.57142857142858,0.07749469214437357,16.59173632522266,0.0,0.0,3.522665406583883,13,94.44444444444444,0.0,1.7279431042466253,MEDIUM
2024-04-26,4,4,0,117,0.0,65.08785628129169,32.06307448189123,0,0,,0.0,152,110,17,2,0,0,0,145.0,148.33333333333334,134.28571428571428,0.07978723404255325,16.357610723190213,0.0,0.0,-5.063043794803548,12,98.88888888888889,0.0,1.797681863535516,MEDIUM
2024-04-27,5,4,1,118,0.0,68.09600482523635,31.386098931612946,0,0,,0.0,122,110,17,2,0,0,1,152.0,147.33333333333334,136.42857142857142,0.11413612565445036,17.699878934210634,0.0,0.0,0.13303916466834664,11,98.22222222222223,1.1413612565445037,3.7029658864269117,HIGH
2024-04-28,6,4,1,119,0.0,70.80389181377902,34.226256025326975,0,0,,0.0,113,110,17,2,0,0,1,122.0,139.66666666666666,135.71428571428572,-0.10105263157894742,18.236541025409057,0.0,0.0,5.029543818797123,10,93.1111111111111,-1.0105263157894742,3.560246819921421,MEDIUM
2024-04-29,0,4,0,120,0.0,71.65841328823285,35.83308412306419,0,0,,0.0,137,110,18,2,0,0,1,113.0,129.0,136.71428571428572,-0.17345872518286315,16.43892013600937,0.0,0.0,6.570557006941158,9,86.0,-0.0,1.5668735658484028,MEDIUM
2024-04-30,1,4,0,121,0.0,62.49728916556946,32.021383490707585,0,0,,0.0,147,110,18,2,0,0,1,137.0,124.0,138.42857142857142,-0.010319917440660388,15.618975028867299,0.0,0.0,-5.598715659666887,8,82.66666666666667,-0.0,1.4722509678598483,HIGH
2024-05-01,2,5,0,122,0.0,73.53850437541891,31.840735596357717,0,0,,0.0,137,110,18,2,0,0,0,147.0,132.33333333333334,137.28571428571428,0.07075962539021859,14.453538041073578,0.0,0.0,2.734612561639892,7,88.22222222222223,0.0,1.5197838447006902,LOW
2024-05-02,3,5,0,123,0.0,66.8251488714502,28.38504741053177,0,0,,0.0,146,110,18,2,0,0,0,137.0,140.33333333333334,136.14285714285714,0.006295907660021016,14.052622192181406,0.0,0.0,-4.833264416782654,6,93.55555555555556,0.0,1.5929059936564858,LOW
2024-05-03,4,5,0,124,7.5213176005456575,69.39446633330046,32.061819534814575,0,0,,0.0,146,110,18,2,0,0,0,146.0,143.33333333333334,136.28571428571428,0.07127882599580719,14.16232426444994,0.0,7.5213176005456575,6.8971771677309945,5,95.55555555555556,0.0,1.632199937079275,CRITICAL
2024-05-04,5,5,1,125,0.0,63.908362101449136,32.13321890135975,0,0,,0.0,128,110,18,2,0,0,1,146.0,143.0,135.42857142857142,0.07805907172995791,13.201731488169004,7.5213176005456575,7.5213176005456575,-9.630142273969774,4,95.33333333333334,0.7805907172995791,3.1652317352054458,HIGH
2024-05-05,6,5,1,126,0.0,73.76452992861228,31.89397663407909,0,0,,0.0,119,110,18,2,0,0,1,128.0,140.0,136.28571428571428,-0.06079664570230602,12.351980754981259,0.0,7.5213176005456575,6.93938105716208,3,93.33333333333333,-0.6079664570230602,3.0195182037982504,MEDIUM
2024-05-06,0,5,0,127,0.0,63.78760621117128,32.02255748824475,0,0,,0.0,130,110,19,2,0,0,1,119.0,131.0,137.14285714285714,-0.13229166666666664,10.54243127285429,0.0,0.0,-5.606860122129177,2,87.33333333333333,-0.0,1.333686165581304,LOW
2024-05-07,1,5,0,128,0.0,66.89279094261715,34.59996245181824,0,0,,0.0,135,110,19,2,0,0,1,130.0,125.66666666666667,136.14285714285714,-0.045120671563483705,10.884676865951937,0.0,0.0,2.984428841168018,1,83.77777777777779,-0.0,1.2937247976070978,LOW
2024-05-08,2,5,0,129,0.0,64.00445628814283,28.56635405602508,0,1,Local Festival,0.0,178,110,19,2,0,0,0,135.0,128.0,134.42857142857142,0.004250797024442174,9.778499251881449,0.0,0.0,-9.760073640469443,0,85.33333333333334,0.0,1.2705493014136084,MEDIUM
2024-05-09,3,5,0,130,0.0,64.45552756432897,33.48810630648769,0,0,,0.0,157,110,19,2,0,0,0,178.0,147.66666666666666,140.28571428571428,0.2688391038696538,19.258887867806948,0.0,0.0,0.6679213531576949,30,98.44444444444443,0.0,1.9324097028264973,HIGH
2024-05-10,4,5,0,131,0.0,59.89542308063073,31.26433558226533,0,0,,0.0,153,110,19,2,0,0,0,157.0,156.66666666666666,141.85714285714286,0.10674723061430007,20.227280023346122,0.0,0.0,-6.997367861986426,30,100.0,0.0,2.011364001167306,MEDIUM
2024-05-11,5,5,1,132,0.0,77.76562568245366,30.910870679447708,0,0,,0.0,133,110,19,2,0,0,1,153.0,162.66666666666666,142.85714285714286,0.07099999999999997,20.63515262384856,0.0,0.0,13.761169394310826,30,100.0,0.7099999999999996,4.063515262384856,HIGH
2024-05-12,6,5,1,133,0.0,71.93584347095407,32.962583017916266,0,0,,0.0,118,110,19,2,0,0,1,133.0,147.66666666666666,143.57142857142858,-0.07363184079601998,20.115144732739257,0.0,0.0,7.480315906625094,30,98.44444444444443,-0.7363184079601998,3.9491131370229975,LOW
2024-05-13,0,5,0,134,0.0,69.54718943951966,30.575983248723706,0,0,,0.0,113,110,20,2,0,0,1,118.0,134.66666666666666,143.42857142857142,-0.17729083665338638,20.32122980905391,0.0,0.0,9.651766358888928,30,89.77777777777777,-0.0,1.8099752047619753,HIGH
2024-05-14,1,5,0,135,0.0,69.352671374894,34.230980678959895,0,0,,0.0,136,110,20,2,0,0,1,113.0,121.33333333333333,141.0,-0.19858156028368795,23.028967265887825,0.0,0.0,-8.412954307559659,30,80.88888888888889,-0.0,1.7402826760870187,CRITICAL
2024-05-15,2,5,0,136,0.0,67.04392651841826,31.86540502717717,0,0,,0.0,156,110,20,2,0,0,0,136.0,122.33333333333333,141.14285714285714,-0.03643724696356272,22.98861001618389,0.0,0.0,-4.891916952535809,30,81.55555555555554,-0.0,1.7529799862154987,MEDIUM
2024-05-16,3,5,0,137,0.0,64.39632163762542,33.476135037806465,0,0,,0.0,144,110,20,2,0,0,0,156.0,135.0,138.0,0.13043478260869565,18.092355660149185,0.0,0.0,-5.150867801894236,30,90.0,0.0,1.7141560047067135,MEDIUM
2024-05-17,4,5,0,138,0.0,73.8813338672472,30.481064715977794,0,0,,0.0,131,110,20,2,0,0,0,144.0,145.33333333333334,136.14285714285714,0.05771248688352574,16.405573965663486,0.0,0.0,4.528662492353206,30,96.88888888888889,0.0,1.7636478054476978,MEDIUM
2024-05-18,5,5,1,139,0.0,67.51921848544625,30.749786815910262,0,0,,0.0,113,110,20,2,0,0,1,131.0,143.66666666666666,133.0,-0.015037593984962405,14.651507317223855,0.0,0.0,0.47529196702798515,30,95.77777777777777,-0.15037593984962405,3.3188443674941066,HIGH
2024-05-19,6,5,1,140,0.0,74.43236447040424,32.41874928706527,0,0,,0.0,92,110,20,2,0,0,1,113.0,129.33333333333334,130.14285714285714,-0.13172338090010974,16.486646833407953,0.0,0.0,10.036042832778818,30,86.22222222222223,-1.3172338090010973,3.1459597714138416,LOW
2024-05-20,0,5,0,141,0.0,72.92212839799895,33.24252011552259,0,0,,0.0,108,110,21,2,0,0,1,92.0,112.0,126.42857142857143,-0.27231638418079096,21.762790437327727,0.0,0.0,-0.9592054692482606,30,74.66666666666667,-0.0,1.559144176326902,LOW
2024-05-21,1,5,0,142,0.0,67.97102648538912,30.83402404150025,0,0,,0.0,134,110,21,2,0,0,1,108.0,104.33333333333333,125.71428571428571,-0.14090909090909087,22.35109457211042,0.0,0.0,0.45180799994287213,30,69.55555555555554,-0.0,1.4728769556745067,MEDIUM
2024-05-22,2,5,0,143,0.0,71.80264248285107,32.98075470381867,0,0,,0.0,125,110,21,2,0,0,0,134.0,111.33333333333333,125.42857142857143,0.06833712984054668,22.21003634138651,0.0,0.0,-2.629721987553168,30,74.22222222222223,0.0,1.5664613486692327,MEDIUM
2024-05-23,3,5,0,144,0.0,66.14293734466949,32.46818319193849,0,0,,0.0,132,110,21,2,0,0,0,125.0,122.33333333333333,121.0,0.03305785123966942,17.738846260866584,0.0,0.0,-6.7791910533294555,30,81.55555555555554,0.0,1.538906286415337,MEDIUM
2024-05-24,4,5,0,145,0.0,75.50668091933947,33.70702767865311,0,0,,0.0,140,110,21,2,0,0,0,132.0,130.33333333333334,119.28571428571429,0.10658682634730533,15.596092306667348,0.0,0.0,7.535654433950356,30,86.8888888888889,0.0,1.546452454656326,MEDIUM
2024-05-25,5,5,1,146,0.0,72.79281657911606,32.54768726742707,0,0,,0.0,102,110,21,2,0,0,1,140.0,132.33333333333334,120.57142857142857,0.16113744075829387,17.027988165146656,0.0,0.0,0.9901740962649939,30,88.22222222222223,1.6113744075829386,3.266691400347383,MEDIUM
2024-05-26,6,5,1,147,0.0,72.34266751969821,30.55330610168005,0,0,,0.0,71,110,21,2,0,0,1,102.0,124.66666666666667,119.0,-0.14285714285714285,18.303005217722937,0.0,0.0,6.199730175028719,30,83.11111111111111,-1.4285714285714284,3.1834053225396395,LOW
2024-05-27,0,5,0,148,0.0,64.24448753383447,27.84841142798688,0,0,,0.0,84,110,22,2,0,0,1,71.0,104.33333333333333,116.0,-0.3879310344827586,24.22808287917127,0.0,0.0,-11.262193385505,30,69.55555555555554,-0.0,1.5381544379089565,MEDIUM
2024-05-28,1,5,0,149,0.0,70.7461103711032,30.94775118054342,0,0,,1.0,132,110,22,2,0,0,1,84.0,85.66666666666667,112.57142857142857,-0.25380710659898476,27.079248776243872,0.0,0.0,-2.046706208012864,30,57.111111111111114,-0.0,1.344374103943853,HIGH
2024-05-29,2,5,0,150,0.0,68.04295395629178,30.23843029097629,0,0,,0.0,140,110,22,2,0,0,0,132.0,95.66666666666667,112.28571428571429,0.1755725190839694,26.82482858419452,0.0,0.0,-4.299713563406428,30,63.77777777777778,0.0,1.4931917559626475,LOW
2024-05-30,3,5,0,151,0.0,61.90582489123922,31.94981228549071,0,0,,0.0,134,110,22,2,0,0,0,140.0,118.66666666666667,114.42857142857143,0.22347066167290885,28.553208476206414,0.0,0.0,-2.338662642595253,30,79.11111111111111,0.0,1.9205491352810535,LOW
2024-05-31,4,5,0,152,0.0,66.5455564093158,30.93007899296133,0,0,,0.0,145,110,22,2,0,0,0,134.0,135.33333333333334,114.71428571428571,0.16811955168119558,28.767541232636137,0.0,0.0,-4.200553961787406,30,90.22222222222223,0.0,2.1999579711611412,MEDIUM
2024-06-01,5,6,1,153,0.0,99.37776847049236,30.221299257630093,0,0,,0.0,118,110,22,2,0,1,1,145.0,139.66666666666666,115.42857142857143,0.2561881188118812,29.551407991595028,0.0,0.0,31.334814514200573,30,93.1111111111111,2.5618811881188117,4.613786655217403,HIGH
2024-06-02,6,6,1,154,0.0,100.0,32.11600832459731,0,0,,0.0,124,110,22,2,0,1,1,118.0,132.33333333333334,117.71428571428571,0.0024271844660194693,28.952341791953344,0.0,0.0,38.09417510876078,29,88.22222222222223,0.02427184466019469,4.318684375867884,CRITICAL
2024-06-03,0,6,0,155,0.0,100.0,30.325000953783807,0,0,,0.0,122,110,23,2,0,1,1,124.0,129.0,125.28571428571429,-0.010262257696693321,20.352839979670915,0.0,0.0,33.45444359068421,28,86.0,-0.0,1.7351721191258493,LOW
2024-06-04,1,6,0,156,0.0,100.0,29.22555858106473,0,0,,0.0,130,110,23,2,0,1,1,122.0,121.33333333333333,130.71428571428572,-0.06666666666666672,9.877825093178458,0.0,0.0,0.6222315295076442,27,80.88888888888889,-0.0,1.2083920371018844,LOW
2024-06-05,2,6,0,157,0.0,100.0,27.88709748014071,0,0,,0.0,147,110,23,2,0,1,0,130.0,125.33333333333333,130.42857142857142,-0.003285870755750181,9.863352081605504,0.0,0.0,0.0,26,83.55555555555554,-0.0,1.247624486964852,MEDIUM
2024-06-06,3,6,0,158,0.0,100.0,32.600102211030965,0,0,,0.0,145,110,23,2,0,1,0,147.0,133.0,131.42857142857142,0.11847826086956532,11.252512946850823,0.0,0.0,0.0,25,88.66666666666667,0.0,1.3855280739770532,CRITICAL
2024-06-07,4,6,0,159,0.0,90.50411806042266,30.085595481810294,0,0,,0.0,141,110,23,2,0,1,0,145.0,140.66666666666666,133.0,0.09022556390977443,12.382783747337747,0.0,0.0,-9.495881939577345,24,93.77777777777777,0.0,1.5183927490418365,HIGH
2024-06-08,5,6,1,160,0.0,100.0,30.46027740334399,0,0,,0.0,109,110,23,2,0,1,1,141.0,144.33333333333334,132.42857142857142,0.06472491909385122,11.816050423853389,0.0,0.0,0.0,23,96.22222222222223,0.6472491909385123,3.0614110741174487,HIGH
2024-06-09,6,6,1,161,0.0,96.888109025046,30.52570364859002,0,0,,0.0,90,110,23,2,0,1,1,109.0,131.66666666666666,131.14285714285714,-0.1688453159041394,13.945472042071154,0.0,0.0,-3.111890974953994,22,87.77777777777777,-1.688453159041394,2.97965810147069,LOW
2024-06-10,0,6,0,162,0.0,98.33250551857908,28.45228088203972,0,0,,0.0,123,110,24,2,0,1,1,90.0,113.33333333333333,126.28571428571429,-0.2873303167420815,20.989793438036127,0.0,0.0,7.828387458156428,21,75.55555555555556,-0.0,1.5485033076591426,LOW
2024-06-11,1,6,0,163,0.0,100.0,27.54628047071024,0,0,,0.0,123,110,24,2,0,1,1,123.0,107.33333333333333,126.42857142857143,-0.027118644067796627,20.959143930173063,0.0,0.0,0.0,20,71.55555555555554,-0.0,1.465427149501747,LOW
2024-06-12,2,6,0,164,0.0,94.02058468982408,30.232439207009342,0,0,,0.0,117,110,24,2,0,1,0,123.0,112.0,125.42857142857143,-0.019362186788154913,20.92731184247935,0.0,0.0,-2.8675243352219297,19,74.66666666666667,-0.0,1.5279529754525625,LOW
2024-06-13,3,6,0,165,0.0,100.0,31.665780063855067,0,0,,0.0,135,110,24,2,0,1,0,117.0,121.0,121.14285714285714,-0.034198113207547134,18.72990987190055,0.0,0.0,1.667494481420917,18,80.66666666666666,-0.0,1.5621063648333218,HIGH
2024-06-14,4,6,0,166,35.7813266706906,100.0,24.163558437084504,0,0,,0.0,141,110,24,2,0,1,0,135.0,125.0,119.71428571428571,0.1276849642004774,16.898858794942985,0.0,35.7813266706906,0.0,17,83.33333333333334,0.0,1.5374524497892914,HIGH
2024-06-15,5,6,1,167,5.470697795232859,98.64942156457144,25.63007674262108,0,0,,0.0,84,110,24,2,0,1,1,141.0,131.0,119.71428571428571,0.17780429594272082,16.898858794942985,35.7813266706906,41.25202446592346,4.628836874747364,16,87.33333333333333,1.7780429594272082,3.222500334758354,CRITICAL
2024-06-16,6,6,1,168,0.0,100.0,30.633997150214316,0,0,,0.0,77,110,24,2,0,1,1,84.0,120.0,116.14285714285714,-0.27675276752767525,21.54397496152577,5.470697795232859,41.25202446592346,0.0,15,80.0,-2.7675276752767526,3.323517996922062,HIGH
2024-06-17,0,6,0,169,0.0,100.0,28.02517002648289,0,0,,0.0,102,110,25,2,0,1,1,77.0,100.66666666666667,114.28571428571429,-0.32625000000000004,24.52695310411426,0.0,5.470697795232859,0.0,14,67.11111111111111,-0.0,1.4941266486047229,LOW
2024-06-18,1,6,0,170,24.162597972314632,100.0,25.7918480724811,0,0,,0.0,134,110,25,2,0,1,1,102.0,87.66666666666667,111.28571428571429,-0.08344030808729144,24.567690745599574,0.0,24.162597972314632,1.3505784354285595,13,58.44444444444444,-0.0,1.3023669628991876,MEDIUM
2024-06-19,2,6,0,171,13.308344840667552,100.0,27.20850412390628,0,0,,0.0,141,110,25,2,0,1,0,134.0,104.33333333333333,112.85714285714286,0.18734177215189868,25.76450123347073,24.162597972314632,37.47094281298219,0.0,12,69.55555555555554,0.0,1.591587654008482,HIGH
2024-06-20,3,6,0,172,13.011929506322163,100.0,30.42756194712971,0,0,,0.0,139,110,25,2,0,1,0,141.0,125.66666666666667,116.28571428571429,0.21253071253071246,27.914836471634356,13.308344840667552,50.48287231930435,0.0,11,83.77777777777779,0.0,2.0070992610895724,HIGH
2024-06-21,4,6,0,173,0.0,100.0,29.70282548849436,0,0,,1.0,154,110,25,2,0,1,0,139.0,138.0,116.85714285714286,0.18948655256723712,28.39852444188224,13.011929506322163,26.320274346989713,0.0,10,92.0,0.0,2.2263321243265835,HIGH
2024-06-22,5,6,1,174,0.0,99.96478600537633,30.697608917213323,0,0,,0.0,111,110,25,2,0,1,1,154.0,144.66666666666666,118.71428571428571,0.29723225030084244,30.581662728473223,0.0,13.011929506322163,-0.035213994623674694,9,96.44444444444443,2.9723225030084244,4.878320360923862,HIGH
2024-06-23,6,6,1,175,1.5083756518764402,100.0,27.519004954961375,0,0,,0.0,110,110,25,2,0,1,1,111.0,134.66666666666666,122.57142857142857,-0.09440559440559439,26.962054464605906,0.0,1.5083756518764402,0.0,8,89.77777777777777,-0.9440559440559438,4.216148889711285,LOW
2024-06-24,0,6,0,176,0.0,100.0,30.77459015719137,0,0,,0.0,112,110,26,2,0,1,1,110.0,125.0,127.28571428571429,-0.13580246913580252,19.525319337672588,1.5083756518764402,1.5083756518764402,0.0,7,83.33333333333334,-0.0,1.6468883057363581,HIGH
2024-06-25,1,6,0,177,0.0,97.84102105679897,27.14362006758849,0,0,,0.0,120,110,26,2,0,1,1,112.0,111.0,128.71428571428572,-0.12985571587125422,17.641941368174074,0.0,1.5083756518764402,-2.12376494857736,6,74.0,-0.0,1.3927518306224407,LOW
2024-06-26,2,6,0,178,0.0,99.1548007821463,28.204311133592388,0,0,,0.0,113,110,26,2,0,1,0,120.0,114.0,126.71428571428571,-0.05298759864712509,17.736161607614665,0.0,0.0,-0.845199217853704,5,76.0,-0.0,1.4339741410893572,LOW
2024-06-27,3,6,0,179,0.0,100.0,29.16620348611857,0,0,,0.0,123,110,26,2,0,1,0,113.0,115.0,122.71428571428571,-0.07916181606519204,17.124196192466666,0.0,0.0,0.0,4,76.66666666666667,-0.0,1.4230941873778888,LOW
2024-06-28,4,6,0,180,0.0,100.0,29.08825772022557,0,0,,0.0,114,110,26,2,0,1,0,123.0,118.66666666666667,120.42857142857143,0.02135231316725977,15.586929811620209,0.0,0.0,2.158978943201035,3,79.11111111111111,0.0,1.4076607792151994,LOW
2024-06-29,5,6,1,181,0.0,100.0,27.672756379377944,0,0,,1.0,116,110,26,2,0,1,1,114.0,116.66666666666667,114.71428571428571,-0.0062266500622664474,4.889249625939949,0.0,0.0,0.845199217853704,2,77.77777777777779,-0.06226650062266448,1.9358305264619964,MEDIUM
2024-06-30,6,6,1,182,0.0,100.0,30.35790027685173,0,0,,0.0,101,110,26,2,0,1,1,116.0,117.66666666666667,115.42857142857143,0.004950495049504933,4.613644360557773,0.0,0.0,0.0,1,78.44444444444446,0.049504950495049334,1.930803657617088,LOW
2024-07-01,0,7,0,183,0.0,92.94587750956065,26.195259225406485,0,1,Local Festival,0.0,147,110,27,3,0,1,1,101.0,110.33333333333333,114.14285714285714,-0.11514392991239046,7.010196655076733,0.0,0.0,-7.0541224904393545,0,73.55555555555556,-0.0,0.9933750103144887,LOW
2024-07-02,1,7,0,184,0.6122297817632579,96.25640607156406,28.96684330856175,0,0,,0.0,114,110,27,3,0,1,1,147.0,121.33333333333333,119.14285714285714,0.23381294964028781,14.111798508441458,0.0,0.6122297817632579,-3.743593928435942,30,80.88888888888889,0.0,1.3796327396747434,MEDIUM
2024-07-03,2,7,0,185,0.0,100.0,27.563484955529344,0,0,,1.0,147,110,27,3,0,1,0,114.0,120.66666666666667,118.28571428571429,-0.036231884057971064,14.232758993653398,0.6122297817632579,0.6122297817632579,0.0,30,80.44444444444446,-0.0,1.3769176395225036,HIGH
2024-07-04,3,7,0,186,0.0,100.0,27.4065158005276,0,0,,0.0,136,110,27,3,0,1,0,147.0,136.0,123.14285714285714,0.19373549883990723,17.54450124140092,0.0,0.6122297817632579,7.0541224904393545,30,90.66666666666666,0.0,1.702017389610175,HIGH
2024-07-05,4,7,0,187,0.0,100.0,26.814016344339816,0,0,,0.0,137,110,27,3,0,1,0,136.0,132.33333333333334,125.0,0.088,18.20256392196793,0.0,0.0,3.743593928435942,30,88.22222222222223,0.0,1.685157541891252,HIGH
2024-07-06,5,7,1,188,0.0,94.44293493932784,27.449850018166376,0,0,,0.0,105,110,27,3,0,1,1,137.0,140.0,128.28571428571428,0.06792873051224951,17.960273621841754,0.0,0.0,-5.5570650606721586,30,93.33333333333333,0.6792873051224951,3.542958871371897,MEDIUM
2024-07-07,6,7,1,189,32.543252536285976,100.0,23.94602234868914,0,0,,0.0,106,110,27,3,0,1,1,105.0,126.0,126.71428571428571,-0.17136414881623446,19.618989828856062,0.0,32.543252536285976,0.0,30,84.0,-1.7136414881623447,3.3279951456239094,LOW
2024-07-08,0,7,0,190,0.0,96.9889396981911,28.059420496849636,0,0,,0.0,93,110,28,3,0,1,1,106.0,116.0,127.42857142857143,-0.1681614349775785,18.590832354121304,32.543252536285976,32.543252536285976,-3.0110603018088966,30,77.33333333333333,-0.0,1.4921788510260237,MEDIUM
2024-07-09,1,7,0,191,0.0,100.0,26.41084728308727,0,0,,1.0,122,110,28,3,0,1,1,93.0,101.33333333333333,119.71428571428571,-0.2231503579952267,20.246104857595583,0.0,32.543252536285976,5.5570650606721586,30,67.55555555555556,-0.0,1.3594239863010062,MEDIUM
2024-07-10,2,7,0,192,0.0,99.49922961760024,26.88045431004197,0,0,,0.0,118,110,28,3,0,1,0,122.0,107.0,120.85714285714286,0.009456264775413678,20.09501241128051,0.0,0.0,-0.5007703823997645,30,71.33333333333334,0.0,1.4300554426690049,LOW
2024-07-11,3,7,0,193,0.0,100.0,26.76949742843944,0,0,,0.0,105,110,28,3,0,1,0,118.0,111.0,116.71428571428571,0.011015911872705071,16.469307673308187,0.0,0.0,3.0110603018088966,30,74.0,0.0,1.349364383912403,LOW
2024-07-12,4,7,0,194,0.0,100.0,25.8118671250116,0,0,,0.0,97,110,28,3,0,1,0,105.0,115.0,112.28571428571429,-0.06488549618320616,14.46506464686856,0.0,0.0,0.0,30,76.66666666666667,-0.0,1.321160811463295,MEDIUM
2024-07-13,5,7,1,195,0.0,97.3696098389402,26.91136611541464,0,0,,0.0,74,110,28,3,0,1,1,97.0,106.66666666666667,106.57142857142857,-0.08981233243967826,10.406042200841979,0.0,0.0,-2.129619778660029,30,71.11111111111111,-0.8981233243967826,2.1622074453932076,LOW
2024-07-14,6,7,1,196,59.2281279536371,100.0,19.229119266245316,0,0,,0.0,93,110,28,3,0,1,1,74.0,92.0,102.14285714285714,-0.2755244755244755,16.18052915727766,0.0,59.2281279536371,0.0,30,61.33333333333333,-2.755244755244755,2.2190724549796963,MEDIUM
2024-07-15,0,7,0,197,0.0,100.0,26.342897761918003,0,0,,0.0,86,110,29,3,0,1,1,93.0,88.0,100.28571428571429,-0.07264957264957271,16.40847632286689,59.2281279536371,59.2281279536371,0.0,30,58.666666666666664,-0.0,1.0679819721374286,LOW
2024-07-16,1,7,0,198,27.25045952081724,100.0,24.73053541083439,0,0,,0.0,118,110,29,3,0,1,1,86.0,84.33333333333333,99.28571428571429,-0.1338129496402878,17.124196192466467,0.0,86.47858747445434,2.6303901610597933,30,56.222222222222214,-0.0,1.0436024040771128,LOW
2024-07-17,2,7,0,199,0.0,99.45225354265398,25.692828211616227,0,0,,0.0,120,110,29,3,0,1,0,118.0,99.0,98.71428571428571,0.19536903039073814,16.286131991301154,27.25045952081724,27.25045952081724,-0.5477464573460225,30,66.0,0.0,1.1974423557129381,LOW
2024-07-18,3,7,0,200,0.0,100.0,24.635001768878677,0,0,,0.0,113,110,29,3,0,1,0,120.0,108.0,99.0,0.21212121212121213,16.693312034064853,0.0,27.25045952081724,0.0,30,72.0,0.0,1.3209592332263347,MEDIUM
2024-07-19,4,7,0,201,0.0,93.33421344673172,30.05665129330881,0,0,,0.0,112,110,29,3,0,1,0,113.0,117.0,100.14285714285714,0.12838801711840234,17.430132638896122,0.0,0.0,-6.665786553268276,30,78.0,0.0,1.4597751729169488,LOW
2024-07-20,5,7,1,202,0.0,90.59118360981878,28.100066620563105,0,0,,0.0,101,110,29,3,0,1,1,112.0,115.0,102.28571428571429,0.09497206703910609,17.895197546774497,0.0,0.0,-8.861069932835193,30,76.66666666666667,0.9497206703910609,2.905298478586045,LOW
2024-07-21,6,7,1,203,0.0,95.984451137552,25.45918595514337,0,0,,0.0,88,110,29,3,0,1,1,101.0,108.66666666666667,106.14285714285714,-0.04845222072678328,13.031098334734244,0.0,0.0,-4.015548862448,30,72.44444444444444,-0.4845222072678328,2.3929195682496363,LOW
2024-07-22,0,7,0,204,0.0,100.0,27.91438737049424,0,0,,0.0,96,110,30,3,0,1,1,88.0,100.33333333333333,105.42857142857143,-0.16531165311653118,13.974466511667051,0.0,0.0,6.665786553268276,30,66.88888888888889,-0.0,1.1362571577790868,MEDIUM
2024-07-23,1,7,0,205,0.0,98.52229379926726,26.339933444345117,0,0,,0.0,104,110,30,3,0,1,1,96.0,95.0,106.85714285714286,-0.10160427807486634,12.033682886361673,0.0,0.0,7.931110189448475,30,63.33333333333333,-0.0,1.0143999580681196,LOW
2024-07-24,2,7,0,206,0.0,95.56650765660986,26.16126444128723,0,0,,0.0,123,110,30,3,0,1,0,104.0,96.0,104.85714285714286,-0.008174386920980966,10.991338581333634,0.0,0.0,-0.4179434809421423,30,64.0,-0.0,0.9917228346026764,LOW
2024-07-25,3,7,0,207,0.0,92.78159900319346,25.866244284773543,0,0,,0.0,107,110,30,3,0,1,0,123.0,107.66666666666667,105.28571428571429,0.16824966078697415,11.714866419984686,0.0,0.0,-7.218400996806537,30,71.77777777777779,0.0,1.1382113170727837,MEDIUM
2024-07-26,4,7,0,208,0.0,100.0,27.230900561781525,0,0,,0.0,94,110,30,3,0,1,0,107.0,111.33333333333333,104.42857142857143,0.024623803009575902,11.267314717907292,0.0,0.0,1.4777062007327402,30,74.22222222222223,0.0,1.1603647906423373,LOW
2024-07-27,5,7,1,209,0.0,100.0,24.245846836362126,0,0,,0.0,77,110,30,3,0,1,1,94.0,108.0,101.85714285714286,-0.07713884992987381,11.305287427107393,0.0,0.0,4.433492343390142,30,72.0,-0.7713884992987381,2.253980694751732,LOW
2024-07-28,6,7,1,210,0.0,100.0,24.628462120614003,0,0,,0.0,75,110,30,3,0,1,1,77.0,92.66666666666667,98.42857142857143,-0.2177068214804064,14.729303478181471,0.0,0.0,7.218400996806537,30,61.77777777777778,-2.177068214804064,2.1454991926520997,MEDIUM
2024-07-29,0,7,0,211,0.0,96.76379681005976,25.555879746776597,0,0,,0.0,91,110,31,3,0,1,1,75.0,82.0,96.57142857142857,-0.22337278106508873,16.919979736562976,0.0,0.0,-3.236203189940241,30,54.666666666666664,-0.0,1.009146112799388,MEDIUM
2024-07-30,1,7,0,212,0.0,96.12293846638929,24.36984845448117,0,0,,0.0,103,110,31,3,0,1,1,91.0,81.0,95.85714285714286,-0.0506706408345753,17.053138239324483,0.0,0.0,-3.877061533610714,30,54.0,-0.0,1.000434732461761,LOW
2024-07-31,2,7,0,213,0.0,100.0,24.341243511800016,0,0,,0.0,112,110,31,3,0,1,0,103.0,89.66666666666667,95.71428571428571,0.07611940298507469,16.97757624745306,0.0,0.0,0.0,30,59.777777777777786,0.0,1.1052186678405418,MEDIUM
2024-08-01,3,8,0,214,0.0,100.0,25.041157791731305,0,0,,0.0,108,110,31,3,0,1,0,112.0,102.0,94.14285714285714,0.18968133535660095,14.334440710267604,0.0,0.0,3.236203189940241,30,68.0,0.0,1.1673709841490985,LOW
2024-08-02,4,8,0,215,0.0,98.19763297897704,26.113473010585267,0,0,,0.0,100,110,31,3,0,1,0,108.0,107.66666666666667,94.28571428571429,0.1454545454545454,14.488090347066056,0.0,0.0,2.0746945125877545,30,71.77777777777779,0.0,1.2377392424558151,LOW
2024-08-03,5,8,1,216,0.0,100.0,25.15704201177754,0,0,,0.0,78,110,31,3,0,1,1,100.0,106.66666666666667,95.14285714285714,0.051051051051051094,14.645005649578199,0.0,0.0,0.0,30,71.11111111111111,0.510510510510511,2.4636448461922273,LOW
2024-08-04,6,8,1,217,0.0,95.13276629300262,25.193957623406817,0,0,,0.0,69,110,31,3,0,1,1,78.0,95.33333333333333,95.28571428571429,-0.1814092953523239,14.442002235542532,0.0,0.0,-4.867233706997382,30,63.55555555555556,-1.8140929535232388,2.188980586525592,HIGH
2024-08-05,0,8,0,218,0.0,96.89476527757282,26.85380722427351,0,0,,0.0,59,110,32,3,0,1,1,69.0,82.33333333333333,94.42857142857143,-0.2692889561270802,15.946338585571954,0.0,0.0,-1.3028677014042245,30,54.888888888888886,-0.0,0.9865272922929191,LOW
2024-08-06,1,8,0,219,0.0,90.22511081354024,25.362051444471163,0,0,,0.0,98,110,32,3,0,1,1,59.0,68.66666666666667,89.85714285714286,-0.34340222575516693,20.907961573114743,0.0,0.0,-9.77488918645976,30,45.77777777777778,-0.0,0.9363377871179597,LOW
2024-08-07,2,8,0,220,0.0,100.0,26.61195178244736,0,0,,0.0,122,110,32,3,0,1,0,98.0,75.33333333333333,89.14285714285714,0.09935897435897441,20.464836276147174,0.0,0.0,4.867233706997382,30,50.22222222222222,0.0,1.0161169998232513,LOW
2024-08-08,3,8,0,221,0.0,100.0,24.6358448128734,0,0,,0.0,101,110,32,3,0,1,0,122.0,93.0,90.57142857142857,0.3470031545741325,22.567359488555592,0.0,0.0,3.105234722427184,30,62.0,0.0,1.3195881441452233,LOW
2024-08-09,4,8,0,222,0.0,100.0,23.58665094453452,0,0,,0.0,113,110,32,3,0,1,0,101.0,107.0,89.57142857142857,0.12759170653907498,21.808692019904203,0.0,0.0,9.77488918645976,30,71.33333333333334,0.0,1.49117668204325,LOW
2024-08-10,5,8,1,223,0.0,100.0,24.14809290324705,0,0,,0.0,78,110,32,3,0,1,1,113.0,112.0,91.42857142857143,0.23593749999999997,23.34421514963326,0.0,0.0,0.0,30,74.66666666666667,2.3593749999999996,3.2363680645059505,LOW
2024-08-11,6,8,1,224,0.0,98.3261233394673,24.11874551909158,0,0,,0.0,71,110,32,3,0,1,1,78.0,97.33333333333333,91.42857142857143,-0.146875,23.34421514963326,0.0,0.0,-1.6738766605326987,30,64.88888888888889,-1.46875,2.812557960820647,LOW
2024-08-12,0,8,0,225,0.0,100.0,25.801037793667696,0,0,,0.0,89,110,33,3,0,1,1,71.0,87.33333333333333,91.71428571428571,-0.22585669781931458,23.03413615856724,0.0,0.0,0.0,30,58.22222222222222,-0.0,1.2527715192827351,LOW
2024-08-13,1,8,0,226,0.0,100.0,22.99483358123351,0,0,,0.0,87,110,33,3,0,1,1,89.0,79.33333333333333,96.0,-0.07291666666666667,18.220867158288236,0.0,0.0,0.0,30,52.888888888888886,-0.0,1.0107295981858444,LOW
2024-08-14,2,8,0,227,53.51513600855683,100.0,21.30041109783258,0,0,,0.0,107,110,33,3,0,1,0,87.0,82.33333333333333,94.42857142857143,-0.07866868381240547,18.491954492491256,0.0,53.51513600855683,1.6738766605326987,30,54.888888888888886,-0.0,1.05639030662726,LOW
2024-08-15,3,8,0,228,0.0,100.0,24.40454171522081,0,0,,0.0,115,110,33,3,0,1,0,107.0,94.33333333333333,92.28571428571429,0.15944272445820426,15.370038882126533,53.51513600855683,53.51513600855683,0.0,30,62.888888888888886,0.0,1.1121912226268675,LOW
2024-08-16,4,8,0,229,0.0,94.6880323592656,25.054076077431663,0,0,,0.0,107,110,33,3,0,1,0,115.0,103.0,94.28571428571429,0.2196969696969696,17.461522324950607,0.0,53.51513600855683,-5.3119676407343945,30,68.66666666666667,0.0,1.2861789331566378,MEDIUM
2024-08-17,5,8,1,230,0.0,92.99255005995296,23.969334316414184,0,0,,0.0,70,110,33,3,0,1,1,107.0,109.66666666666667,93.42857142857143,0.14525993883792046,16.511179473890834,0.0,0.0,-7.007449940047039,30,73.11111111111111,1.4525993883792045,2.6693728993133523,MEDIUM
2024-08-18,6,8,1,231,20.51063604284689,100.0,22.578759258606937,0,0,,0.0,72,110,33,3,0,1,1,70.0,97.33333333333333,92.28571428571429,-0.24148606811145515,17.96955096558476,0.0,20.51063604284689,0.0,30,64.88888888888889,-2.4148606811145514,2.463801973766833,LOW
2024-08-19,0,8,0,232,0.0,100.0,23.706916423123925,0,0,,1.0,99,110,34,3,0,1,1,72.0,83.0,92.42857142857143,-0.22102009273570325,17.775049393809493,20.51063604284689,20.51063604284689,5.3119676407343945,30,55.333333333333336,-0.0,1.045109699895396,LOW
2024-08-20,1,8,0,233,0.0,100.0,24.63684631537742,0,0,,0.0,101,110,34,3,0,1,1,99.0,80.33333333333333,93.85714285714286,0.05479452054794516,17.85523799363958,0.0,20.51063604284689,7.007449940047039,30,53.55555555555556,0.0,1.013679150718571,LOW
2024-08-21,2,8,0,234,0.0,94.9672871736018,25.835397634858364,0,0,,0.0,92,110,34,3,0,1,0,101.0,90.66666666666667,95.85714285714286,0.05365126676602082,17.742872479097365,0.0,0.0,-5.032712826398196,30,60.44444444444444,0.0,1.140673479368276,LOW
2024-08-22,3,8,0,235,0.0,98.1664623440028,26.03070560059721,0,0,,0.0,86,110,34,3,0,1,0,92.0,97.33333333333333,93.71428571428571,-0.018292682926829205,17.06569937734993,0.0,0.0,-1.8335376559972048,30,64.88888888888889,-0.0,1.2025760242429087,LOW
2024-08-23,4,8,0,236,0.0,100.0,23.9847835876386,0,0,,0.0,103,110,34,3,0,1,0,86.0,93.0,89.57142857142857,-0.039872408293460906,14.339422848184416,0.0,0.0,0.0,30,62.0,-0.0,1.0645221082937169,LOW
2024-08-24,5,8,1,237,0.0,100.0,22.70777892362917,0,0,,0.0,79,110,34,3,0,1,1,103.0,93.66666666666667,89.0,0.15730337078651685,13.589211407092472,0.0,0.0,5.032712826398196,30,62.44444444444445,1.5730337078651684,2.0974596456428856,LOW
2024-08-25,6,8,1,238,0.0,98.80533950415152,23.36707312504839,0,0,,0.0,57,110,34,3,0,1,1,79.0,89.33333333333333,90.28571428571429,-0.12500000000000006,11.79991928947317,0.0,0.0,0.6388771601487235,30,59.55555555555555,-1.2500000000000004,1.893861859906402,LOW
2024-08-26,0,8,0,239,0.0,96.44749904151566,20.82371820477108,0,0,,0.0,76,110,35,3,0,1,1,57.0,79.66666666666667,88.14285714285714,-0.35332252836304695,16.21140104400324,0.0,0.0,-3.5525009584843446,30,53.11111111111111,-0.0,0.9616138721685304,LOW
2024-08-27,1,8,0,240,0.0,100.0,26.102346680790497,0,0,,0.0,69,110,35,3,0,1,1,76.0,70.66666666666667,84.85714285714286,-0.10437710437710442,15.973191827021985,0.0,0.0,0.0,30,47.111111111111114,-0.0,0.8473685185920735,LOW
2024-08-28,2,8,0,241,0.0,99.48488399301392,25.611453235486497,0,0,,0.0,91,110,35,3,0,1,0,69.0,67.33333333333333,80.28571428571429,-0.14056939501779367,15.140610794749305,0.0,0.0,0.6795444888624047,30,44.888888888888886,-0.0,0.7887114867265954,LOW
2024-08-29,3,8,0,242,0.0,95.37846749495216,24.21492807383327,0,0,,1.0,116,110,35,3,0,1,0,91.0,78.66666666666667,80.14285714285714,0.13547237076648846,15.015864626326863,0.0,0.0,-1.0690315465634939,30,52.44444444444445,0.0,0.9181937835347934,LOW
2024-08-30,4,8,0,243,0.0,100.0,22.002218402638267,0,0,,0.0,108,110,35,3,0,1,0,116.0,92.0,84.42857142857143,0.3739424703891709,20.31302654995145,0.0,0.0,0.0,30,61.33333333333333,0.0,1.2362661475318442,LOW
2024-08-31,5,8,1,244,4.8057047614780375,100.0,23.94729494677034,0,0,,0.0,97,110,35,3,0,1,1,108.0,105.0,85.14285714285714,0.26845637583892623,21.145752697476677,0.0,4.8057047614780375,0.5151160069860765,30,70.0,2.6845637583892623,2.8802026888233674,MEDIUM
2024-09-01,6,9,1,245,0.0,100.0,21.5809694597622,0,0,,0.0,76,110,35,3,0,1,1,97.0,107.0,87.71428571428571,0.1058631921824105,21.367532112329073,4.8057047614780375,4.8057047614780375,4.621532505047838,30,71.33333333333334,1.058631921824105,2.9508839573461407,LOW
2024-09-02,0,9,0,246,0.0,90.3194234316069,23.748483841281573,0,0,,0.0,79,110,36,3,0,1,1,76.0,93.66666666666667,90.42857142857143,-0.1595576619273302,17.7092926910996,0.0,4.8057047614780375,-9.680576568393107,30,62.44444444444445,-0.0,1.177367916244332,LOW
2024-09-03,1,9,0,247,0.0,100.0,23.79017621923485,0,0,,0.0,85,110,36,3,0,1,1,79.0,84.0,90.85714285714286,-0.13050314465408808,17.334249060059584,0.0,0.0,0.0,30,56.00000000000001,-0.0,1.0453589736816684,MEDIUM
2024-09-04,2,9,0,248,0.0,100.0,24.484412160835547,0,0,,0.0,99,110,36,3,0,1,0,85.0,80.0,93.14285714285714,-0.08742331288343555,14.84844067490513,0.0,0.0,0.0,30,53.333333333333336,-0.0,0.9292917513308034,LOW
2024-09-05,3,9,0,249,0.0,100.0,23.085090367601104,0,0,,0.0,95,110,36,3,0,1,0,99.0,87.66666666666667,94.28571428571429,0.04999999999999993,14.963447527383144,0.0,0.0,9.680576568393107,30,58.44444444444444,0.0,1.0217096333001963,LOW
2024-09-06,4,9,0,250,0.0,95.16843807117434,23.63728604426011,0,0,,0.0,113,110,36,3,0,1,0,95.0,93.0,91.28571428571429,0.040688575899843434,11.614850920470227,0.0,0.0,-4.831561928825664,30,62.0,0.0,0.9800603785345771,MEDIUM
2024-09-07,5,9,1,251,0.0,100.0,23.197974643104136,0,0,,0.0,78,110,36,3,0,1,1,113.0,102.33333333333333,92.0,0.22826086956521738,12.897028081434874,0.0,0.0,0.0,30,68.22222222222221,2.282608695652174,2.2443083602223344,HIGH
2024-09-08,6,9,1,252,0.0,100.0,23.251211248893885,0,0,,0.0,63,110,36,3,0,1,1,78.0,95.33333333333333,89.28571428571429,-0.12640000000000007,13.646907900256414,0.0,0.0,0.0,30,63.55555555555556,-1.2640000000000007,2.1384479243274077,LOW
2024-09-09,0,9,0,253,0.0,97.32335907023038,23.179793345066603,0,0,,0.0,72,110,37,3,0,1,1,63.0,84.66666666666667,87.42857142857143,-0.27941176470588236,16.36925108098615,0.0,0.0,2.1549209990560456,29,56.44444444444445,-0.0,1.0264210860633871,LOW
2024-09-10,1,9,0,254,0.0,98.35536729506956,23.918720985444565,0,0,,0.0,69,110,37,3,0,1,1,72.0,71.0,86.42857142857143,-0.1669421487603306,17.16447050214578,0.0,0.0,-1.6446327049304443,28,47.333333333333336,-0.0,0.8795591352174502,MEDIUM
2024-09-11,2,9,0,255,0.0,100.0,22.868872083563264,0,0,,0.0,76,110,37,3,0,1,0,69.0,68.0,84.14285714285714,-0.17996604414261455,18.406779289422367,0.0,0.0,0.0,27,45.33333333333333,-0.0,0.8705536638935736,MEDIUM
2024-09-12,3,9,0,256,0.0,100.0,22.44146186786529,0,0,,0.0,89,110,37,3,0,1,0,76.0,72.33333333333333,80.85714285714286,-0.06007067137809192,17.334249060059513,0.0,0.0,2.6766409297696185,26,48.222222222222214,-0.0,0.9001702273369904,LOW
2024-09-13,4,9,0,257,0.0,100.0,25.963686430256203,0,0,,0.0,77,110,37,3,0,1,0,89.0,78.0,80.0,0.1125,16.653327995728564,0.0,0.0,1.6446327049304443,25,52.0,0.0,0.9529865278889427,LOW
2024-09-14,5,9,1,258,6.923295872207534,100.0,22.035547995707088,0,0,,0.0,66,110,37,3,0,1,1,77.0,80.66666666666667,74.85714285714286,0.028625954198473226,8.153293228884417,0.0,6.923295872207534,0.0,24,53.77777777777778,0.28625954198473225,1.514021546975562,LOW
2024-09-15,6,9,1,259,0.0,91.9681149719541,24.32916213635009,0,0,,0.0,48,110,37,3,0,1,1,66.0,77.33333333333333,73.14285714285714,-0.09765624999999994,8.629958891916694,6.923295872207534,6.923295872207534,-8.031885028045906,23,51.55555555555556,-0.9765624999999994,1.4760334362054828,LOW
2024-09-16,0,9,0,260,0.0,100.0,25.70532907572758,0,0,,0.0,73,110,38,3,0,1,1,48.0,63.666666666666664,71.0,-0.323943661971831,12.543258481483761,0.0,6.923295872207534,0.0,22,42.44444444444444,-0.0,0.6906402633292664,LOW
2024-09-17,1,9,0,261,0.0,100.0,22.145950278957567,0,0,,0.0,71,110,38,3,0,1,1,73.0,62.333333333333336,71.14285714285714,0.02610441767068279,12.5622260690335,0.0,0.0,0.0,21,41.55555555555556,0.0,0.6765706972121405,LOW
2024-09-18,2,9,0,262,21.855148480489177,100.0,20.970511780928074,0,0,,0.0,87,110,38,3,0,1,0,71.0,64.0,71.42857142857143,-0.006000000000000028,12.528063735165226,0.0,21.855148480489177,8.031885028045906,20,42.66666666666667,-0.0,0.6939320263501916,LOW
2024-09-19,3,9,0,263,0.0,95.36323432904712,23.44292071420227,0,0,,0.0,92,110,38,3,0,1,0,87.0,77.0,73.0,0.1917808219178082,13.820274961084587,21.855148480489177,21.855148480489177,-4.636765670952883,19,51.33333333333333,0.0,0.868053724001171,MEDIUM
2024-09-20,4,9,0,264,60.09519326960847,100.0,17.812381178129765,0,0,,1.0,140,110,38,3,0,1,0,92.0,83.33333333333333,73.42857142857143,0.2529182879377432,14.432107063270283,0.0,81.95034175009765,0.0,18,55.55555555555555,0.0,0.9564474184241745,LOW
2024-09-21,5,9,1,265,0.0,100.0,27.087913597383736,0,0,,0.0,89,110,38,3,0,1,1,140.0,106.33333333333333,82.42857142857143,0.6984402079722704,29.159659022109615,60.09519326960847,60.09519326960847,0.0,17,70.88888888888889,6.984402079722703,3.484873606233993,LOW
2024-09-22,6,9,1,266,0.0,96.72962158436287,20.29848033474804,0,0,,1.0,97,110,38,3,0,1,1,89.0,107.0,85.71428571428571,0.03833333333333341,28.282587609777632,0.0,60.09519326960847,1.3663872553157574,16,71.33333333333334,0.3833333333333341,3.444157916164138,MEDIUM
2024-09-23,0,9,0,267,0.0,100.0,23.378730039307182,0,0,,0.0,90,110,39,3,0,1,1,97.0,108.66666666666667,92.71428571428571,0.046224961479198835,22.95440615447826,0.0,0.0,0.0,15,72.44444444444444,0.0,1.5559040451511015,MEDIUM
2024-09-24,1,9,0,268,0.0,100.0,24.996845124872586,0,0,,0.0,106,110,39,3,0,1,1,90.0,92.0,95.14285714285714,-0.054054054054054015,21.365303425792455,0.0,0.0,0.0,14,61.33333333333333,-0.0,1.2685359717243019,LOW
2024-09-25,2,9,0,269,0.0,94.92790561416,24.19101085660117,0,0,,0.0,97,110,39,3,0,1,0,106.0,97.66666666666667,100.14285714285714,0.05848787446504997,18.703195550747836,0.0,0.0,-1.8017159702028778,13,65.11111111111111,0.0,1.260004032929902,LOW
2024-09-26,3,9,0,270,0.0,97.75526868218226,21.74554430269875,0,0,,0.0,106,110,39,3,0,1,0,97.0,97.66666666666667,101.57142857142857,-0.04500703234880448,17.896527995276195,0.0,0.0,-2.244731317817738,12,65.11111111111111,-0.0,1.2337425225128806,LOW
2024-09-27,4,9,0,271,0.0,100.0,23.22061017348418,0,0,,0.0,113,110,39,3,0,1,0,106.0,103.0,103.57142857142857,0.023448275862068987,17.424667790779786,0.0,0.0,0.0,11,68.66666666666667,0.0,1.2849135941501062,LOW
2024-09-28,5,9,1,272,0.0,100.0,25.54484515720934,0,0,,0.0,87,110,39,3,0,1,1,113.0,105.33333333333333,99.71428571428571,0.13323782234957027,8.938946353164425,0.0,0.0,5.072094385840003,10,70.22222222222221,1.3323782234957027,2.0321571216888796,LOW
2024-09-29,6,9,1,273,0.0,99.47234973998846,22.723881730650668,0,0,,0.0,47,110,39,3,0,1,1,87.0,102.0,99.42857142857143,-0.12500000000000003,9.36050466689896,0.0,0.0,1.7170810578061975,9,68.0,-1.2500000000000002,1.9965143173491293,LOW
2024-09-30,0,9,0,274,0.0,96.83562449347129,22.94449110574643,0,0,,0.0,52,110,40,3,0,1,1,47.0,82.33333333333333,92.28571428571429,-0.49071207430340563,22.028120556190956,0.0,0.0,-3.164375506528714,8,54.888888888888886,-0.0,1.1534384197087963,LOW
2024-10-01,1,10,0,275,0.0,73.26615176365446,19.89937540044656,1,0,,0.0,75,110,40,4,0,0,1,52.0,62.0,86.85714285714286,-0.40131578947368424,26.84168754896339,0.0,0.0,-26.733848236345537,7,41.333333333333336,-0.0,0.9680615426785767,LOW
2024-10-02,2,10,0,276,0.0,62.12962848257589,24.143833889335987,0,0,,1.0,86,110,40,4,0,0,0,75.0,58.0,82.42857142857143,-0.09012131715771232,25.689538356155126,0.0,0.0,-37.34272125741257,6,40.0,-0.0,0.9137907671231025,LOW
2024-10-03,3,10,0,277,0.0,66.40125050744895,23.01812527663073,0,0,,0.0,91,110,40,4,0,0,0,86.0,71.0,80.85714285714286,0.06360424028268546,24.976179127510832,0.0,0.0,-30.434373986022337,5,47.333333333333336,0.0,1.06443623935109,LOW
2024-10-04,4,10,0,278,6.181705921685765,76.79350097769803,21.52890940202932,0,0,,0.0,106,110,40,4,0,0,0,91.0,84.0,78.71428571428571,0.15607985480943748,23.026899383939618,0.0,6.181705921685765,3.527349214043568,4,56.00000000000001,0.0,1.2047531827503093,LOW
2024-10-05,5,10,1,279,0.0,60.98283784731089,23.19294413798523,1,0,,0.0,97,110,40,4,0,0,1,106.0,94.33333333333333,77.71428571428571,0.3639705882352942,21.383126414022772,6.181705921685765,6.181705921685765,-1.146790635264999,3,62.888888888888886,3.639705882352942,2.602538838926321,MEDIUM
2024-10-06,6,10,1,280,0.0,63.300809309820686,22.737413147399742,0,0,,0.0,84,110,40,4,0,0,1,97.0,98.0,79.14285714285714,0.22563176895306866,22.415980694053385,0.0,6.181705921685765,-3.100441197628264,2,65.33333333333333,2.2563176895306865,2.771177405344821,LOW
2024-10-07,0,10,0,281,0.0,66.06489218363104,21.844850167705104,0,0,,0.0,76,110,41,4,0,0,1,84.0,95.66666666666667,84.42857142857143,-0.005076142131979719,17.36718306516727,0.0,0.0,-10.728608794066986,1,63.77777777777778,-0.0,1.1915979488558897,MEDIUM
2024-10-08,1,10,0,282,0.0,68.12018840789588,24.66455699352325,0,1,Local Festival,1.0,138,110,41,4,0,0,1,76.0,85.66666666666667,87.85714285714286,-0.13495934959349598,11.156889820921279,0.0,0.0,7.137350560584991,0,57.111111111111114,-0.0,0.8897022982196411,MEDIUM
2024-10-09,2,10,0,283,0.0,65.08200384702687,20.79268119911083,0,0,,0.0,105,110,41,4,0,0,0,138.0,99.33333333333333,96.85714285714286,0.42477876106194684,20.529885301096538,0.0,0.0,1.7811945372061828,4,66.22222222222221,0.0,1.3419895355251965,LOW
2024-10-10,3,10,0,284,0.0,72.17314710472165,22.805413421870742,0,0,,0.0,102,110,41,4,0,0,0,105.0,106.33333333333333,99.57142857142857,0.05451936872309902,20.106857394573236,0.0,0.0,6.108254921090605,3,70.88888888888889,0.0,1.421565278763207,MEDIUM
2024-10-11,4,10,0,285,0.0,61.52867591078367,24.436025119756128,0,0,,0.0,89,110,41,4,0,0,0,102.0,115.0,101.14285714285714,0.00847457627118648,19.752034253282567,0.0,0.0,-6.5915124971122125,2,76.66666666666667,0.0,1.5238279797091652,LOW
2024-10-12,5,10,1,286,0.0,68.03007350544452,22.18859899473634,0,0,,0.0,78,110,41,4,0,0,1,89.0,98.66666666666667,98.71428571428571,-0.09840810419681616,20.097381966434128,0.0,0.0,2.9480696584176513,1,65.77777777777779,-0.9840810419681616,2.637516680458779,LOW
2024-10-13,6,10,1,287,0.0,67.26336146155975,21.79270938601497,0,1,Local Festival,0.0,108,110,41,4,0,0,1,78.0,89.66666666666667,96.0,-0.1875,21.594752448993766,0.0,0.0,-4.9097856431618965,0,59.777777777777786,-1.875,2.4864418686176277,LOW
2024-10-14,0,10,0,288,0.0,64.01193281367506,22.689358667711407,0,0,,0.0,111,110,42,4,0,0,1,108.0,91.66666666666667,99.42857142857143,0.08620689655172412,21.274845419392307,0.0,0.0,2.483256902891391,24,61.111111111111114,0.0,1.2611758322592093,LOW
2024-10-15,1,10,0,289,0.0,67.14610172727349,23.286578136163875,0,0,,0.0,95,110,42,4,0,0,1,111.0,99.0,104.42857142857143,0.06292749658002735,18.822478962286187,0.0,0.0,-0.8839717781710306,23,66.0,0.0,1.2811418057554442,MEDIUM
2024-10-16,2,10,0,290,0.0,70.98884080060107,22.941888729695396,0,0,,0.0,96,110,42,4,0,0,0,95.0,104.66666666666667,98.28571428571429,-0.033430232558139594,11.714866419984698,0.0,0.0,3.725479339041314,22,69.77777777777779,-0.0,1.1064964506527994,LOW
2024-10-17,3,10,0,291,0.0,63.74577277290599,25.33522443665988,0,0,,0.0,76,110,42,4,0,0,0,96.0,100.66666666666667,97.0,-0.010309278350515464,11.343133018115239,0.0,0.0,-0.26616004076907274,21,67.11111111111111,-0.0,1.0517362412745335,LOW
2024-10-18,4,10,0,292,0.0,68.78277479080617,24.383125318707155,0,0,,0.0,85,110,42,4,0,0,0,76.0,89.0,93.28571428571429,-0.18529862174578873,13.48720734269145,0.0,0.0,1.6366730635326832,20,59.333333333333336,-0.0,0.9934538178331798,LOW
2024-10-19,5,10,1,293,0.0,65.69436808495904,23.81427335067344,0,0,,0.0,83,110,42,4,0,0,1,85.0,85.66666666666667,92.71428571428571,-0.08320493066255773,13.780593670257824,0.0,0.0,-5.29447271564203,19,57.111111111111114,-0.8320493066255773,1.9292472385013915,LOW
2024-10-20,6,10,1,294,0.0,68.43062863841921,22.183543400200733,0,0,,0.0,70,110,42,4,0,0,1,83.0,81.33333333333333,93.42857142857143,-0.11162079510703365,12.998168369134527,0.0,0.0,4.684855865513221,18,54.222222222222214,-1.1162079510703364,1.7892340182375164,LOW
2024-10-21,0,10,0,295,0.0,68.51997577446154,23.018638569976563,0,0,,0.0,76,110,43,4,0,0,1,70.0,79.33333333333333,88.0,-0.20454545454545456,13.808210118138174,0.0,0.0,-0.2627990163446299,17,52.888888888888886,-0.0,0.8940393342352094,LOW
2024-10-22,1,10,0,296,0.0,82.09454452308427,22.63381481796801,0,0,,0.0,76,110,43,4,0,0,1,76.0,76.33333333333333,83.0,-0.08433734939759036,9.865765724631748,0.0,0.0,16.40017643812523,16,50.888888888888886,-0.0,0.7599178167711855,LOW
2024-10-23,2,10,0,297,0.0,72.21819086460386,21.85363085002789,0,0,,0.0,70,110,43,4,0,0,0,76.0,74.0,80.28571428571429,-0.05338078291814954,8.53842853836386,0.0,0.0,3.7875622261846473,15,49.333333333333336,-0.0,0.7039479039463085,HIGH
2024-10-24,3,10,0,298,0.0,73.72093821633399,25.360346644301544,0,0,,0.0,77,110,43,4,0,0,0,70.0,74.0,76.57142857142857,-0.08582089552238803,5.769377287515329,0.0,0.0,5.2009624418724485,14,49.333333333333336,-0.0,0.6356446397587114,LOW
2024-10-25,4,10,0,299,0.0,66.51305109404778,26.127897274901088,0,0,,0.0,81,110,43,4,0,0,0,77.0,74.33333333333333,76.71428571428571,0.0037243947858473796,5.765248931145881,0.0,0.0,-15.581493429036485,13,49.55555555555555,0.0,0.638405612405059,LOW
2024-10-26,5,10,1,300,0.0,63.58335669169097,21.85996584240939,0,0,,0.0,64,110,43,4,0,0,1,81.0,76.0,76.14285714285714,0.0637898686679175,4.947341758578419,0.0,0.0,-8.634834172912882,12,50.66666666666667,0.6378986866791749,1.2639986491013067,LOW
2024-10-27,6,10,1,301,0.0,74.67899783865982,23.16502349580383,0,0,,0.0,66,110,43,4,0,0,1,64.0,74.0,73.42857142857143,-0.1284046692607004,5.711308748354459,0.0,0.0,0.958059622325834,11,49.333333333333336,-1.284046692607004,1.2684245649188202,LOW
2024-10-28,0,10,0,302,0.0,60.839259924408346,22.53988220942855,0,0,,0.0,76,110,44,4,0,0,1,66.0,70.33333333333333,72.85714285714286,-0.09411764705882358,6.283008075450236,0.0,0.0,-5.673791169639436,10,46.888888888888886,-0.0,0.6161905226577777,LOW
2024-10-29,1,10,0,303,0.0,73.68955319927242,21.12680349222527,0,0,,0.0,87,110,44,4,0,0,1,76.0,68.66666666666667,72.85714285714286,0.04313725490196073,6.283008075450236,0.0,0.0,10.106196507581451,9,45.77777777777778,0.0,0.6015888515047498,LOW
2024-10-30,2,10,0,304,0.0,64.80398041115677,25.8857519667757,0,0,,0.0,111,110,44,4,0,0,0,87.0,76.33333333333333,74.42857142857143,0.16890595009596926,8.263517065130147,0.0,0.0,-9.875017427503053,8,50.888888888888886,0.0,0.7191494897683114,LOW
2024-10-31,3,10,0,305,0.0,62.43227273980168,23.38379866318788,0,0,,0.0,104,110,44,4,0,0,0,111.0,91.33333333333333,80.28571428571429,0.38256227758007105,15.744991645115173,0.0,0.0,1.5930128153933367,7,60.88888888888888,0.0,1.0882364123068395,LOW
2024-11-01,4,11,0,306,0.0,62.664433274901874,23.105679588974603,0,0,,0.0,95,110,44,4,1,0,0,104.0,100.66666666666667,84.14285714285714,0.23599320882852298,17.957622071871775,0.0,0.0,-11.02511992437055,6,67.11111111111111,0.0,1.2736890961894751,LOW
2024-11-02,5,11,1,307,0.0,74.08443038557841,25.890433688012543,0,0,,0.0,86,110,44,4,1,0,1,95.0,103.33333333333333,86.14285714285714,0.1028192371475954,18.32510637921402,0.0,0.0,9.280449974421643,5,68.88888888888889,1.028192371475954,2.640173995012521,MEDIUM
2024-11-03,6,11,1,308,0.0,69.06385647993147,22.77351608376498,0,0,,0.0,73,110,44,4,1,0,1,86.0,95.0,89.28571428571429,-0.03680000000000007,15.574704766749708,0.0,0.0,6.631583740129791,4,63.33333333333333,-0.36800000000000066,2.2530646352274815,LOW
2024-11-04,0,11,0,309,0.0,73.63702946147359,26.315991468810275,0,0,,0.0,77,110,45,4,1,0,1,73.0,84.66666666666667,90.28571428571429,-0.1914556962025317,13.972762620115,0.0,0.0,10.972596186571714,3,56.44444444444445,-0.0,0.9587868561676902,LOW
2024-11-05,1,11,0,310,0.0,79.1843451400464,23.249160676986097,0,0,,0.0,88,110,45,4,1,0,1,77.0,78.66666666666667,90.42857142857143,-0.14849921011058453,13.80648570850075,0.0,0.0,5.099914754467989,2,52.44444444444445,-0.0,0.8864811808006864,LOW
2024-11-06,2,11,0,311,0.0,68.46767229265471,23.971516152809198,0,0,,1.0,119,110,45,4,1,0,0,88.0,79.33333333333333,90.57142857142857,-0.028391167192429,13.770223223282748,0.0,0.0,-0.5961841872767621,1,52.888888888888886,-0.0,0.8930347919045882,CRITICAL
2024-11-07,3,11,0,312,0.0,68.18289225835595,24.65915929761198,0,1,Local Festival,0.0,159,110,45,4,1,0,0,119.0,94.66666666666667,91.71428571428571,0.29750778816199386,15.913456420215047,0.0,0.0,-5.454137203117639,0,63.111111111111114,0.0,1.1332690692601195,LOW
2024-11-08,4,11,0,313,0.0,68.19476365564452,23.543504199822927,0,0,,0.0,148,110,45,4,1,0,0,159.0,122.0,99.57142857142857,0.5968436154949786,30.176465127960864,0.0,0.0,-10.989581484401882,26,81.33333333333333,0.0,2.0405095818704084,MEDIUM
2024-11-09,5,11,1,314,0.0,59.62004562223802,23.620444939410376,0,0,,0.0,108,110,45,4,1,0,1,148.0,142.0,107.14285714285714,0.3813333333333334,35.087645363330516,0.0,0.0,-8.847626670416695,25,94.66666666666667,3.8133333333333344,5.214963761061957,CRITICAL
2024-11-10,6,11,1,315,0.0,70.40878114700129,23.70774172297317,0,0,,1.0,112,110,45,4,1,0,1,108.0,138.33333333333334,110.28571428571429,-0.020725388601036322,33.84136662781349,0.0,0.0,2.2258888886453434,24,92.22222222222223,-0.2072538860103632,4.965370477898356,HIGH
2024-11-11,0,11,0,316,0.0,61.38342363303366,22.035724016591782,0,0,,0.0,107,110,46,4,1,0,1,112.0,122.66666666666667,115.85714285714286,-0.0332922318125771,29.627850475684507,0.0,0.0,-6.811340022610864,23,81.77777777777779,-0.0,2.0292276638946554,MEDIUM
2024-11-12,1,11,0,317,0.0,61.30705969461145,24.53732952732563,0,0,,1.0,130,110,46,4,1,0,1,107.0,109.0,120.14285714285714,-0.10939357907253267,24.855774456039786,0.0,0.0,1.6870140723734366,22,72.66666666666667,-0.0,1.6297598052361124,LOW
2024-11-13,2,11,0,318,0.0,75.1254851435082,24.757458420112105,0,0,,0.0,115,110,46,4,1,0,0,130.0,116.33333333333333,126.14285714285714,0.030577576443941143,20.489253861708136,0.0,0.0,4.716703996506908,21,77.55555555555556,0.0,1.5700832886373486,LOW
2024-11-14,3,11,0,319,0.0,61.01980835793794,23.627706188990093,0,0,,0.0,94,110,46,4,1,0,0,115.0,117.33333333333333,125.57142857142857,-0.08418657565415243,20.775443379601924,0.0,0.0,-0.363615275095718,20,78.22222222222221,-0.0,1.5947728966244308,LOW
2024-11-15,4,11,0,320,0.0,60.896687503312044,23.205149525218275,0,0,,0.0,86,110,46,4,1,0,0,94.0,113.0,116.28571428571429,-0.19164619164619168,17.632491653330124,0.0,0.0,-0.41037219129940894,19,75.33333333333333,-0.0,1.4174905189421012,MEDIUM
2024-11-16,5,11,1,321,0.0,57.28283844878347,25.68660154805796,0,0,,1.0,97,110,46,4,1,0,1,86.0,98.33333333333333,107.42857142857143,-0.199468085106383,14.30451144286442,0.0,0.0,-17.842646694724728,18,65.55555555555556,-1.99468085106383,2.24885130569889,MEDIUM
2024-11-17,6,11,1,322,0.0,65.59725275744023,22.965535109049068,0,0,,0.0,75,110,46,4,1,0,1,97.0,92.33333333333333,105.85714285714286,-0.08367071524966266,14.825974632701717,0.0,0.0,4.577444399502291,17,61.55555555555555,-0.8367071524966265,2.143732216279639,LOW
2024-11-18,0,11,0,323,0.0,55.4680129377564,24.26282057596844,0,0,,0.0,98,110,47,4,1,0,1,75.0,86.0,100.57142857142857,-0.25426136363636365,18.428755997598888,0.0,0.0,-5.428674565555646,16,57.333333333333336,-0.0,1.1016243385978348,LOW
2024-11-19,1,11,0,324,0.0,67.55291139755137,26.10604965154746,0,0,,0.0,84,110,47,4,1,0,1,98.0,90.0,99.28571428571429,-0.012949640287769845,18.21825353607614,0.0,0.0,10.270072948767897,15,60.0,-0.0,1.1465476060822841,MEDIUM
2024-11-20,2,11,0,325,0.0,62.36283430724819,25.56788733040389,0,0,,0.0,98,110,47,4,1,0,0,84.0,85.66666666666667,92.71428571428571,-0.0939907550077041,12.776466461353147,0.0,0.0,-3.234418450192038,14,57.111111111111114,-0.0,0.9359502089519732,LOW
2024-11-21,3,11,0,326,0.0,67.32184551384537,24.03820758146763,0,0,,0.0,105,110,47,4,1,0,0,98.0,93.33333333333333,90.28571428571429,0.08544303797468347,8.845230083953778,0.0,0.0,11.853832576088976,13,62.22222222222222,0.0,0.8974071581674509,LOW
2024-11-22,4,11,0,327,0.0,69.73306741024194,25.65915540707252,0,0,,0.0,96,110,47,4,1,0,0,105.0,95.66666666666667,91.85714285714286,0.14307931570762047,10.447145885017756,0.0,0.0,2.180156012690574,12,63.77777777777778,0.0,0.9709256521111218,LOW
2024-11-23,5,11,1,328,0.0,67.13779813786432,25.446548648650356,0,0,,0.0,82,110,47,4,1,0,1,96.0,99.66666666666667,93.28571428571429,0.029096477794793196,10.193368525897055,0.0,0.0,4.77496383061613,11,66.44444444444446,0.29096477794793196,2.0061815976096047,LOW
2024-11-24,6,11,1,329,0.0,71.53541907685312,24.541583128665543,0,0,,0.0,78,110,47,4,1,0,1,82.0,94.33333333333333,91.14285714285714,-0.1003134796238244,10.83864338725915,0.0,0.0,4.213573563007742,10,62.888888888888886,-1.003134796238244,1.9394080174654087,LOW
2024-11-25,0,11,0,330,0.0,68.68399483441996,23.407603805265293,0,0,,1.0,121,110,48,4,1,0,1,78.0,85.33333333333333,91.57142857142857,-0.14820592823712947,10.130106002359195,0.0,0.0,-1.049072575821981,9,56.888888888888886,-0.0,0.8570341262893283,LOW
2024-11-26,1,11,0,331,0.0,74.36705022074483,25.16073284877917,0,0,,0.0,100,110,48,4,1,0,1,121.0,93.66666666666667,94.85714285714286,0.27560240963855415,15.082313830317212,0.0,0.0,7.229252082880507,8,62.44444444444445,0.0,1.095347798479904,LOW
2024-11-27,2,11,0,332,0.0,62.63312818394552,24.04586025728609,0,0,,0.0,99,110,48,4,1,0,0,100.0,99.66666666666667,97.14285714285714,0.029411764705882398,14.357675896287859,0.0,0.0,-8.902290892907594,7,66.44444444444446,0.0,1.1414383436655637,LOW
2024-11-28,3,11,0,333,0.0,64.54831916657164,27.444579102928472,0,0,,1.0,127,110,48,4,1,0,0,99.0,106.66666666666667,97.28571428571429,0.017621145374449275,14.372592966177566,0.0,0.0,-4.135675667848318,6,71.11111111111111,0.0,1.2221366387974246,MEDIUM
2024-11-29,4,11,0,334,0.0,81.48939669487874,25.05206748340348,0,0,,0.0,122,110,48,4,1,0,0,127.0,108.66666666666667,100.42857142857143,0.26458036984352773,18.22870577648627,0.0,0.0,7.122346474133906,5,72.44444444444444,0.0,1.384728675903836,LOW
2024-11-30,5,11,1,335,0.0,71.02340933589431,25.9594533614866,0,0,,0.0,105,110,48,4,1,0,1,122.0,116.0,104.14285714285714,0.1714677640603567,19.760470401186847,0.0,0.0,8.390281151948791,4,77.33333333333333,1.7146776406035669,3.0748097110251162,LOW
2024-12-01,6,12,1,336,0.0,71.2781745108333,27.84421026893897,0,0,,0.0,79,110,48,4,1,0,1,105.0,118.0,107.42857142857143,-0.022606382978723423,17.21295193410202,0.0,0.0,6.729855344261651,3,78.66666666666666,-0.22606382978723422,2.9274188854826924,LOW
2024-12-02,0,12,0,337,0.0,68.26894280063003,25.455338720005475,0,0,,1.0,120,110,49,4,1,0,1,79.0,102.0,107.57142857142857,-0.2656042496679947,16.929827158569573,0.0,0.0,-13.220453894248706,2,68.0,-0.0,1.2556141233913656,LOW
2024-12-03,1,12,0,338,0.0,74.48281865616794,25.45217082177011,0,0,,0.0,100,110,49,4,1,0,1,120.0,101.33333333333333,107.42857142857143,0.11702127659574466,16.801360489130236,0.0,0.0,3.459409320273622,1,67.55555555555556,0.0,1.2430681765217324,LOW
2024-12-04,2,12,0,339,0.0,72.8643473426379,21.42553908525142,0,1,Local Festival,0.0,114,110,49,4,1,0,0,100.0,99.66666666666667,107.42857142857143,-0.06914893617021278,16.801360489130236,0.0,0.0,1.5861728318046033,0,66.44444444444446,-0.0,1.2226229762499936,LOW
2024-12-05,3,12,0,340,0.0,79.3581876712358,25.551910371308107,0,0,,0.0,120,110,49,4,1,0,0,114.0,111.33333333333333,109.57142857142857,0.04041720990873535,16.501082215591417,0.0,0.0,11.089244870605768,30,74.22222222222223,0.0,1.354595717778615,LOW
2024-12-06,4,12,0,341,0.0,67.0072491951291,26.60313848465693,0,0,,0.0,87,110,49,4,1,0,0,120.0,111.33333333333333,108.57142857142857,0.10526315789473686,15.447299039606905,0.0,0.0,-7.47556946103883,30,74.22222222222223,0.0,1.3154886532476342,HIGH
2024-12-07,5,12,1,342,0.0,74.12839578176258,25.274347562917377,0,0,,0.0,68,110,49,4,1,0,1,87.0,107.0,103.57142857142857,-0.15999999999999998,16.029734275787973,0.0,0.0,1.2640484391246787,30,71.33333333333334,-1.5999999999999996,2.570121045006209,LOW
2024-12-08,6,12,1,343,0.0,74.59130438323295,26.921005415692573,0,0,,1.0,88,110,49,4,1,0,1,68.0,91.66666666666667,98.28571428571429,-0.308139534883721,20.85437033105413,0.0,0.0,-4.766883288002845,30,61.111111111111114,-3.08139534883721,2.4966559646755306,HIGH
2024-12-09,0,12,0,344,0.0,72.49347424302753,27.30510675625498,0,0,,0.0,100,110,50,4,1,0,1,88.0,81.0,99.57142857142857,-0.11621233859397416,19.713423031504117,0.0,0.0,5.486225047898429,30,54.0,-0.0,1.0722624218506112,LOW
2024-12-10,1,12,0,345,0.0,73.50074247474392,27.443822496749792,0,0,,1.0,120,110,50,4,1,0,1,100.0,85.33333333333333,96.71428571428571,0.033973412112260036,17.59464204158234,0.0,0.0,-0.6276533070186616,30,56.888888888888886,0.0,1.0693587069605643,MEDIUM
2024-12-11,2,12,0,346,0.0,72.62266457554534,27.06813555147695,0,0,,0.0,112,110,50,4,1,0,0,120.0,102.66666666666667,99.57142857142857,0.20516499282639888,19.713423031504117,0.0,0.0,-1.9686398076876088,30,68.44444444444446,0.0,1.3590815881892522,MEDIUM
2024-12-12,3,12,0,347,0.0,69.39192661886376,25.15258189987697,0,0,,1.0,137,110,50,4,1,0,0,112.0,110.66666666666667,99.28571428571429,0.12805755395683446,19.482592963243313,0.0,0.0,-3.1015476241637714,30,73.77777777777777,0.0,1.4564689848663088,HIGH
2024-12-13,4,12,0,348,0.0,60.67705212764618,24.10875023110881,0,0,,0.0,127,110,50,4,1,0,0,137.0,123.0,101.71428571428571,0.34691011235955066,23.199958949060353,0.0,0.0,-12.823690347097738,30,82.0,0.0,1.7711983169114742,MEDIUM
2024-12-14,5,12,1,349,0.0,63.17331082052944,26.178266917870918,0,0,,1.0,116,110,50,4,1,0,1,127.0,125.33333333333333,107.42857142857143,0.18218085106382975,23.887633780243707,0.0,0.0,-9.449353755015906,30,83.55555555555554,1.8218085106382975,3.667055622527029,HIGH
2024-12-15,6,12,1,350,0.0,67.78561610015666,27.636144687954168,0,0,,0.0,94,110,50,4,1,0,1,116.0,126.66666666666667,114.28571428571429,0.014999999999999946,16.39831582525344,0.0,0.0,-1.6063105187071045,30,84.44444444444444,0.14999999999999947,3.073635558576957,LOW
2024-12-16,0,12,0,351,0.0,68.56315059684245,25.581003223367965,0,0,,0.0,116,110,51,4,1,0,1,94.0,112.33333333333333,115.14285714285714,-0.1836228287841191,14.88207614804421,0.0,0.0,7.88609846919627,30,74.88888888888889,-0.0,1.3061399624323218,MEDIUM
2024-12-17,1,12,0,352,0.0,67.81657774624155,27.01416148396395,0,0,,1.0,140,110,51,4,1,0,1,116.0,108.66666666666667,117.42857142857143,-0.012165450121654518,13.314868166291063,0.0,0.0,4.643266925712112,30,72.44444444444444,-0.0,1.206738558023432,HIGH
2024-12-18,2,12,0,353,0.0,60.52551622740344,25.830390332807585,0,0,,0.0,133,110,51,4,1,0,0,140.0,116.66666666666667,120.28571428571429,0.16389548693586692,15.861003391066612,0.0,0.0,-7.260099872753216,30,77.77777777777779,0.0,1.3945945763192573,CRITICAL
2024-12-19,3,12,0,354,0.0,71.46969917933463,26.114008568706165,0,0,,0.0,140,110,51,4,1,0,0,133.0,129.66666666666666,123.28571428571429,0.07879490150637307,16.017847189039724,0.0,0.0,2.906548582492178,30,86.44444444444443,0.0,1.5567713951707165,LOW
2024-12-20,4,12,0,355,0.0,73.44131404552566,26.852795070933404,0,0,,0.0,136,110,51,4,1,0,0,140.0,137.66666666666666,123.71428571428571,0.1316397228637414,16.47942440048887,0.0,0.0,5.624736299284109,30,91.77777777777777,0.0,1.6740002530446558,HIGH
2024-12-21,5,12,1,356,0.0,61.9842975969508,27.029680877365752,0,0,,0.0,116,110,51,4,1,0,1,136.0,136.33333333333334,125.0,0.088,17.117242768623687,0.0,0.0,1.45878136954736,30,90.8888888888889,0.8799999999999999,3.373544953859353,HIGH
2024-12-22,6,12,1,357,0.0,67.6965226707218,27.72967154637096,0,0,,1.0,121,110,51,4,1,0,1,116.0,130.66666666666666,125.0,-0.072,17.117242768623687,0.0,0.0,-3.7731765086128206,30,87.1111111111111,-0.72,3.2333242589556628,MEDIUM
2024-12-23,0,12,0,358,0.0,64.26593980928727,27.901515463396937,0,0,,0.0,118,110,52,4,1,0,1,121.0,124.33333333333333,128.85714285714286,-0.06097560975609759,10.86935403521565,0.0,0.0,-9.175374236238383,30,82.88888888888889,-0.0,1.279363228348382,LOW
2024-12-24,1,12,0,359,0.0,52.75562718275333,27.760265829893363,0,0,,0.0,107,110,52,4,1,0,1,118.0,118.33333333333333,129.14285714285714,-0.08628318584070793,10.494896719018195,0.0,0.0,-9.228670414197474,30,78.88888888888889,-0.0,1.2028542594723843,MEDIUM
2024-12-25,2,12,0,360,0.0,62.30655603018817,27.853814747071347,0,0,,1.0,145,110,52,4,1,0,0,107.0,115.33333333333333,124.42857142857143,-0.14006888633754308,12.094863136295263,0.0,0.0,-5.389966640533636,30,76.88888888888889,-0.0,1.2338691827953512,MEDIUM
2024-12-26,3,12,0,361,0.0,71.49692418922419,26.195668566431696,0,0,,0.0,136,110,52,4,1,0,0,145.0,123.33333333333333,126.14285714285714,0.14949037372593435,14.182484166846713,0.0,0.0,7.230984379936913,30,82.22222222222221,0.0,1.4052799046370315,HIGH
2024-12-27,4,12,0,362,0.0,70.48229359222583,29.796464830838403,0,0,,0.0,119,110,52,4,1,0,0,136.0,129.33333333333334,125.57142857142857,0.08304891922639365,13.599719885070472,0.0,0.0,17.7266664094725,30,86.22222222222223,0.0,1.4485212572674828,LOW
2024-12-28,5,12,1,363,0.0,71.058538554339,27.064446503325023,0,0,,1.0,113,110,52,4,1,0,1,119.0,133.33333333333334,123.14285714285714,-0.033642691415313196,12.928374110569992,0.0,0.0,8.751982524150826,30,88.8888888888889,-0.336426914153132,2.9269665876062216,HIGH
2024-12-29,6,12,1,364,0.0,60.045001888335634,27.871807420831352,0,0,,0.0,62,110,52,4,1,0,1,113.0,122.66666666666667,122.71428571428571,-0.07916181606519204,13.250336922940022,0.0,0.0,-11.451922300888555,30,81.77777777777779,-0.7916181606519204,2.7191386639204285,LOW
2024-12-30,0,12,0,365,0.0,64.38855838799415,28.228532308050585,0,0,,0.0,97,110,1,4,1,0,1,62.0,98.0,114.28571428571429,-0.4575,26.58141133520612,0.0,0.0,-6.0937352042316775,30,65.33333333333333,-0.0,1.5216594369500664,LOW
2024-12-31,1,12,0,366,0.0,64.74676151649099,28.10913525283733,0,0,,0.0,93,110,1,4,1,0,1,97.0,90.66666666666667,111.28571428571429,-0.12836970474967913,27.268506166847924,0.0,0.0,-6.311777037848003,29,60.44444444444444,-0.0,1.4285592974869596,LOW
2025-01-01,2,1,0,1,0.0,66.30987872073361,28.31885280656764,0,0,,0.0,119,110,1,1,1,0,0,93.0,84.0,109.28571428571429,-0.1490196078431373,28.13487921728868,0.0,0.0,6.264876832397974,28,56.00000000000001,-0.0,1.3477766180840831,MEDIUM
2025-01-02,3,1,0,2,0.0,63.969726042273294,29.860489714674245,0,0,,0.0,117,110,1,1,1,0,0,119.0,103.0,105.57142857142857,0.12719891745602166,24.054501608202987,0.0,0.0,-0.41883234572085826,27,68.66666666666667,0.0,1.5125378885483027,LOW
2025-01-03,4,1,0,3,0.0,61.06459059108858,27.02921154653402,0,0,,0.0,101,110,1,1,1,0,0,117.0,109.66666666666667,102.85714285714286,0.13749999999999996,20.915931499127215,0.0,0.0,-3.68217092540241,26,73.11111111111111,0.0,1.4957046070236506,LOW
2025-01-04,5,1,1,4,0.0,72.35002579491159,27.348431568542036,0,0,,0.0,89,110,1,1,1,0,1,101.0,112.33333333333333,100.28571428571429,0.007122507122507061,19.66989481173584,0.0,0.0,6.04014707417798,25,74.88888888888889,0.07122507122507062,2.9708343447899948,LOW
2025-01-05,6,1,1,5,0.0,73.72449496982217,28.223766311088134,0,0,,1.0,101,110,1,1,1,0,1,89.0,102.33333333333333,96.85714285714286,-0.0811209439528024,19.1696685019898,0.0,0.0,9.75476892754888,24,68.22222222222221,-0.8112094395280239,2.6722418289135264,HIGH
2025-01-06,0,1,0,6,0.0,69.41716096005942,31.488046196837217,0,0,,0.0,103,110,2,1,1,0,1,101.0,97.0,102.42857142857143,-0.013947001394700159,11.472534489773349,0.0,0.0,8.352570368970838,23,64.66666666666666,-0.0,1.0176119485026716,LOW
2025-01-07,1,1,0,7,0.0,75.99717287251158,29.990363327859157,0,0,,0.0,129,110,2,1,1,0,1,103.0,97.66666666666667,103.28571428571429,-0.0027662517289073893,11.220729116450215,0.0,0.0,3.647147077599996,22,65.11111111111111,-0.0,1.016408181235546,MEDIUM
2025-01-08,2,1,0,8,4.566633059280225,77.30973852709828,30.083926637347627,0,0,,0.0,135,110,2,1,1,0,0,129.0,111.0,108.42857142857143,0.18972332015810275,13.697410252271816,0.0,4.566633059280225,3.585243557276101,21,74.0,0.0,1.2468041793340572,MEDIUM
2025-01-09,3,1,0,9,0.0,65.18501261995722,30.359270918616893,0,0,,0.0,120,110,2,1,1,0,0,135.0,122.33333333333333,110.71428571428571,0.21935483870967748,16.75026652239966,4.566633059280225,4.566633059280225,-4.232148340102199,20,81.55555555555554,0.0,1.4985942015245193,MEDIUM
2025-01-10,4,1,0,10,0.0,71.11585827284715,30.662292376660613,0,0,,0.0,121,110,2,1,1,0,0,120.0,128.0,111.14285714285714,0.0796915167095116,16.974771195596468,0.0,4.566633059280225,-4.881314599664435,19,85.33333333333334,0.0,1.5775902376787827,LOW
2025-01-11,5,1,1,11,0.0,71.26279674214085,28.753669869678824,0,0,,0.0,91,110,2,1,1,0,1,121.0,125.33333333333333,114.0,0.06140350877192982,16.66333299993318,0.0,0.0,-6.046941784957426,18,83.55555555555554,0.6140350877192982,3.0634251573277496,LOW
2025-01-12,6,1,1,12,0.0,62.03328526776047,25.58125106963724,0,0,,0.0,83,110,2,1,1,0,1,91.0,110.66666666666667,114.28571428571429,-0.20375000000000004,16.17317002233712,0.0,0.0,-3.151727352196751,17,73.77777777777777,-2.0375000000000005,2.6687760994257608,MEDIUM
2025-01-13,0,1,0,13,0.0,60.38383576820389,26.984861112401624,0,0,,0.0,95,110,3,1,1,0,1,83.0,98.33333333333333,111.71428571428571,-0.2570332480818414,19.686833888957953,0.0,0.0,-10.732022504643261,16,65.55555555555556,-0.0,1.3008462219158439,LOW
2025-01-14,1,1,0,14,0.0,64.81052510852571,31.372065131735862,0,0,,0.0,110,110,3,1,1,0,1,95.0,89.66666666666667,110.57142857142857,-0.1408268733850129,20.492739713185625,0.0,0.0,-6.4522716336151404,15,59.777777777777786,-0.0,1.210282998094104,LOW
2025-01-15,2,1,0,15,0.0,65.97879422259555,30.000552548823823,0,0,,0.0,122,110,3,1,1,0,0,110.0,96.0,107.85714285714286,0.019867549668874135,18.836388289943407,0.0,0.0,3.945508954835084,14,64.0,0.0,1.242764425278189,MEDIUM
2025-01-16,3,1,0,16,0.0,73.39131778162044,29.246144357867337,0,0,,0.0,134,110,3,1,1,0,0,122.0,109.0,106.0,0.1509433962264151,16.165807537309295,0.0,0.0,13.007482013416556,13,72.66666666666667,0.0,1.3140243405222378,MEDIUM
2025-01-17,4,1,0,17,0.0,74.53297021320839,31.84579200281341,0,0,,0.0,138,110,3,1,1,0,0,134.0,122.0,108.0,0.24074074074074073,18.832595855767202,0.0,0.0,9.722445104682677,12,81.33333333333333,0.0,1.5791922314678661,HIGH
2025-01-18,5,1,1,18,0.0,71.78864167312925,28.171528791745175,0,0,,0.0,139,110,3,1,1,0,1,138.0,131.33333333333334,110.42857142857143,0.24967658473479945,21.670695596104938,0.0,0.0,5.809847450533695,11,87.55555555555557,2.4967658473479943,3.6485009033034106,CRITICAL
2025-01-19,6,1,1,19,0.0,74.73360801296813,27.55329149312232,0,0,,1.0,151,110,3,1,1,0,1,139.0,137.0,117.28571428571429,0.18514007308160774,22.088566316190803,0.0,0.0,1.3422902313476897,10,91.33333333333333,1.8514007308160774,3.8440890568787602,CRITICAL
2025-01-20,0,1,0,20,0.0,65.44361792935429,30.645202386383144,0,0,,0.0,142,110,4,1,1,0,1,151.0,142.66666666666666,127.0,0.1889763779527559,19.2700112437262,0.0,0.0,-9.089352283854097,9,95.1111111111111,0.0,1.8675072013683125,MEDIUM
2025-01-21,1,1,0,21,0.0,63.69630940313051,27.64957696575036,0,0,,0.0,139,110,4,1,1,0,1,142.0,144.0,133.71428571428572,0.0619658119658119,13.622460444847396,0.0,0.0,-8.092332269998735,8,96.0,0.0,1.613878101352675,HIGH
2025-01-22,2,1,0,22,0.0,67.9438577576047,28.34534153078116,0,0,,0.0,124,110,4,1,1,0,0,139.0,144.0,137.85714285714286,0.008290155440414478,8.745066636463976,0.0,0.0,-6.78975025536343,7,96.0,0.0,1.3797631985502707,MEDIUM
2025-01-23,3,1,0,23,0.0,60.96217610035367,28.227593638587717,0,0,,0.0,127,110,4,1,1,0,0,124.0,135.0,138.14285714285714,-0.10237849017580142,8.153293228885827,0.0,0.0,-4.481441829000616,6,90.0,-0.0,1.2668981952998624,LOW
2025-01-24,4,1,0,24,3.3202455826147177,67.762378620387,25.71720263737854,0,0,,1.0,153,110,4,1,1,0,0,127.0,130.0,137.14285714285714,-0.0739583333333333,9.118270512704793,0.0,3.3202455826147177,4.066069217256484,5,86.66666666666667,-0.0,1.2617917222172077,MEDIUM
2025-01-25,5,1,1,25,0.0,80.61555283214197,31.262874444908626,0,0,,0.0,127,110,4,1,1,0,1,153.0,134.66666666666666,139.28571428571428,0.09846153846153853,10.934872133291456,3.3202455826147177,3.3202455826147177,12.671695074537269,4,89.77777777777777,0.9846153846153853,2.7772640759666105,MEDIUM
2025-01-26,6,1,1,26,15.594966749165472,79.03292340507137,29.42505996059842,0,0,,0.0,99,110,4,1,1,0,1,127.0,135.66666666666666,137.57142857142858,-0.07684319833852553,11.88636674033403,0.0,18.91521233178019,18.0707473047177,3,90.44444444444444,-0.7684319833852553,2.883944725181322,MEDIUM
2025-01-27,0,1,0,27,0.0,76.07464667723258,29.155952495396622,0,0,,1.0,144,110,5,1,1,0,1,99.0,126.33333333333333,130.14285714285714,-0.23929747530186607,17.170018165672552,15.594966749165472,15.594966749165472,8.312268056845582,2,84.22222222222221,-0.0,1.565270764976655,HIGH
2025-01-28,1,1,0,28,0.0,72.40730802949516,30.34717634105524,0,0,,1.0,159,110,5,1,1,0,1,144.0,123.33333333333333,130.42857142857142,0.10405257393209211,17.415100180180303,0.0,15.594966749165472,-8.208244802646817,1,82.22222222222221,0.0,1.5381763407407458,HIGH
2025-01-29,2,1,0,29,0.0,68.29298598245083,30.68202134687179,0,1,Local Festival,0.0,179,110,5,1,1,0,0,159.0,134.0,133.28571428571428,0.19292604501607724,20.434564555464146,0.0,0.0,-10.739937422620542,0,89.33333333333333,0.0,1.806077216810732,HIGH
2025-01-30,3,1,0,30,0.0,69.1678786728001,32.79240797804267,0,0,,1.0,173,110,5,1,1,0,0,179.0,160.66666666666666,141.14285714285714,0.26821862348178144,26.066764096761172,0.0,0.0,-6.906768004432479,30,100.0,0.0,2.3033382048380586,MEDIUM
2025-01-31,4,1,0,31,0.0,73.77692158135002,28.51618607192256,0,0,,0.0,158,110,5,1,1,0,0,173.0,170.33333333333334,147.71428571428572,0.17117988394584133,27.656911647990846,0.0,0.0,1.3696135518548687,30,100.0,0.0,2.3828455823995425,MEDIUM
2025-02-01,5,2,1,32,0.0,70.62209263812206,30.983007833690504,0,0,,0.0,122,110,5,1,1,0,1,158.0,170.0,148.42857142857142,0.06448508180943223,27.879844229940105,0.0,0.0,2.329106655671225,30,100.0,0.6448508180943223,4.78798442299401,LOW
2025-02-02,6,2,1,33,0.0,57.75693723204789,29.28559290908134,0,0,,0.0,114,110,5,1,1,0,1,122.0,151.0,147.71428571428572,-0.1740812379110252,28.575713964334092,0.0,0.0,-11.410941440752211,30,100.0,-1.740812379110252,4.857571396433409,MEDIUM
2025-02-03,0,2,0,34,0.0,66.03511364566434,28.297393349106844,0,0,,0.0,142,110,6,1,1,0,1,114.0,131.33333333333334,149.85714285714286,-0.23927550047664445,24.599651565476854,0.0,0.0,-7.741807935685685,30,87.55555555555557,-0.0,1.952473635199765,LOW
2025-02-04,1,2,0,35,0.0,64.73180442838418,30.771754566086763,0,0,,1.0,170,110,6,1,1,0,1,142.0,126.0,149.57142857142858,-0.05062082139446044,24.6904647104719,0.0,0.0,-5.890288209737875,30,84.0,-0.0,1.8769995178398198,HIGH
2025-02-05,2,2,0,36,0.0,68.05079332715665,31.25005272584703,0,0,,0.0,171,110,6,1,1,0,0,170.0,142.0,151.14285714285714,0.12476370510396978,25.719179428516025,0.0,0.0,10.293856095108765,30,94.66666666666667,0.0,2.164041159616425,CRITICAL
2025-02-06,3,2,0,37,0.0,67.58152071129146,29.998608431798136,0,0,,0.0,148,110,6,1,1,0,0,171.0,161.0,150.0,0.14,24.41993720985671,0.0,0.0,1.5464070656271218,30,100.0,0.0,2.2209968604928356,HIGH
2025-02-07,4,2,0,38,0.0,66.64032224063861,30.56581170544128,0,0,,0.0,159,110,6,1,1,0,0,148.0,163.0,146.42857142857142,0.010731707317073255,22.225039503955674,0.0,0.0,1.9085178122544306,30,100.0,0.0,2.1112519751977836,MEDIUM
2025-02-08,5,2,1,39,0.0,70.29441056547883,33.22972587564458,0,0,,0.0,96,110,6,1,1,0,1,159.0,159.33333333333334,146.57142857142858,0.08479532163742681,22.314846648641577,0.0,0.0,2.243617238322173,30,100.0,0.8479532163742681,4.2314846648641575,HIGH
2025-02-09,6,2,1,40,0.0,71.5499908555797,32.88738506223279,0,0,,0.0,90,110,6,1,1,0,1,96.0,134.33333333333334,142.85714285714286,-0.328,28.416125535973368,0.0,0.0,3.968470144288233,30,89.55555555555557,-3.2800000000000002,4.335933020221615,LOW
2025-02-10,0,2,0,41,0.0,63.459909918121376,32.51599085688853,0,0,,1.0,124,110,7,1,1,0,1,90.0,115.0,139.42857142857142,-0.3545081967213114,33.475648576525785,0.0,0.0,-3.1804123225172347,30,76.66666666666667,-0.0,2.049899862100155,HIGH
2025-02-11,1,2,0,42,0.0,66.52188268808936,32.007710652880895,0,0,,0.0,131,110,7,1,1,0,1,124.0,103.33333333333333,136.85714285714286,-0.09394572025052195,33.9334081765477,0.0,0.0,-3.7725278773894644,30,68.88888888888889,-0.0,1.857706281636643,LOW
2025-02-12,2,2,0,43,0.0,69.95470154168098,32.30210759275843,0,0,,0.0,125,110,7,1,1,0,0,131.0,115.0,131.28571428571428,-0.0021762785636560865,30.62523080573863,0.0,0.0,-1.5952893138987179,30,76.66666666666667,-0.0,1.9406338475533143,LOW
2025-02-13,3,2,0,44,0.0,64.81522580018608,34.56957191866049,0,0,,0.0,148,110,7,1,1,0,0,125.0,126.66666666666667,124.71428571428571,0.002290950744559041,25.12445213806844,0.0,0.0,1.3553158820647084,29,84.44444444444444,0.0,1.9052546458295563,MEDIUM
2025-02-14,4,2,0,45,0.0,68.15235473508196,32.37415057718259,0,0,,1.0,169,110,7,1,1,0,0,148.0,134.66666666666666,124.71428571428571,0.1867124856815579,25.12445213806844,0.0,0.0,1.630472046992594,28,89.77777777777777,0.0,2.0255865181977386,MEDIUM
2025-02-15,5,2,1,46,0.0,78.74850204316459,31.56848287824887,0,0,,1.0,175,110,7,1,1,0,1,169.0,147.33333333333334,126.14285714285714,0.33975084937712347,27.564642638886525,0.0,0.0,8.793800501483616,27,98.22222222222223,3.3975084937712348,4.671904899197299,HIGH
2025-02-16,6,2,1,47,0.0,74.95734211883172,30.691765277388196,0,0,,0.0,147,110,7,1,1,0,1,175.0,164.0,137.42857142857142,0.2733887733887735,29.28513355986365,0.0,0.0,10.142116318645634,26,100.0,2.7338877338877348,4.9285133559863645,HIGH
2025-02-17,0,2,0,48,0.0,58.932158867118815,33.977235666764415,1,0,,0.0,144,110,8,1,1,0,1,147.0,163.66666666666666,145.57142857142858,0.009813542688910612,20.50899918618793,0.0,0.0,-9.220195867963142,25,100.0,0.0,2.0254499593093964,HIGH
2025-02-18,1,2,0,49,0.0,65.78268595565945,29.886646943760528,0,0,,1.0,172,110,8,1,1,0,1,144.0,155.33333333333334,148.42857142857142,-0.029836381135707333,18.27436403687943,0.0,0.0,-12.965816087505146,24,100.0,-0.0,1.9137182018439716,CRITICAL
2025-02-19,2,2,0,50,0.0,66.01031508963858,32.674358947048894,0,0,,0.0,165,110,8,1,1,0,0,172.0,154.33333333333334,154.28571428571428,0.11481481481481487,18.327704763684316,0.0,0.0,-8.947027029193137,23,100.0,0.0,1.916385238184216,HIGH
2025-02-20,3,2,0,51,0.0,68.44187024783545,32.34483992930746,0,0,,0.0,138,110,8,1,1,0,0,165.0,160.33333333333334,160.0,0.03125,13.190905958273621,0.0,0.0,9.509711380716638,22,100.0,0.0,1.659545297913681,MEDIUM
2025-02-21,4,2,0,52,0.0,78.80992216600134,29.85671824846466,0,0,,0.0,119,110,8,1,1,0,0,138.0,158.33333333333334,158.57142857142858,-0.1297297297297298,15.10912685385002,0.0,0.0,13.027236210341897,21,100.0,-0.0,1.755456342692501,LOW
2025-02-22,5,2,1,53,0.0,71.57570650743224,32.01679686266266,0,0,,0.0,97,110,8,1,1,0,1,119.0,140.66666666666666,151.42857142857142,-0.21415094339622634,20.28839687158796,0.0,0.0,5.565391417793663,20,93.77777777777777,-2.1415094339622636,3.778156328846693,MEDIUM
2025-02-23,6,2,1,54,0.0,71.44457733245163,32.035527106997016,0,0,,0.0,98,110,8,1,1,0,1,97.0,118.0,140.28571428571428,-0.30855397148676167,25.84385346469769,0.0,0.0,3.0027070846161763,19,78.66666666666666,-3.0855397148676165,3.6063831392228853,LOW
2025-02-24,0,2,0,55,0.0,68.86446637397856,30.19270940242766,0,0,,0.0,111,110,9,1,1,0,1,98.0,104.66666666666667,133.28571428571428,-0.2647374062165059,30.020627828846205,0.0,0.0,-9.945455792022784,18,69.77777777777779,-0.0,1.7451641264730788,MEDIUM
2025-02-25,1,2,0,56,0.0,72.37168298553661,30.16747332970533,0,0,,0.0,107,110,9,1,1,0,1,111.0,102.0,128.57142857142858,-0.13666666666666674,30.642329887793743,0.0,0.0,0.7959764781043646,17,68.0,-0.0,1.7218392161849874,LOW
2025-02-26,2,2,0,57,0.0,70.6351163458175,30.351154228804003,0,0,,0.0,108,110,9,1,1,0,0,107.0,105.33333333333333,119.28571428571429,-0.10299401197604795,24.526953104114234,0.0,0.0,-0.8094609866341358,16,70.22222222222221,-0.0,1.5633907978777886,LOW
2025-02-27,3,2,0,58,0.0,67.56173311654773,32.202029136307424,0,0,,0.0,126,110,9,1,1,0,0,108.0,108.66666666666667,111.14285714285714,-0.028277634961439552,14.040757000348734,0.0,0.0,-1.3027332574308303,15,72.44444444444444,-0.0,1.2330318646792986,LOW
2025-02-28,4,2,0,59,11.041404795502668,67.7810103512123,32.05171796762043,0,0,,0.0,142,110,9,1,1,0,0,126.0,113.66666666666667,109.42857142857143,0.15143603133159267,10.501700542564425,0.0,11.041404795502668,-4.5906726343243065,14,75.77777777777777,0.0,1.1556755427793852,HIGH
2025-03-01,5,3,1,60,0.0,70.90406116198463,33.36497504095915,0,0,,0.0,120,110,9,1,0,0,1,142.0,125.33333333333333,112.71428571428571,0.25982256020278843,16.100872499280314,11.041404795502668,11.041404795502668,0.26894481616713506,13,83.55555555555554,2.598225602027884,3.0164284577176432,MEDIUM
2025-03-02,6,3,1,61,0.0,66.99721355219395,32.23808285170925,0,0,,1.0,133,110,9,1,0,0,1,120.0,129.33333333333334,116.0,0.034482758620689655,14.640127503998091,0.0,11.041404795502668,-0.5645195643537733,12,86.22222222222223,0.3448275862068966,2.986748771455836,HIGH
2025-03-03,0,3,0,62,0.0,64.41858918697007,32.887949053685084,0,0,,1.0,155,110,10,1,0,0,1,133.0,131.66666666666666,121.0,0.09917355371900827,13.391539617733454,0.0,0.0,-3.3624211642422352,11,87.77777777777777,0.0,1.465517572111635,HIGH
2025-03-04,1,3,0,63,0.0,71.6046776948937,32.148501289889666,0,0,,0.0,153,110,10,1,0,0,1,155.0,136.0,127.28571428571429,0.21773288439955102,17.585166909588626,0.0,0.0,0.7006165329090663,10,90.66666666666666,0.0,1.703860899901351,HIGH
2025-03-05,2,3,0,64,0.0,62.60036318716281,30.055016032073816,0,0,,0.0,134,110,10,1,0,0,0,153.0,147.0,133.85714285714286,0.1430096051227321,17.33424906005999,0.0,0.0,-4.396850365031142,9,98.0,0.0,1.8293782039429394,LOW
2025-03-06,3,3,0,65,0.0,58.18737288062948,34.0094248830166,0,0,,0.0,156,110,10,1,0,0,0,134.0,147.33333333333334,137.57142857142858,-0.025960539979231655,13.151136108807625,0.0,0.0,-6.231216306340585,8,98.22222222222223,-0.0,1.6280891288992192,HIGH
2025-03-07,4,3,0,66,0.0,68.66986196231798,30.165645802904365,0,0,,0.0,140,110,10,1,0,0,0,156.0,147.66666666666666,141.85714285714286,0.0996978851963746,13.63119671230408,0.0,0.0,-2.9348157325757143,7,98.44444444444443,0.0,1.6554022381723004,HIGH
2025-03-08,5,3,1,67,0.0,62.678112746059696,33.666786119526456,0,0,,0.0,112,110,10,1,0,0,1,140.0,143.33333333333334,141.57142857142858,-0.011099899091826524,13.648652471424416,0.0,0.0,0.07774955889688329,6,95.55555555555556,-0.11099899091826523,3.2153156806027776,MEDIUM
2025-03-09,6,3,1,68,0.0,59.90426756560088,32.65371980469601,0,0,,0.0,106,110,10,1,0,0,1,112.0,136.0,140.42857142857142,-0.20244150559511692,15.904476758208231,0.0,0.0,1.7168946849714004,5,90.66666666666666,-2.0244150559511693,3.255339226077546,MEDIUM
2025-03-10,0,3,0,69,0.0,64.94567194848628,33.66718610333104,0,0,,0.0,135,110,11,1,0,0,1,106.0,119.33333333333333,136.57142857142858,-0.2238493723849373,20.59010395681341,0.0,0.0,-3.724190013831702,4,79.55555555555556,-0.0,1.6145841351710222,MEDIUM
2025-03-11,1,3,0,70,0.0,60.28789622954187,35.644265496392194,0,0,,0.0,146,110,11,1,0,0,1,135.0,117.66666666666667,133.71428571428572,0.009615384615384553,18.927178744812863,0.0,0.0,-2.3902165165178246,3,78.44444444444446,0.0,1.526810455213216,MEDIUM
2025-03-12,2,3,0,71,0.0,75.1436421207515,32.8558141959943,0,0,,0.0,168,110,11,1,0,0,0,146.0,129.0,132.71428571428572,0.10010764262648002,17.895197546774813,0.0,0.0,15.239374555150611,2,86.0,0.0,1.6294934945113169,MEDIUM
2025-03-13,3,3,0,72,0.0,73.92509786112112,32.292119282489665,0,0,,0.0,158,110,11,1,0,0,0,168.0,149.66666666666666,137.57142857142858,0.22118380062305285,22.359614955369516,0.0,0.0,8.979425912634838,1,99.77777777777777,0.0,2.113274123884546,HIGH
2025-03-14,4,3,0,73,0.0,68.83941761833906,34.13775774936246,0,1,Local Festival,0.0,195,110,11,1,0,0,0,158.0,157.33333333333334,137.85714285714286,0.14611398963730565,22.645298050799138,0.0,0.0,8.551521388797184,0,100.0,0.0,2.1322649025399567,CRITICAL
2025-03-15,5,3,1,74,0.0,66.96342642654479,27.574029295051957,0,0,,0.0,163,110,11,1,0,0,1,195.0,173.66666666666666,145.71428571428572,0.33823529411764697,31.372569152654744,0.0,0.0,-8.180215694206709,26,100.0,3.3823529411764697,5.137256915265475,HIGH
2025-03-16,6,3,1,75,0.0,62.13071806324336,33.35109674329895,0,0,,0.0,137,110,11,1,0,0,1,163.0,172.0,153.0,0.06535947712418301,27.976180344476635,0.0,0.0,-11.79437979787776,25,100.0,0.6535947712418301,4.797618034447663,HIGH
2025-03-17,0,3,0,76,0.0,65.59498591605737,33.49452003360043,0,0,,0.0,143,110,12,1,0,0,1,137.0,165.0,157.42857142857142,-0.1297640653357531,20.839522890069524,0.0,0.0,-3.2444317022816875,24,100.0,-0.0,2.0419761445034763,CRITICAL
2025-03-18,1,3,0,77,0.0,55.0979279000758,33.148741829452284,0,0,,0.0,154,110,12,1,0,0,1,143.0,147.66666666666666,158.57142857142858,-0.09819819819819826,19.58619533291409,0.0,0.0,-11.865498526468983,23,98.44444444444443,-0.0,1.948520503608993,HIGH
2025-03-19,2,3,0,78,0.0,63.62674936993459,34.307093756355115,0,0,,0.0,175,110,12,1,0,0,0,154.0,144.66666666666666,159.71428571428572,-0.03577817531305908,18.953577373100682,0.0,0.0,1.4960313066912363,22,96.44444444444443,-0.0,1.8784280644361881,HIGH
2025-03-20,3,3,0,79,0.0,71.12643040123916,34.678002976245246,0,0,,0.0,159,110,12,1,0,0,0,175.0,157.33333333333334,160.71428571428572,0.08888888888888884,19.63597281958417,0.0,0.0,5.531444485181794,21,100.0,0.0,1.9817986409792083,LOW
2025-03-21,4,3,0,80,0.0,69.77263910048427,34.48532576338254,0,0,,0.0,152,110,12,1,0,0,0,159.0,162.66666666666666,160.85714285714286,-0.01154529307282418,19.616562487080746,0.0,0.0,14.674711200408467,20,100.0,-0.0,1.9808281243540373,CRITICAL
2025-03-22,5,3,1,81,0.0,66.4336286650585,32.80008507410799,0,0,,0.0,128,110,12,1,0,0,1,152.0,162.0,154.71428571428572,-0.017543859649122858,12.632158508008198,0.0,0.0,2.806879295123913,19,100.0,-0.1754385964912286,3.2632158508008198,HIGH
2025-03-23,6,3,1,82,0.0,71.73790973491307,29.09919463708428,0,0,,0.0,103,110,12,1,0,0,1,128.0,146.33333333333334,149.71428571428572,-0.14503816793893134,15.424161627290271,0.0,0.0,0.6114793336739126,18,97.55555555555556,-1.4503816793893134,3.4558237676400956,LOW
2025-03-24,0,3,0,83,0.0,63.9113522526686,31.32092478210899,0,0,,0.0,128,110,13,1,0,0,1,103.0,127.66666666666667,144.85714285714286,-0.2889546351084813,23.391084992852843,0.0,0.0,-5.86128684781567,17,85.11111111111111,-0.0,1.8465317280291824,MEDIUM
2025-03-25,1,3,0,84,0.0,73.86913829929186,34.19194417559922,0,0,,0.0,150,110,13,1,0,0,1,128.0,119.66666666666667,142.71428571428572,-0.10310310310310315,24.2604911032616,0.0,0.0,7.435509634233355,16,79.77777777777779,-0.0,1.7655018117856571,MEDIUM
2025-03-26,2,3,0,85,0.0,61.14479401590539,31.95474255596628,0,0,,0.0,161,110,13,1,0,0,0,150.0,127.0,142.14285714285714,0.05527638190954777,23.9960314179143,0.0,0.0,-10.593115719007685,15,84.66666666666667,0.0,1.862498663358372,MEDIUM
2025-03-27,3,3,0,86,0.0,71.54694209941404,33.849059824719866,0,0,,0.0,143,110,13,1,0,0,0,161.0,146.33333333333334,140.14285714285714,0.14882772680937822,21.224424385037988,0.0,0.0,7.6355898467454395,14,97.55555555555556,0.0,2.0108358116701863,HIGH
2025-03-28,4,3,0,87,0.0,73.22634096629578,32.60931653647403,0,0,,0.0,131,110,13,1,0,0,0,143.0,151.33333333333334,137.85714285714286,0.037305699481865254,19.65899769764963,0.0,0.0,-0.6427973329960821,13,100.0,0.0,1.9829498848824816,MEDIUM
2025-03-29,5,3,1,88,0.0,76.94392756844886,30.41202327935609,0,0,,0.0,124,110,13,1,0,0,1,131.0,145.0,134.85714285714286,-0.028601694915254265,18.721009333799056,0.0,0.0,15.799133552543466,12,96.66666666666667,-0.28601694915254267,3.743030902267242,LOW
2025-03-30,6,3,1,89,0.0,70.81537622651489,31.78385147373703,0,0,,1.0,126,110,13,1,0,0,1,124.0,132.66666666666666,134.28571428571428,-0.07659574468085101,19.02379462422685,0.0,0.0,-0.7315658728991536,11,88.44444444444444,-0.7659574468085101,3.4514378356538415,MEDIUM
2025-03-31,0,3,0,90,0.0,71.56459851036946,32.14476695967726,0,0,,0.0,143,110,14,1,0,0,1,126.0,127.0,137.57142857142858,-0.08411214953271036,14.057704208691066,0.0,0.0,-1.6617424559263156,10,84.66666666666667,-0.0,1.4417761448345885,HIGH
2025-04-01,1,4,0,91,0.0,72.56517016475459,30.745333246041227,0,0,,0.0,155,110,14,2,0,0,1,143.0,131.0,139.71428571428572,0.023517382413087876,13.487207342692054,0.0,0.0,-4.378757403694266,9,87.33333333333333,0.0,1.4622747206308864,LOW
2025-04-02,2,4,0,92,0.0,74.36500098218517,34.20463086650543,0,0,,0.0,160,110,14,2,0,0,0,155.0,141.33333333333334,140.42857142857142,0.10376398779247212,14.23443176312468,0.0,0.0,3.54962475567028,8,94.22222222222223,0.0,1.6128221186183185,MEDIUM
2025-04-03,3,4,0,93,0.0,79.85133764535685,37.662609237444826,0,0,,0.0,156,110,14,2,0,0,0,160.0,152.66666666666666,140.28571428571428,0.14052953156822817,13.996598226167919,0.0,0.0,8.286739134987386,7,100.0,0.0,1.699829911308396,MEDIUM
2025-04-04,4,4,0,94,0.0,76.37997782777562,34.48769728154979,0,0,,0.0,162,110,14,2,0,0,0,156.0,157.0,142.14285714285714,0.09748743718592968,15.225292240529583,0.0,0.0,3.8148076630210284,6,100.0,0.0,1.7612646120264792,MEDIUM
2025-04-05,5,4,1,95,0.0,71.42634936151214,33.73620043796406,0,0,,0.0,134,110,14,2,0,0,1,162.0,159.33333333333334,146.57142857142858,0.10526315789473675,15.935883438089995,0.0,0.0,-2.9386516206730278,5,100.0,1.0526315789473675,3.5935883438089995,CRITICAL
2025-04-06,6,4,1,96,0.0,67.17210206869463,33.99819153369462,0,0,,0.0,109,110,14,2,0,0,1,134.0,150.66666666666666,148.0,-0.0945945945945946,13.892443989450205,0.0,0.0,-12.679235576662222,4,100.0,-0.945945945945946,3.3892443989450207,MEDIUM
2025-04-07,0,4,0,97,0.0,65.64291164400878,31.325295206045944,0,0,,1.0,161,110,15,2,0,0,1,109.0,135.0,145.57142857142858,-0.2512266928361139,18.946038661218605,0.0,0.0,-10.737066183766842,3,90.0,-0.0,1.7525717397548373,MEDIUM
2025-04-08,1,4,0,98,0.0,73.4196175635213,34.37262442964422,0,0,,0.0,159,110,15,2,0,0,1,161.0,134.66666666666666,148.14285714285714,0.08678881388621025,19.74359450073707,0.0,0.0,1.9932682020091619,2,89.77777777777777,0.0,1.7840457975886417,MEDIUM
2025-04-09,2,4,0,99,0.0,69.65594341855903,33.95868280335604,0,0,,0.0,168,110,15,2,0,0,0,159.0,143.0,148.71428571428572,0.06916426512968293,20.03092846670136,0.0,0.0,2.483841349864406,1,95.33333333333334,0.0,1.908140923579432,HIGH
2025-04-10,3,4,0,100,0.0,71.202104519661,32.14128807982232,0,1,Local Festival,0.0,194,110,15,2,0,0,0,168.0,162.66666666666666,149.85714285714286,0.12106768350810293,20.987524639085077,0.0,0.0,5.559192875652229,0,100.0,0.0,2.0493762319542537,HIGH
2025-04-11,4,4,0,101,0.0,67.77058616561129,32.822341872032055,0,0,,0.0,192,110,15,2,0,0,0,194.0,173.66666666666666,155.28571428571428,0.24931002759889612,26.917864487574896,0.0,0.0,-5.649031397910008,6,100.0,0.0,2.3458932243787447,HIGH
2025-04-12,5,4,1,102,0.0,68.25267227616419,33.59682551436348,0,0,,0.0,146,110,15,2,0,0,1,192.0,184.66666666666666,159.57142857142858,0.20322291853178145,30.336211271115168,0.0,0.0,-1.4032711423948427,5,100.0,2.0322291853178145,5.033621127111517,MEDIUM
2025-04-13,6,4,1,103,0.0,73.10245027283177,33.7608759823873,0,0,,0.0,135,110,15,2,0,0,1,146.0,177.33333333333334,161.28571428571428,-0.0947741364038972,28.95809780651089,0.0,0.0,1.9003457531707681,4,100.0,-0.947741364038972,4.8958097806510885,MEDIUM
2025-04-14,0,4,0,104,0.0,78.71660597106496,32.939957348983874,0,0,,0.0,137,110,16,2,0,0,1,135.0,157.66666666666666,165.0,-0.18181818181818182,21.95449840010072,0.0,0.0,10.946019805453673,3,100.0,-0.0,2.097724920005036,HIGH
2025-04-15,1,4,0,105,0.0,73.20341543417699,32.07153871914394,0,0,,0.0,148,110,16,2,0,0,1,137.0,139.33333333333334,161.57142857142858,-0.1520778072502211,24.418962186909923,0.0,0.0,4.9507431580127985,2,92.8888888888889,-0.0,2.0630140215698165,HIGH
2025-04-16,2,4,0,106,0.0,64.65872464100006,32.41987928587129,0,0,,0.0,134,110,16,2,0,0,0,148.0,140.0,160.0,-0.075,24.95996794869779,0.0,0.0,-8.443725631831711,1,93.33333333333333,-0.0,2.0981318376058966,CRITICAL
2025-04-17,3,4,0,107,0.0,65.537557648158,31.523189096756063,0,1,Local Festival,0.0,173,110,16,2,0,0,0,134.0,139.66666666666666,155.14285714285714,-0.13627992633517494,26.40977452528149,0.0,0.0,-13.179048322906965,0,93.1111111111111,-0.0,2.1606328362325495,MEDIUM
2025-04-18,4,4,0,108,0.0,69.99038160532723,34.008375847392024,0,0,,1.0,192,110,16,2,0,0,0,173.0,151.66666666666666,152.14285714285714,0.1370892018779343,22.101497471352584,0.0,0.0,-3.2130338288497597,27,100.0,0.0,2.105074873567629,HIGH
2025-04-19,5,4,1,109,0.0,72.41592293706783,30.71947141635143,0,0,,0.0,137,110,16,2,0,0,1,192.0,166.33333333333334,152.14285714285714,0.26197183098591553,22.101497471352584,0.0,0.0,7.75719829606777,26,100.0,2.6197183098591554,4.210149747135258,HIGH
2025-04-20,6,4,1,110,0.0,69.83191883161882,31.782161108894652,0,0,,0.0,119,110,16,2,0,0,1,137.0,167.33333333333334,150.85714285714286,-0.09185606060606064,22.770072254523118,0.0,0.0,4.294361183460822,25,100.0,-0.9185606060606064,4.277007225452312,LOW
2025-04-21,0,4,0,111,0.0,63.8195262254134,30.6848002881868,0,0,,0.0,128,110,17,2,0,0,1,119.0,149.33333333333334,148.57142857142858,-0.1990384615384616,25.290690928067953,0.0,0.0,-6.1708553799138315,24,99.55555555555556,-0.0,2.2544699484193824,MEDIUM
2025-04-22,1,4,0,112,0.0,73.85264767333868,31.38174518759893,0,0,,0.0,126,110,17,2,0,0,1,128.0,128.0,147.28571428571428,-0.13094083414161004,26.189783540624614,0.0,0.0,1.4367247362708468,23,85.33333333333334,-0.0,1.970764097733317,LOW
2025-04-23,2,4,0,113,0.0,67.09152221940624,30.09258271880048,0,0,,0.0,137,110,17,2,0,0,0,126.0,124.33333333333333,144.14285714285714,-0.12586719524281464,27.382650050890458,0.0,0.0,-2.740396612212578,22,82.88888888888889,-0.0,1.9637476076646823,CRITICAL
2025-04-24,3,4,0,114,0.0,66.25711524805811,32.37647240003962,0,0,,0.0,144,110,17,2,0,0,0,137.0,130.33333333333334,144.57142857142858,-0.052371541501976364,27.22044049886755,0.0,0.0,2.4375890226447154,21,86.8888888888889,-0.0,2.051465803895246,LOW
2025-04-25,4,4,0,115,0.0,69.05151417887555,33.34059223454829,0,0,,1.0,176,110,17,2,0,0,0,144.0,135.66666666666666,140.42857142857142,0.02543234994913539,24.213337528843855,0.0,0.0,-4.80113349446313,20,90.44444444444444,0.0,1.9994253749154942,HIGH
2025-04-26,5,4,1,116,0.0,62.8829910677996,33.33447539883333,0,0,,0.0,145,110,17,2,0,0,1,176.0,152.33333333333334,138.14285714285714,0.2740434332988625,18.649652109611203,0.0,0.0,-4.208531151606643,19,100.0,2.7404343329886247,3.8649652109611203,LOW
2025-04-27,6,4,1,117,0.0,65.50927240794354,32.90719977149775,0,0,,0.0,113,110,17,2,0,0,1,145.0,155.0,139.28571428571428,0.04102564102564109,18.81235662815174,0.0,0.0,-0.747842840114572,18,100.0,0.4102564102564109,3.881235662815174,CRITICAL
2025-04-28,0,4,0,118,0.0,65.56647640397118,29.97651912580797,0,0,,0.0,134,110,18,2,0,0,1,113.0,144.66666666666666,138.42857142857142,-0.1836945304437564,19.990473921822105,0.0,0.0,-3.48503777490437,17,96.44444444444443,-0.0,1.9284295202300878,MEDIUM
2025-04-29,1,4,0,119,0.0,68.27728025785217,31.30254361109736,0,0,,0.0,134,110,18,2,0,0,1,134.0,130.66666666666666,139.28571428571428,-0.037948717948717896,19.593487742226106,0.0,0.0,5.394289190052568,16,87.1111111111111,-0.0,1.7245163549947369,MEDIUM
2025-04-30,2,4,0,120,0.0,76.22344592483434,31.48001980109025,0,0,,0.0,117,110,18,2,0,0,0,134.0,127.0,140.42857142857142,-0.045778229908443456,18.910818269420584,0.0,0.0,10.714173516890796,15,84.66666666666667,-0.0,1.6472246400721382,LOW
2025-05-01,3,5,0,121,0.0,61.013749873776405,30.964265303257992,1,0,,0.0,125,110,18,2,0,0,0,117.0,128.33333333333334,137.57142857142858,-0.1495327102803739,20.91934625219079,0.0,0.0,-4.552726530194775,14,85.55555555555556,-0.0,1.7504387007881614,MEDIUM
2025-05-02,4,5,0,122,0.0,63.06017279406778,31.32153392205801,0,0,,0.0,138,110,18,2,0,0,0,125.0,125.33333333333333,134.85714285714286,-0.07309322033898308,21.1772564435573,0.0,0.0,-5.217107463784387,13,83.55555555555554,-0.0,1.7202942691975045,LOW
2025-05-03,5,5,1,123,0.0,63.002735493187,30.765674790626885,0,0,,0.0,117,110,18,2,0,0,1,138.0,126.66666666666667,129.42857142857142,0.06622516556291401,11.559370554621104,0.0,0.0,-13.22071043164734,12,84.44444444444444,0.6622516556291401,2.6650135135013375,HIGH
2025-05-04,6,5,1,124,0.0,68.03843819340536,32.82014880020548,0,0,,0.0,112,110,18,2,0,0,1,117.0,126.66666666666667,125.42857142857143,-0.0671981776765376,10.014275524754874,0.0,0.0,7.02468831962895,11,84.44444444444444,-0.671981776765376,2.5345388220904113,LOW
2025-05-05,0,5,0,125,0.0,65.87428721574474,31.772144731604104,0,0,,0.0,136,110,19,2,0,0,1,112.0,122.33333333333333,125.28571428571429,-0.10604332953249719,10.226017238955675,0.0,0.0,2.814114421676962,10,81.55555555555554,-0.0,1.2325498140774145,LOW
2025-05-06,1,5,0,126,0.0,75.66777030320829,34.00340624473387,0,0,,0.0,122,110,19,2,0,0,1,136.0,121.66666666666667,125.57142857142857,0.08304891922639365,10.533393610435875,0.0,0.0,12.66503481002129,9,81.11111111111111,0.0,1.238298740867677,LOW
2025-05-07,2,5,0,127,0.0,74.19053683309961,30.36029532410065,0,0,,0.0,134,110,19,2,0,0,0,122.0,123.33333333333333,123.85714285714286,-0.014994232987312605,9.889869756953964,0.0,0.0,6.152098639694259,8,82.22222222222221,-0.0,1.2288057566747739,MEDIUM
2025-05-08,3,5,0,128,0.0,61.963210019454806,33.42149329832267,0,0,,0.0,147,110,19,2,0,0,0,134.0,130.66666666666666,126.28571428571429,0.06108597285067868,10.011897684159893,0.0,0.0,-3.9110771962899378,7,87.1111111111111,0.0,1.3071848769100751,MEDIUM
2025-05-09,4,5,0,129,0.0,72.48094933810847,32.38815728515155,0,0,,0.0,153,110,19,2,0,0,0,147.0,134.33333333333334,129.42857142857142,0.13576158940397362,12.647228192468685,0.0,0.0,-3.1868209650998125,6,89.55555555555557,0.0,1.4618703290627646,LOW
2025-05-10,5,5,1,130,0.0,68.4216380918713,32.343439449381506,0,0,,0.0,115,110,19,2,0,0,1,153.0,144.66666666666666,131.57142857142858,0.16286644951140056,15.328156475988123,0.0,0.0,-5.768898741228313,5,96.44444444444443,1.6286644951140055,3.4072044245730764,HIGH
2025-05-11,6,5,1,131,0.0,73.92091615148149,33.628805195476865,0,0,,0.0,87,110,19,2,0,0,1,115.0,138.33333333333334,131.28571428571428,-0.12404787812840039,15.660079668957328,0.0,0.0,11.957706132026686,4,92.22222222222223,-1.240478781284004,3.2886517916927316,MEDIUM
2025-05-12,0,5,0,132,0.0,70.00308204386573,31.43568135859808,0,0,,0.0,106,110,20,2,0,0,1,87.0,118.33333333333333,127.71428571428571,-0.3187919463087248,22.253945610567296,0.0,0.0,-2.477867294242742,3,78.88888888888889,-0.0,1.6666834101945989,LOW
2025-05-13,1,5,0,133,0.0,71.86090361734387,31.670047612161078,0,0,,0.0,129,110,20,2,0,0,1,106.0,102.66666666666667,123.42857142857143,-0.14120370370370372,23.258383025317325,0.0,0.0,3.439265525472564,2,68.44444444444446,-0.0,1.4803979968664152,LOW
2025-05-14,2,5,0,134,0.0,67.4452640858427,32.33678877011432,0,0,,0.0,146,110,20,2,0,0,0,129.0,107.33333333333333,124.42857142857143,0.03673938002296209,23.337074530005616,0.0,0.0,-6.475652065638798,1,71.55555555555554,0.0,1.550504222073534,LOW
2025-05-15,3,5,0,135,0.0,68.37129206279735,31.386256383578186,0,1,Local Festival,0.0,185,110,20,2,0,0,0,146.0,127.0,126.14285714285714,0.1574178935447339,24.56575238978406,0.0,0.0,-1.6317899810683798,0,84.66666666666667,0.0,1.8866168511675252,HIGH
2025-05-16,4,5,0,136,0.0,70.25696004560263,31.872875883974935,0,0,,0.0,163,110,20,2,0,0,0,185.0,153.33333333333334,131.57142857142858,0.40608034744842547,32.77121268663057,0.0,0.0,-1.6039435717412402,24,100.0,0.0,2.6385606343315287,MEDIUM
2025-05-17,5,5,1,137,0.0,66.86757082292944,29.118052399427867,0,0,,0.0,128,110,20,2,0,0,1,163.0,164.66666666666666,133.0,0.22556390977443608,34.05387887842828,0.0,0.0,-0.5776932629132574,23,100.0,2.2556390977443606,5.405387887842828,MEDIUM
2025-05-18,6,5,1,138,0.0,68.45255188514508,31.336272508611472,0,0,,0.0,103,110,20,2,0,0,1,128.0,158.66666666666666,134.85714285714286,-0.050847457627118675,33.253714436277974,0.0,0.0,0.08125982234773232,22,100.0,-0.5084745762711868,5.325371443627797,HIGH
2025-05-19,0,5,0,139,0.0,62.22919690150092,32.43842875525287,0,0,,0.0,122,110,21,2,0,0,1,103.0,131.33333333333334,137.14285714285714,-0.2489583333333333,29.78494346381839,0.0,0.0,-8.027763144101705,21,87.55555555555557,-0.0,2.1794741916382723,HIGH
2025-05-20,1,5,0,140,0.0,69.24175462626059,32.19223193568037,0,0,,0.0,118,110,21,2,0,0,1,122.0,117.66666666666667,139.42857142857142,-0.12499999999999992,27.524880519614438,0.0,0.0,2.3741838033311495,20,78.44444444444446,-0.0,1.8640314248248777,LOW
2025-05-21,2,5,0,141,7.13798566209202,68.92431957831785,29.25620756106469,0,0,,0.0,141,110,21,2,0,0,0,118.0,114.33333333333333,137.85714285714286,-0.1440414507772021,28.515659858100047,0.0,7.13798566209202,0.47176769317276523,19,76.22222222222223,-0.0,1.8489857034809243,LOW
2025-05-22,3,5,0,142,0.9684985548497204,77.79418392912358,30.662218742372456,0,0,,0.0,140,110,21,2,0,0,0,141.0,127.0,137.14285714285714,0.028125000000000032,28.339775178057742,7.13798566209202,8.106484216941741,15.564987027622657,18,84.66666666666667,0.0,2.046383815871111,MEDIUM
2025-05-23,4,5,0,143,0.0,67.6585705789745,31.50292082378224,0,0,,0.0,125,110,21,2,0,0,0,140.0,133.0,130.71428571428572,0.07103825136612016,19.35384790090651,0.9684985548497204,8.106484216941741,-1.5831840472860819,17,88.66666666666667,0.0,1.7446872569401886,LOW
2025-05-24,5,5,1,144,0.0,70.57109802767151,31.755220154355868,0,0,,0.0,101,110,21,2,0,0,1,125.0,135.33333333333334,125.28571428571429,-0.0022805017103763314,13.111245627504337,0.0,0.9684985548497204,1.6467784493536612,16,90.22222222222223,-0.022805017103763314,2.9873701610592804,LOW
2025-05-25,6,5,1,145,0.0,69.49399594511473,32.12214394366419,0,0,,0.0,95,110,21,2,0,0,1,101.0,122.0,121.42857142857143,-0.16823529411764707,15.862504456076088,0.0,0.0,-8.300187984008844,15,81.33333333333333,-1.6823529411764706,2.916817029094188,LOW
2025-05-26,0,5,0,146,0.0,75.98390125393108,31.96093551624078,0,0,,0.0,110,110,22,2,0,0,1,95.0,107.0,120.28571428571429,-0.2102137767220903,17.604112073738538,0.0,0.0,8.325330674956575,14,71.33333333333334,-0.0,1.3412133306300078,MEDIUM
2025-05-27,1,5,0,147,0.0,66.38034972989331,30.925768092693023,0,0,,0.0,118,110,22,2,0,0,1,110.0,102.0,118.57142857142857,-0.07228915662650601,17.989414877061208,0.0,0.0,-4.1907482977782,13,68.0,-0.0,1.2916401058200813,LOW
2025-05-28,2,5,0,148,0.0,69.04522952636995,31.94764736421828,0,0,,0.0,122,110,22,2,0,0,0,118.0,107.66666666666667,118.57142857142857,-0.004819277108433718,17.989414877061208,0.0,0.0,-0.44876641874478196,12,71.77777777777779,-0.0,1.3633978894767524,LOW
2025-05-29,3,5,0,149,0.0,64.87911574209907,28.654635287972592,0,0,,0.0,129,110,22,2,0,0,0,122.0,116.66666666666667,115.85714285714286,0.05302096177558566,15.269016246727826,0.0,0.0,-11.104785511832006,11,77.77777777777779,0.0,1.3715728540394156,LOW
2025-05-30,4,5,0,150,0.0,73.51064697993303,31.615430234426277,0,0,,1.0,160,110,22,2,0,0,0,129.0,123.0,114.28571428571429,0.12874999999999995,12.72418020560624,0.0,0.0,7.1302972500397175,10,82.0,0.0,1.3416913884298558,MEDIUM
2025-05-31,5,5,1,151,0.0,63.00910039737036,31.61968988962668,0,0,,0.0,128,110,22,2,0,0,1,160.0,137.0,119.28571428571429,0.341317365269461,21.491969707422026,0.0,0.0,-6.03612912899959,9,91.33333333333333,3.41317365269461,3.7895998999445455,HIGH
2025-06-01,6,6,1,152,0.0,84.52498782309044,27.45291280300207,0,0,,0.0,107,110,22,2,0,1,1,128.0,139.0,123.14285714285714,0.03944315545243623,20.036870775552206,0.0,0.0,19.645872080991367,8,92.66666666666666,0.3944315545243623,3.7100833585345034,LOW
2025-06-02,0,6,0,153,0.0,94.15721188507518,31.720745366013155,0,0,,0.0,115,110,23,2,0,1,1,107.0,131.66666666666666,124.85714285714286,-0.1430205949656751,17.591935381764557,0.0,0.0,20.646564905142156,7,87.77777777777777,-0.0,1.6498682750885556,LOW
2025-06-03,1,6,0,154,0.0,95.37950924632166,30.361937049882503,0,0,,0.0,122,110,23,2,0,1,1,115.0,116.66666666666667,125.57142857142857,-0.08418657565415243,16.978978599600865,0.0,0.0,32.3704088489513,6,77.77777777777779,-0.0,1.4380713899844784,MEDIUM
2025-06-04,2,6,0,155,0.0,96.61028773726548,32.44498147274552,0,0,,0.0,152,110,23,2,0,1,0,122.0,114.66666666666667,126.14285714285714,-0.032842582106455236,16.747423398128465,0.0,0.0,12.085299914175039,5,76.44444444444444,-0.0,1.4045681832173547,LOW
2025-06-05,3,6,0,156,0.0,95.82586646102746,29.464056810762205,0,0,,0.0,144,110,23,2,0,1,0,152.0,129.66666666666666,130.42857142857142,0.16538882803943056,19.17339426442386,0.0,0.0,1.6686545759522744,4,86.44444444444443,0.0,1.693161152095653,MEDIUM
2025-06-06,4,6,0,157,0.0,100.0,30.635078641701107,0,0,,1.0,151,110,23,2,0,1,0,144.0,139.33333333333334,132.57142857142858,0.08620689655172403,19.81461701923718,0.0,0.0,4.6204907536783395,3,92.8888888888889,0.0,1.8491677682267935,MEDIUM
2025-06-07,5,6,1,158,0.0,96.5282101463331,30.54174898551339,0,0,,0.0,112,110,23,2,0,1,1,151.0,149.0,131.28571428571428,0.15016322089227427,17.941704542901068,0.0,0.0,-0.08207759093238565,2,99.33333333333333,1.5016322089227427,3.768875984594839,LOW
2025-06-08,6,6,1,159,0.0,93.87988939647764,28.7298355883139,0,0,,0.0,96,110,23,2,0,1,1,112.0,135.66666666666666,129.0,-0.13178294573643412,19.390719429665133,0.0,0.0,-1.9459770645498224,1,90.44444444444444,-1.3178294573643412,3.562671735083046,LOW
2025-06-09,0,6,0,160,0.0,88.05196436654434,30.687789777215023,0,1,Local Festival,0.0,154,110,24,2,0,1,1,96.0,119.66666666666667,127.42857142857143,-0.24663677130044845,21.770447421961094,0.0,0.0,-11.94803563345566,0,79.77777777777779,-0.0,1.6661767360537816,MEDIUM
2025-06-10,1,6,0,161,0.0,100.0,30.62946584971579,0,0,,1.0,157,110,24,2,0,1,1,154.0,120.66666666666667,133.0,0.15789473684210525,23.014488190413076,0.0,0.0,3.4717898536669054,30,80.44444444444446,0.0,1.7301383027699482,HIGH
2025-06-11,2,6,0,162,0.0,94.2723089100054,27.68300262627193,0,0,,0.0,155,110,24,2,0,1,0,157.0,135.66666666666666,138.0,0.13768115942028986,24.00694344004113,0.0,0.0,0.39241951352776994,30,90.44444444444444,0.0,1.9900917755663043,HIGH
2025-06-12,3,6,0,163,0.0,97.7054636291251,28.36993275973218,0,0,,0.0,143,110,24,2,0,1,0,155.0,155.33333333333334,138.42857142857142,0.1197110423116616,24.323220338167573,0.0,0.0,9.653499262580766,30,100.0,0.0,2.2161610169083787,MEDIUM
2025-06-13,4,6,0,164,0.0,92.5377227702322,29.587033294445373,0,0,,0.0,157,110,24,2,0,1,0,143.0,151.66666666666666,138.28571428571428,0.03409090909090915,24.287955078696164,0.0,0.0,-7.462277229767807,30,100.0,0.0,2.2143977539348083,HIGH
2025-06-14,5,6,1,165,0.0,100.0,30.20759592718127,0,0,,0.0,106,110,24,2,0,1,1,157.0,151.66666666666666,139.14285714285714,0.1283367556468173,24.90935949550273,0.0,0.0,5.727691089994593,30,100.0,1.283367556468173,4.490935949550273,LOW
2025-06-15,6,6,1,166,0.0,98.052992284849,31.787510733352853,0,0,,0.0,112,110,24,2,0,1,1,106.0,135.33333333333334,138.28571428571428,-0.23347107438016523,26.074983449750505,0.0,0.0,0.3475286557238917,30,90.22222222222223,-2.3347107438016526,4.156987395688602,LOW
2025-06-16,0,6,0,167,0.0,100.0,27.928755768667727,0,0,,0.0,126,110,25,2,0,1,1,112.0,125.0,140.57142857142858,-0.20325203252032528,22.157445271339014,0.0,0.0,7.462277229767807,30,83.33333333333334,-0.0,1.7565602196391261,MEDIUM
2025-06-17,1,6,0,168,0.0,94.81491215306116,30.350834450155364,0,0,,0.0,135,110,25,2,0,1,1,126.0,114.66666666666667,136.57142857142858,-0.07740585774058585,21.854497194377334,0.0,0.0,-5.185087846938842,30,76.44444444444444,-0.0,1.5997718927628672,LOW
2025-06-18,2,6,0,169,0.0,100.0,30.52921001706668,0,0,,0.0,133,110,25,2,0,1,0,135.0,124.33333333333333,133.42857142857142,0.011777301927194953,19.923663843590045,0.0,0.0,1.9470077151510026,30,82.88888888888889,0.0,1.654614068184343,LOW
2025-06-19,3,6,0,170,0.0,98.59490176364208,29.7050537515703,0,0,,0.0,136,110,25,2,0,1,0,133.0,131.33333333333334,130.28571428571428,0.020833333333333398,17.54721521794143,0.0,0.0,-1.4050982363579152,30,87.55555555555557,0.0,1.6437336439854362,LOW
2025-06-20,4,6,0,171,0.0,98.63389510060657,28.520640266284158,0,0,,0.0,136,110,25,2,0,1,0,136.0,134.66666666666666,129.28571428571428,0.05193370165745863,16.88899331630183,0.0,0.0,3.8189829475454076,30,89.77777777777777,0.0,1.6559059221984376,LOW
2025-06-21,5,6,1,172,0.0,92.63865934919744,29.79862187838128,0,0,,0.0,95,110,25,2,0,1,1,136.0,135.0,126.28571428571429,0.07692307692307687,12.419263071458195,0.0,0.0,-7.3613406508025605,30,90.0,0.7692307692307687,2.9177336764312374,LOW
2025-06-22,6,6,1,173,12.399774625584396,100.0,26.526324408548607,0,0,,0.0,87,110,25,2,0,1,1,95.0,122.33333333333333,124.71428571428571,-0.23825887743413512,15.681350767862778,0.0,12.399774625584396,1.4050982363579152,30,81.55555555555554,-2.382588774341351,2.910012384845697,LOW
2025-06-23,0,6,0,174,0.0,100.0,31.861660143904263,0,0,,0.0,113,110,26,2,0,1,1,87.0,106.0,121.14285714285714,-0.2818396226415094,21.003401085130058,12.399774625584396,12.399774625584396,1.3661048993934344,30,70.66666666666667,-0.0,1.448786838341262,LOW
2025-06-24,1,6,0,175,0.0,100.0,25.14775874194256,0,0,,0.0,106,110,26,2,0,1,1,113.0,98.33333333333333,119.28571428571429,-0.05269461077844316,21.07695649846246,0.0,12.399774625584396,7.3613406508025605,30,65.55555555555556,-0.0,1.3464113518940473,MEDIUM
2025-06-25,2,6,0,176,0.0,95.65853634061816,29.36023866479213,0,0,,0.0,104,110,26,2,0,1,0,106.0,102.0,115.14285714285714,-0.07940446650124067,20.30950985317397,0.0,0.0,-4.341463659381844,30,68.0,-0.0,1.3705233350079151,MEDIUM
2025-06-26,3,6,0,177,0.0,100.0,28.110837149639966,0,0,,0.0,92,110,26,2,0,1,0,104.0,107.66666666666667,111.0,-0.06306306306306306,18.973665961009658,0.0,0.0,0.0,30,71.77777777777779,-0.0,1.3987215672673468,LOW
2025-06-27,4,6,0,178,0.0,94.93052023853733,28.515463138272352,0,0,,0.0,101,110,26,2,0,1,0,92.0,100.66666666666667,104.71428571428571,-0.12141882673942696,16.428778466603447,0.0,0.0,-5.069479761462674,30,67.11111111111111,-0.0,1.222387899657138,LOW
2025-06-28,5,6,1,179,0.0,97.30744907310886,27.116898346467483,0,0,,0.0,85,110,26,2,0,1,1,101.0,99.0,99.71428571428571,0.012893982808022985,8.938946353163145,0.0,0.0,1.6489127324907003,30,66.0,0.12893982808022986,1.9099704593087679,LOW
2025-06-29,6,6,1,180,0.0,94.48241284067062,29.191815527758138,0,0,,0.0,67,110,26,2,0,1,1,85.0,92.66666666666667,98.28571428571429,-0.1351744186046512,10.483547200481686,0.0,0.0,-5.517587159329381,30,61.77777777777778,-1.351744186046512,1.8832058048297573,LOW
2025-06-30,0,6,0,181,0.0,98.2360475405384,28.39422439108874,0,0,,0.0,91,110,27,2,0,1,1,67.0,84.33333333333333,95.42857142857143,-0.29790419161676646,15.565529682143083,0.0,0.0,3.3055273020010674,30,56.222222222222214,-0.0,0.9997865566202443,LOW
2025-07-01,1,7,0,182,0.0,98.14882626807376,27.967728058880827,0,0,,0.0,108,110,27,3,0,1,1,91.0,81.0,92.28571428571429,-0.013931888544891706,13.511899517513774,0.0,0.0,0.841377194964906,30,54.0,-0.0,0.904821286972872,LOW
2025-07-02,2,7,0,183,0.0,99.40126409813084,26.80947709242237,0,0,,0.0,115,110,27,3,0,1,0,108.0,88.66666666666667,92.57142857142857,0.16666666666666669,13.86671245413544,0.0,0.0,4.918851257460219,30,59.111111111111114,0.0,1.0009495014222252,LOW
2025-07-03,3,7,0,184,0.0,100.0,29.36619595906305,0,0,,0.0,123,110,27,3,0,1,0,115.0,104.66666666666667,94.14285714285714,0.22154779969650992,15.858000834788491,0.0,0.0,1.7639524594616063,30,69.77777777777779,0.0,1.2510458069026207,MEDIUM
2025-07-04,4,7,0,185,0.0,100.0,27.982920218903683,0,0,,0.0,128,110,27,3,0,1,0,123.0,115.33333333333333,98.57142857142857,0.24782608695652175,19.14729870292448,0.0,0.0,1.851173731926238,30,76.88888888888889,0.0,1.5049961501346523,MEDIUM
2025-07-05,5,7,1,186,0.0,99.73439673491228,29.534286936798978,0,0,,0.0,112,110,27,3,0,1,1,128.0,122.0,102.42857142857143,0.24965132496513248,22.19502303713643,0.0,0.0,0.33313263678144267,30,81.33333333333333,2.4965132496513247,3.431861873687096,MEDIUM
2025-07-06,6,7,1,187,0.0,98.75231513706233,29.7583010586725,0,0,,0.0,100,110,27,3,0,1,1,112.0,121.0,106.28571428571429,0.05376344086021499,20.973906691523503,0.0,0.0,-1.2476848629376747,30,80.66666666666666,0.53763440860215,3.3052284731162285,MEDIUM
2025-07-07,0,7,0,188,0.0,95.75027020542424,27.432029388990973,0,0,,0.0,109,110,28,3,0,1,1,100.0,113.33333333333333,111.0,-0.0990990990990991,12.780193008452956,0.0,0.0,-4.249729794575757,30,75.55555555555556,-0.0,1.2383628469860006,MEDIUM
2025-07-08,1,7,0,189,0.0,97.77154307648053,28.85274918012555,0,0,,1.0,147,110,28,3,0,1,1,109.0,107.0,113.57142857142857,-0.04025157232704401,9.466733735509107,0.0,0.0,-1.9628536584317544,30,71.33333333333334,-0.0,1.050980169899825,LOW
2025-07-09,2,7,0,190,0.0,96.52080714146962,27.673184651156305,0,0,,0.0,135,110,28,3,0,1,0,147.0,118.66666666666667,119.14285714285714,0.23381294964028781,15.312615402868763,0.0,0.0,-2.2315079955927075,30,79.11111111111111,0.0,1.3968101203801422,HIGH
2025-07-10,3,7,0,191,0.0,97.8302650067952,29.290271410840564,0,0,,0.0,115,110,28,3,0,1,0,135.0,130.33333333333334,122.0,0.10655737704918032,16.248076809271478,0.0,0.0,2.079994801370958,30,86.8888888888889,0.0,1.57477755915835,MEDIUM
2025-07-11,4,7,0,192,0.0,90.18328947114966,28.115532104256623,0,0,,0.0,92,110,28,3,0,1,0,115.0,132.33333333333334,120.85714285714286,-0.04846335697399531,16.446160356635684,0.0,0.0,-7.588253605330863,30,88.22222222222223,-0.0,1.6076806290649295,MEDIUM
2025-07-12,5,7,1,193,0.0,91.76516357955116,24.89480393559079,0,0,,0.0,86,110,28,3,0,1,1,92.0,114.0,115.71428571428571,-0.20493827160493824,19.23290830594121,0.0,0.0,-4.755643561918461,30,76.0,-2.0493827160493825,2.9817010312515317,MEDIUM
2025-07-13,6,7,1,194,11.533995349268036,100.0,25.438966196838628,0,0,,0.0,97,110,28,3,0,1,1,86.0,97.66666666666667,112.0,-0.23214285714285715,22.3308456325918,0.0,11.533995349268036,2.1697349932047985,30,65.11111111111111,-2.3214285714285716,2.756208393410977,LOW
2025-07-14,0,7,0,195,0.0,100.0,25.2258669171638,0,0,,0.0,112,110,29,3,0,1,1,97.0,91.66666666666667,111.57142857142857,-0.13060179257362353,22.626364731267774,11.533995349268036,11.533995349268036,9.816710528850336,30,61.111111111111114,-0.0,1.3024722556776265,LOW
2025-07-15,1,7,0,196,0.0,100.0,29.11798554785292,0,0,,0.0,120,110,29,3,0,1,1,112.0,98.33333333333333,112.0,0.0,22.597935008903892,0.0,11.533995349268036,8.234836420448843,30,65.55555555555556,0.0,1.396265647514072,LOW
2025-07-16,2,7,0,197,36.36594139774948,100.0,23.750266935477548,0,0,,0.0,135,110,29,3,0,1,0,120.0,109.66666666666667,108.14285714285714,0.10964332892998684,17.315008628629048,0.0,36.36594139774948,0.0,30,73.11111111111111,0.0,1.364070870979884,MEDIUM
2025-07-17,3,7,0,198,0.0,100.0,28.79736125416522,0,0,,0.0,137,110,29,3,0,1,0,135.0,122.33333333333333,108.14285714285714,0.2483487450462352,17.315008628629048,36.36594139774948,36.36594139774948,0.0,30,81.55555555555554,0.0,1.5216231296340954,HIGH
2025-07-18,4,7,0,199,0.0,100.0,28.88812610004641,0,0,,0.0,135,110,29,3,0,1,0,137.0,130.66666666666666,111.28571428571429,0.23106546854942228,20.4753045212537,0.0,36.36594139774948,0.0,30,87.1111111111111,0.0,1.7629243747034942,MEDIUM
2025-07-19,5,7,1,200,0.0,97.78477989435758,25.797196452533683,0,0,,0.0,110,110,29,3,0,1,1,135.0,135.66666666666666,117.42857142857143,0.14963503649635035,20.173060773030027,0.0,0.0,-2.215220105642416,30,90.44444444444444,1.4963503649635035,3.633430163249604,LOW
2025-07-20,6,7,1,201,0.0,100.0,26.76146091132007,0,0,,0.0,97,110,29,3,0,1,1,110.0,127.33333333333333,120.85714285714286,-0.08983451536643029,15.42107401608294,0.0,0.0,0.0,30,84.88888888888889,-0.8983451536643029,3.006855616476374,MEDIUM
2025-07-21,0,7,0,202,0.0,100.0,27.96027231722968,0,0,,0.0,111,110,30,3,0,1,1,97.0,114.0,120.85714285714286,-0.19739952718676126,15.42107401608294,0.0,0.0,0.0,30,76.0,-0.0,1.3460008126111518,HIGH
2025-07-22,1,7,0,203,0.0,100.0,27.93683283046684,0,0,,0.0,108,110,30,3,0,1,1,111.0,106.0,120.71428571428571,-0.08047337278106505,15.521106980648849,0.0,0.0,2.215220105642416,30,70.66666666666667,-0.0,1.2550791133162593,LOW
2025-07-23,2,7,0,204,0.0,100.0,25.8643625032626,0,0,,0.0,129,110,30,3,0,1,0,108.0,105.33333333333333,119.0,-0.09243697478991597,16.258331197675748,0.0,0.0,0.0,30,70.22222222222221,-0.0,1.2730702953850594,LOW
2025-07-24,3,7,0,205,0.0,96.84843760373508,24.599376958312256,0,0,,0.0,95,110,30,3,0,1,0,129.0,116.0,118.14285714285714,0.09189842805320439,15.410262505102663,0.0,0.0,-3.1515623962649215,30,77.33333333333333,0.0,1.3691968168639697,LOW
2025-07-25,4,7,0,206,0.0,97.51714702779688,23.923698087949703,0,0,,0.0,101,110,30,3,0,1,0,95.0,110.66666666666667,112.14285714285714,-0.15286624203821653,15.015864626326664,0.0,0.0,-2.482852972203119,30,73.77777777777777,-0.0,1.2916963395489391,LOW
2025-07-26,5,7,1,207,0.0,92.64155640406234,25.99978755256543,0,0,,0.0,87,110,30,3,0,1,1,101.0,108.33333333333333,107.28571428571429,-0.058588548601864236,11.470458952082202,0.0,0.0,-7.358443595937658,30,72.22222222222221,-0.5858854860186423,2.272866479872603,MEDIUM
2025-07-27,6,7,1,208,29.781033621346165,100.0,22.26548660947919,0,0,,0.0,92,110,30,3,0,1,1,87.0,94.33333333333333,104.0,-0.16346153846153846,13.650396819627806,0.0,29.781033621346165,3.1515623962649215,30,62.888888888888886,-1.6346153846153846,2.116236066656593,LOW
2025-07-28,0,7,0,209,0.0,96.71082723073933,27.079193918847444,0,0,,0.0,114,110,31,3,0,1,1,92.0,93.33333333333333,103.28571428571429,-0.10926694329183961,14.197585307769756,29.781033621346165,29.781033621346165,-0.8063197970575544,30,62.22222222222222,-0.0,1.0639248762417257,LOW
2025-07-29,1,7,0,210,0.0,99.83371640733836,25.641224525595558,0,0,,0.0,123,110,31,3,0,1,1,114.0,97.66666666666667,103.71428571428571,0.09917355371900832,14.511079510890978,0.0,29.781033621346165,7.192160003276015,30,65.11111111111111,0.0,1.1235273662990064,LOW
2025-07-30,2,7,0,211,0.0,94.0887702533434,24.30159769821577,0,0,,0.0,114,110,31,3,0,1,0,123.0,109.66666666666667,105.85714285714286,0.16194331983805663,16.25247233939594,0.0,0.0,-5.911229746656602,30,73.11111111111111,0.0,1.3252292666290293,LOW
2025-07-31,3,7,0,212,0.0,93.75117487268004,26.62041595356211,0,0,,0.0,114,110,31,3,0,1,0,114.0,117.0,103.71428571428571,0.09917355371900832,13.437686875775903,0.0,0.0,-2.9596523580592873,30,78.0,0.0,1.3040697881552603,LOW
2025-08-01,4,8,0,213,0.0,100.0,23.64500596061836,0,0,,0.0,118,110,31,3,0,1,0,114.0,117.0,106.42857142857143,0.07114093959731542,13.302344941864737,0.0,0.0,0.1662835926616424,30,78.0,0.0,1.298791452732725,MEDIUM
2025-08-02,5,8,1,214,0.0,100.0,26.5590077492878,0,0,,0.0,107,110,31,3,0,1,1,118.0,115.33333333333333,108.85714285714286,0.08398950131233592,13.69219450914154,0.0,0.0,5.911229746656602,30,76.88888888888889,0.8398950131233591,2.5905554000362163,LOW
2025-08-03,6,8,1,215,0.0,100.0,24.538086974901223,0,0,,0.0,94,110,31,3,0,1,1,107.0,113.0,111.71428571428571,-0.04219948849104854,9.945087325143973,0.0,0.0,6.248825127319961,30,75.33333333333333,-0.4219948849104854,2.255863245160846,LOW
2025-08-04,0,8,0,216,0.0,97.69961872933251,25.174216380911787,0,0,,0.0,117,110,32,3,0,1,1,94.0,106.33333333333333,112.0,-0.16071428571428573,9.291573243176366,0.0,0.0,-2.3003812706674864,30,70.88888888888889,-0.0,1.0382235405081401,LOW
2025-08-05,1,8,0,217,0.0,100.0,22.854849530906037,0,0,,0.0,109,110,32,3,0,1,1,117.0,106.0,112.42857142857143,0.04066073697585767,9.466733735509074,0.0,0.0,0.0,30,70.66666666666667,0.0,1.0411579253213206,MEDIUM
2025-08-06,2,8,0,218,27.478865240362705,100.0,21.93018388720731,0,0,,0.0,87,110,32,3,0,1,0,109.0,106.66666666666667,110.42857142857143,-0.012936610608020717,8.263517065129761,0.0,27.478865240362705,0.0,30,71.11111111111111,-0.0,1.0049250512046137,MEDIUM
2025-08-07,3,8,0,219,0.0,100.0,24.622684095684978,0,0,,0.0,74,110,32,3,0,1,0,87.0,104.33333333333333,106.57142857142857,-0.18364611260053618,11.84422704466982,27.478865240362705,27.478865240362705,2.3003812706674864,30,69.55555555555554,-0.0,1.1074714516646282,LOW
2025-08-08,4,8,0,220,0.0,100.0,25.466113619649555,0,0,,0.0,65,110,32,3,0,1,0,74.0,90.0,100.85714285714286,-0.2662889518413598,16.42587969667054,0.0,27.478865240362705,0.0,30,60.0,-0.0,1.0927763909001162,LOW
2025-08-09,5,8,1,221,0.0,96.4635330968202,25.111624973831116,0,0,,0.0,67,110,32,3,0,1,1,65.0,75.33333333333333,93.28571428571429,-0.3032159264931088,19.189530875924493,0.0,0.0,-3.5364669031798,30,50.22222222222222,-3.032159264931088,1.968185328435319,LOW
2025-08-10,6,8,1,222,170.14378049723206,100.0,6.624922198591833,0,0,,0.0,91,110,32,3,0,1,1,67.0,68.66666666666667,87.57142857142857,-0.23491027732463293,20.34581974146879,0.0,170.14378049723206,0.0,30,45.77777777777778,-2.3491027732463294,1.8469419703872378,LOW
2025-08-11,0,8,0,223,0.0,94.91658435711751,24.42360572330588,0,0,,0.0,100,110,33,3,0,1,1,91.0,74.33333333333333,87.14285714285714,0.04426229508196726,20.219038647014937,170.14378049723206,170.14378049723206,-5.0834156428824855,30,49.55555555555555,0.0,0.9965384020315923,MEDIUM
2025-08-12,1,8,0,224,11.17385606313332,100.0,25.753882780388015,0,0,,0.0,115,110,33,3,0,1,1,100.0,86.0,84.71428571428571,0.18043844856661054,16.760213659280122,0.0,181.31763656036537,3.5364669031798,30,57.333333333333336,0.0,1.0537927915660303,MEDIUM
2025-08-13,2,8,0,225,0.0,93.99348325116082,25.697502396214965,0,0,,1.0,123,110,33,3,0,1,0,115.0,102.0,85.57142857142857,0.34390651085141904,18.292595431458224,11.17385606313332,11.17385606313332,-6.006516748839175,30,68.0,0.0,1.3019482446695798,MEDIUM
2025-08-14,3,8,0,226,36.13554990837275,100.0,21.92720277937565,0,0,,0.0,135,110,33,3,0,1,0,123.0,112.66666666666667,90.71428571428571,0.3559055118110237,23.17120544781225,0.0,47.309405971506074,5.0834156428824855,30,75.11111111111111,0.0,1.6213186045956156,MEDIUM
2025-08-15,4,8,0,227,27.221088910393505,100.0,24.84155863492024,0,0,,0.0,122,110,33,3,0,1,0,135.0,124.33333333333333,99.42857142857143,0.35775862068965514,26.99294440439975,36.13554990837275,63.35663881876626,0.0,30,82.88888888888889,0.0,1.947596473649012,LOW
2025-08-16,5,8,1,228,0.0,100.0,26.039714660591244,0,0,,0.0,92,110,33,3,0,1,1,122.0,126.66666666666667,107.57142857142857,0.13413014608233734,23.208167691979074,27.221088910393505,63.35663881876626,6.006516748839175,30,84.44444444444444,1.3413014608233733,3.6486897162115666,LOW
2025-08-17,6,8,1,229,0.0,100.0,23.673400158826187,0,0,,0.0,68,110,33,3,0,1,1,92.0,116.33333333333333,111.14285714285714,-0.1722365038560411,17.023792873784032,0.0,27.221088910393505,0.0,30,77.55555555555556,-1.7223650385604112,2.8714008251001397,MEDIUM
2025-08-18,0,8,0,230,0.0,100.0,22.25325296736465,0,0,,0.0,63,110,34,3,0,1,1,68.0,94.0,107.85714285714286,-0.3695364238410596,22.79933165269319,0.0,0.0,0.0,30,62.66666666666667,-0.0,1.34104572511772,LOW
2025-08-19,1,8,0,231,0.0,98.96759507411576,25.134612043964427,0,0,,0.0,82,110,34,3,0,1,1,63.0,74.33333333333333,102.57142857142857,-0.38579387186629527,28.5006265595282,0.0,0.0,-1.0324049258842365,30,49.55555555555555,-0.0,1.2017377469749766,LOW
2025-08-20,2,8,0,232,0.0,100.0,25.56451308682345,0,0,,0.0,88,110,34,3,0,1,0,82.0,71.0,97.85714285714286,-0.162043795620438,28.829548334006617,0.0,0.0,0.0,30,47.333333333333336,-0.0,1.1556326439048235,LOW
2025-08-21,3,8,0,233,0.0,99.66928357563168,23.200919444021785,0,0,,0.0,79,110,34,3,0,1,0,88.0,77.66666666666667,92.85714285714286,-0.05230769230769235,26.698492912699894,0.0,0.0,-0.33071642436831894,30,51.77777777777778,-0.0,1.208972094295453,LOW
2025-08-22,4,8,0,234,0.0,94.63931877984334,26.34807489685869,0,0,,0.0,99,110,34,3,0,1,0,79.0,83.0,84.85714285714286,-0.06902356902356907,19.342772736679038,0.0,0.0,-4.3282762942724275,30,55.333333333333336,-0.0,1.08848337904812,LOW
2025-08-23,5,8,1,235,0.0,98.9347620110086,22.1565912964098,0,0,,0.0,72,110,34,3,0,1,1,99.0,88.66666666666667,81.57142857142857,0.21366024518388796,12.843378875994247,0.0,0.0,-1.0652379889913988,30,59.111111111111114,2.1366024518388795,1.9414086180032157,LOW
2025-08-24,6,8,1,236,0.0,100.0,26.03129955438325,0,0,,0.0,67,110,34,3,0,1,1,72.0,83.33333333333333,78.71428571428571,-0.08529945553539013,12.351980754979367,0.0,0.0,0.33071642436831894,30,55.55555555555555,-0.8529945553539013,1.7973322641655203,MEDIUM
2025-08-25,0,8,0,237,0.0,100.0,22.434639102809083,0,0,,0.0,89,110,35,3,0,1,1,67.0,79.33333333333333,78.57142857142857,-0.14727272727272725,12.501428489803326,0.0,0.0,5.360681220156664,30,52.888888888888886,-0.0,0.8594822200636879,LOW
2025-08-26,1,8,0,238,0.0,100.0,22.59758821251734,0,0,,0.0,87,110,35,3,0,1,1,89.0,76.0,82.28571428571429,0.08159722222222214,10.858395917662824,0.0,0.0,1.0652379889913988,30,50.66666666666667,0.0,0.7817460299141249,LOW
2025-08-27,2,8,0,239,0.0,100.0,24.578768711478794,0,0,,0.0,94,110,35,3,0,1,0,87.0,81.0,83.0,0.04819277108433735,10.99999999999797,0.0,0.0,0.0,30,54.0,0.0,0.8369999999999452,LOW
2025-08-28,3,8,0,240,0.0,100.0,25.101336567735157,0,0,,0.0,92,110,35,3,0,1,0,94.0,90.0,83.85714285714286,0.12095400340715497,11.668027131559693,0.0,0.0,0.0,30,60.0,0.0,0.9500408139467909,LOW
2025-08-29,4,8,0,241,0.0,95.09869411851246,28.366675161344013,0,0,,1.0,114,110,35,3,0,1,0,92.0,91.0,85.71428571428571,0.0733333333333334,11.799919289471967,0.0,0.0,-4.901305881487545,30,60.66666666666667,0.0,0.9645975517806497,HIGH
2025-08-30,5,8,1,242,0.0,100.0,22.001868025821604,0,0,,0.0,95,110,35,3,0,1,1,114.0,100.0,87.85714285714286,0.29756097560975603,15.421074016082109,0.0,0.0,0.0,30,66.66666666666666,2.97560975609756,2.3614049344054733,MEDIUM
2025-08-31,6,8,1,243,0.0,100.0,24.832204017297585,0,0,,0.0,73,110,35,3,0,1,1,95.0,100.33333333333333,91.14285714285714,0.04231974921630099,13.849531537546142,0.0,0.0,0.0,30,66.88888888888889,0.4231974921630099,2.2641575539558643,LOW
2025-09-01,0,9,0,244,0.0,97.67097215440918,23.41521183910335,0,0,,0.0,75,110,36,3,0,1,1,73.0,94.0,92.0,-0.20652173913043478,12.192894105446364,0.0,0.0,2.57227803589673,30,62.66666666666667,-0.0,1.0087106819706528,LOW
2025-09-02,1,9,0,245,13.762350507835148,100.0,21.086280826017425,0,0,,1.0,111,110,36,3,0,1,1,75.0,81.0,90.0,-0.16666666666666666,13.808210118137223,0.0,13.762350507835148,0.0,30,54.0,-0.0,0.9128216731897052,LOW
2025-09-03,2,9,0,246,0.0,100.0,24.75848161671064,0,0,,0.0,103,110,36,3,0,1,0,111.0,86.33333333333333,93.42857142857143,0.18807339449541283,15.778224898648897,13.762350507835148,13.762350507835148,0.0,30,57.55555555555555,0.0,1.0296178054166738,LOW
2025-09-04,3,9,0,247,0.0,100.0,22.314329906835468,0,0,,0.0,114,110,36,3,0,1,0,103.0,96.33333333333333,94.71428571428571,0.08748114630467578,16.193767172528425,0.0,13.762350507835148,2.329027845590815,30,64.22222222222221,0.0,1.162222079206746,LOW
2025-09-05,4,9,0,248,0.0,100.0,23.595385390259533,0,0,,0.0,124,110,36,3,0,1,0,114.0,109.33333333333333,97.85714285714286,0.164963503649635,17.648688066713532,0.0,0.0,0.0,30,72.88888888888889,0.0,1.3720855206535596,LOW
2025-09-06,5,9,1,249,0.0,97.41785178056216,23.152276974386773,0,0,,0.0,91,110,36,3,0,1,1,124.0,113.66666666666667,99.28571428571429,0.24892086330935245,19.482592963242745,0.0,0.0,-2.5821482194378405,30,75.77777777777777,2.4892086330935244,2.991903155659061,MEDIUM
2025-09-07,6,9,1,250,0.0,100.0,23.874757032200307,0,0,,0.0,87,110,36,3,0,1,1,91.0,109.66666666666667,98.71428571428571,-0.07814761215629516,19.686833888957246,0.0,0.0,0.0,30,73.11111111111111,-0.7814761215629517,2.9015485221037634,LOW
2025-09-08,0,9,0,251,0.0,98.9707028455983,22.258678869224173,0,0,,0.0,108,110,37,3,0,1,1,87.0,100.66666666666667,100.71428571428571,-0.1361702127659574,17.192190918303485,0.0,0.0,-1.0292971544017036,30,67.11111111111111,-0.0,1.2480046285919613,MEDIUM
2025-09-09,1,9,0,252,5.918169095125318,100.0,20.431635987001957,0,0,,0.0,111,110,37,3,0,1,1,108.0,95.33333333333333,105.42857142857143,0.024390243902439004,12.972498382566325,0.0,5.918169095125318,2.5821482194378405,30,63.55555555555556,0.0,1.0477927263793299,LOW
2025-09-10,2,9,0,253,1.5967183798546998,99.51746042745046,22.7936752617312,0,0,,0.0,98,110,37,3,0,1,0,111.0,102.0,105.42857142857143,0.052845528455284535,12.972498382566325,5.918169095125318,7.514887474980018,-0.48253957254954116,30,68.0,0.0,1.1210649450072552,LOW
2025-09-11,3,9,0,254,0.0,91.39242575509004,22.591970753538632,0,0,,0.0,95,110,37,3,0,1,0,98.0,105.66666666666667,104.71428571428571,-0.06412005457025916,13.262909254938489,1.5967183798546998,7.514887474980018,-7.5782770905082515,30,70.44444444444444,-0.0,1.1715935815350556,MEDIUM
2025-09-12,4,9,0,255,0.0,92.26248087407228,21.69512548157449,0,0,,0.0,87,110,37,3,0,1,0,95.0,101.33333333333333,102.0,-0.06862745098039216,12.987173159184252,0.0,1.5967183798546998,-7.737519125927719,30,67.55555555555556,-0.0,1.1142334044880013,LOW
2025-09-13,5,9,1,256,0.0,96.5448754788566,22.36137953959361,0,0,,0.0,63,110,37,3,0,1,1,87.0,93.33333333333333,96.71428571428571,-0.10044313146233377,9.63871163095605,0.0,0.0,-2.9725849485938625,30,62.22222222222222,-1.0044313146233377,1.8441865014817098,LOW
2025-09-14,6,9,1,257,0.0,97.02837095840036,23.47855084523448,0,0,,1.0,77,110,37,3,0,1,1,63.0,81.66666666666667,92.71428571428571,-0.32049306625577806,16.06978827608062,0.0,0.0,5.635945203310314,30,54.44444444444445,-3.2049306625577807,1.9637995839199451,LOW
2025-09-15,0,9,0,258,0.0,97.50865169675087,23.680745130925864,0,0,,0.0,78,110,38,3,0,1,1,77.0,75.66666666666667,91.28571428571429,-0.15649452269170586,17.075462763023157,0.0,0.0,5.246170822678593,30,50.44444444444445,-0.0,0.9351255608006953,LOW
2025-09-16,1,9,0,259,0.0,99.3445344874763,21.887668133593458,0,0,,0.0,89,110,38,3,0,1,1,78.0,72.66666666666667,87.0,-0.10344827586206896,15.905973720585576,0.0,0.0,2.799659008619699,30,48.44444444444444,-0.0,0.8697224745652951,MEDIUM
2025-09-17,2,9,0,260,0.0,100.0,23.56269012800033,0,0,,0.0,89,110,38,3,0,1,0,89.0,81.33333333333333,83.85714285714286,0.06132879045996588,12.08895599887823,0.0,0.0,2.971629041599641,30,54.222222222222214,0.0,0.869967251525143,MEDIUM
2025-09-18,3,9,0,261,0.0,100.0,27.159497742808902,0,0,,0.0,87,110,38,3,0,1,0,89.0,85.33333333333333,82.57142857142857,0.07785467128027684,10.737118528062833,0.0,0.0,2.4913483032491257,30,56.888888888888886,0.0,0.8743002603537873,LOW
2025-09-19,4,9,0,262,0.0,92.86810538859297,24.27397487531632,0,0,,0.0,82,110,38,3,0,1,0,87.0,88.33333333333333,81.42857142857143,0.06842105263157892,9.554355775543918,0.0,0.0,-6.4764290988833295,30,58.88888888888889,0.0,0.8702115867243487,LOW
2025-09-20,5,9,1,263,0.0,98.1706223312348,21.835783154598957,0,0,,0.0,62,110,38,3,0,1,1,82.0,86.0,80.71428571428571,0.015929203539823085,9.250482612890163,0.0,0.0,-1.8293776687652041,30,57.333333333333336,0.15929203539823084,1.677027669805703,LOW
2025-09-21,6,9,1,264,0.0,93.70482173059594,19.587324624168133,0,0,,0.0,44,110,38,3,0,1,1,62.0,77.0,80.57142857142857,-0.2304964539007092,9.571783930856473,0.0,0.0,-6.295178269404062,30,51.33333333333333,-2.304964539007092,1.5180182417839656,LOW
2025-09-22,0,9,0,265,0.0,100.0,24.277839692015696,0,0,,0.0,71,110,39,3,0,1,1,44.0,62.666666666666664,75.85714285714286,-0.41996233521657256,16.925607536397084,0.0,0.0,7.131894611407034,30,41.77777777777777,-0.0,0.7713349129825167,LOW
2025-09-23,1,9,0,266,0.0,97.92939416027228,24.253265022854468,0,0,,0.0,80,110,39,3,0,1,1,71.0,59.0,74.85714285714286,-0.05152671755725196,16.984586850322298,0.0,0.0,-0.2412281709625148,30,40.0,-0.0,0.739691737006446,MEDIUM
2025-09-24,2,9,0,267,0.0,98.19146186130068,24.30145271043941,0,0,,0.0,96,110,39,3,0,1,0,80.0,65.0,73.57142857142857,0.08737864077669906,16.050515493871135,0.0,0.0,4.4866401307047425,30,43.333333333333336,0.0,0.781094502367208,LOW
2025-09-25,3,9,0,268,0.0,100.0,22.912357192271266,0,0,,0.0,100,110,39,3,0,1,0,96.0,82.33333333333333,74.57142857142857,0.2873563218390805,17.33836923182218,0.0,0.0,0.0,30,54.888888888888886,0.0,1.0247308000288975,HIGH
2025-09-26,4,9,0,269,0.0,100.0,22.9236994771801,0,0,,0.0,90,110,39,3,0,1,0,100.0,92.0,76.42857142857143,0.308411214953271,19.458135769363917,0.0,0.0,2.070605839727719,30,61.33333333333333,0.0,1.21004949692716,LOW
2025-09-27,5,9,1,270,0.0,98.63438823796544,24.59206167813293,0,0,,0.0,64,110,39,3,0,1,1,90.0,95.33333333333333,77.57142857142857,0.16022099447513816,20.06536936163898,0.0,0.0,0.442926376664758,29,63.55555555555556,1.6022099447513816,2.5463768083174996,LOW
2025-09-28,6,9,1,271,0.0,100.0,22.59461179933088,0,0,,0.0,55,110,39,3,0,1,1,64.0,84.66666666666667,77.85714285714286,-0.17798165137614683,19.819422892947124,0.0,0.0,0.0,28,56.44444444444445,-1.7798165137614683,2.2475852032907935,LOW
2025-09-29,0,9,0,272,0.0,100.0,21.11960697267826,0,0,,0.0,78,110,40,3,0,1,1,55.0,69.66666666666667,79.42857142857143,-0.3075539568345324,16.91012658002106,0.0,0.0,0.0,27,46.44444444444445,-0.0,0.8571351616916002,MEDIUM
2025-09-30,1,9,0,273,0.0,100.0,22.761848891126235,0,0,,0.0,83,110,40,3,0,1,1,78.0,65.66666666666667,80.42857142857143,-0.030195381882770895,16.531355488454928,0.0,0.0,1.3656117620345611,26,43.777777777777786,-0.0,0.7996307812472914,MEDIUM
2025-10-01,2,10,0,274,0.0,64.51662150715103,24.295734038173546,1,0,,0.0,68,110,40,4,0,0,0,83.0,72.0,80.85714285714286,0.026501766784452246,16.557259952746165,0.0,0.0,-35.48337849284897,25,48.0,0.0,0.8773742388659079,MEDIUM
2025-10-02,3,10,0,275,0.0,68.98720212024335,21.35520369865128,0,0,,0.0,59,110,40,4,0,0,0,68.0,76.33333333333333,76.85714285714286,-0.1152416356877324,15.646390120710779,0.0,0.0,-31.012797879756647,24,50.888888888888886,-0.0,0.9070025930714186,LOW
2025-10-03,4,10,0,276,0.0,64.25418894534148,21.931177669351644,0,0,,0.0,70,110,40,4,0,0,0,59.0,70.0,71.0,-0.16901408450704225,12.987173159183437,0.0,0.0,-35.74581105465852,23,46.666666666666664,-0.0,0.7697007070476135,LOW
2025-10-04,5,10,1,277,0.0,65.10949381444291,24.25782376189264,0,0,,0.0,54,110,40,4,0,0,1,70.0,65.66666666666667,68.14285714285714,0.027253668763102788,9.957050624698217,0.0,0.0,0.5928723072918842,22,43.777777777777786,0.2725366876310279,1.311453105125678,MEDIUM
2025-10-05,6,10,1,278,0.0,68.35936716912495,23.68100484148933,0,0,,0.0,65,110,40,4,0,0,1,54.0,61.0,66.71428571428571,-0.19057815845824405,11.279986491039793,0.0,0.0,-0.6278349511184018,21,40.666666666666664,-1.9057815845824404,1.2720527839689515,LOW
2025-10-06,0,10,0,279,0.0,74.7616691953528,22.25061047249401,0,0,,0.0,58,110,41,4,0,0,1,65.0,63.0,68.14285714285714,-0.046121593291404556,10.123052428795203,0.0,0.0,10.507480250011312,20,42.0,-0.0,0.6325841010046993,LOW
2025-10-07,1,10,0,280,0.0,70.53319925945331,21.76156278541453,0,0,,0.0,61,110,41,4,0,0,1,58.0,59.0,65.28571428571429,-0.11159737417943115,9.690446940399905,0.0,0.0,5.423705445010398,19,40.0,-0.0,0.5938089388079981,LOW
2025-10-08,2,10,0,281,0.0,66.45056837885267,23.7647039296924,0,0,,0.0,51,110,41,4,0,0,0,61.0,61.333333333333336,62.142857142857146,-0.018390804597701198,5.756983337026334,0.0,0.0,-1.9087987902722858,18,40.88888888888889,-0.0,0.5265872148903162,HIGH
2025-10-09,3,10,0,282,0.0,64.87815870434105,22.03509369998272,0,0,,0.0,73,110,41,4,0,0,0,51.0,56.666666666666664,59.714285714285715,-0.145933014354067,6.421689437993337,0.0,0.0,-9.883510491011748,17,40.0,-0.0,0.5284337887598668,MEDIUM
2025-10-10,4,10,0,283,0.0,63.782702748632055,21.733231404604883,0,0,,0.0,72,110,41,4,0,0,0,73.0,61.666666666666664,61.714285714285715,0.18287037037037035,8.118174788996804,0.0,0.0,-6.750496510821257,16,41.11111111111111,0.0,0.5779847039960454,LOW
2025-10-11,5,10,1,284,51.134513332218056,95.997883897565,19.807650336751323,0,0,,0.0,70,110,41,4,0,0,1,72.0,65.33333333333333,62.0,0.16129032258064516,8.485281374235129,0.0,51.134513332218056,29.547315518712338,15,43.55555555555555,1.6129032258064515,1.24069225541113,MEDIUM
2025-10-12,6,10,1,285,0.0,73.49056865453255,21.317639884563206,1,0,,0.0,50,110,41,4,0,0,1,70.0,71.66666666666667,64.28571428571429,0.08888888888888878,8.118174788996917,51.134513332218056,51.134513332218056,8.612409950191505,14,47.77777777777778,0.8888888888888878,1.3434239065854083,MEDIUM
2025-10-13,0,10,0,286,0.0,69.542819066552,21.74623316699897,0,0,,1.0,93,110,42,4,0,0,1,50.0,64.0,62.142857142857146,-0.19540229885057475,9.719886340700297,0.0,51.134513332218056,5.760116317919945,13,42.66666666666667,-0.0,0.6340242419349398,LOW
2025-10-14,1,10,0,287,0.0,65.62758403886818,22.03015839554706,0,0,,1.0,119,110,42,4,0,0,1,93.0,71.0,67.14285714285714,0.38510638297872346,14.870872776767422,0.0,0.0,-30.370299858696825,12,47.333333333333336,0.0,0.8252773223834957,HIGH
2025-10-15,2,10,0,288,0.0,56.93436064114877,19.968630161789864,0,0,,0.0,114,110,42,4,0,0,0,119.0,87.33333333333333,75.42857142857143,0.5776515151515151,24.14440682543955,0.0,0.0,-16.55620801338378,11,58.22222222222222,0.0,1.2850927320294623,HIGH
2025-10-16,3,10,0,289,0.0,66.16315622441677,21.35038775248965,0,0,,0.0,109,110,42,4,0,0,0,114.0,108.66666666666667,84.42857142857143,0.350253807106599,25.237915542935358,0.0,0.0,-3.3796628421352324,10,72.44444444444444,0.0,1.6386178296663252,LOW
2025-10-17,4,10,0,290,0.0,65.60139196229625,25.27685774795117,0,0,,0.0,109,110,42,4,0,0,0,109.0,114.0,89.57142857142857,0.21690590111642746,26.171594925650627,0.0,0.0,-0.02619207657193101,9,76.0,0.0,1.7545206071747237,LOW
2025-10-18,5,10,1,291,0.0,65.12344592325766,21.553820509211583,0,0,,0.0,80,110,42,4,0,0,1,109.0,110.66666666666667,94.85714285714286,0.1490963855421686,25.764501233470217,0.0,0.0,8.189085282108891,8,73.77777777777777,1.4909638554216862,3.376403202113803,LOW
2025-10-19,6,10,1,292,0.0,71.86572526781022,23.567812176708664,0,0,,0.0,49,110,42,4,0,0,1,80.0,99.33333333333333,96.28571428571429,-0.16913946587537096,24.397501823712624,0.0,0.0,5.702569043393453,7,66.22222222222221,-1.6913946587537096,2.9401012318814135,MEDIUM
2025-10-20,0,10,0,293,0.0,66.11898142541223,23.274786995710794,0,0,,0.0,55,110,43,4,0,0,1,49.0,79.33333333333333,96.14285714285714,-0.4903417533432392,24.714560967362726,0.0,0.0,0.5175894631159821,6,52.888888888888886,-0.0,1.1824517233591474,HIGH
2025-10-21,1,10,0,294,0.0,57.8032315875895,25.887764684932183,0,0,,0.0,69,110,43,4,0,0,1,55.0,61.333333333333336,90.71428571428571,-0.39370078740157477,29.272935655733665,0.0,0.0,-7.320214335668162,5,40.88888888888889,-0.0,1.0073577956283328,MEDIUM
2025-10-22,2,10,0,295,0.0,58.79498605067374,22.878567810604064,0,0,,0.0,67,110,43,4,0,0,0,69.0,57.666666666666664,83.57142857142857,-0.17435897435897435,27.251037551238376,0.0,0.0,-13.070739217136477,4,40.0,-0.0,0.9450207510247677,LOW
2025-10-23,3,10,0,296,0.0,63.90983256894096,23.85655468546353,0,0,,0.0,86,110,43,4,0,0,0,67.0,63.666666666666664,76.85714285714286,-0.12825278810408927,24.113817418155552,0.0,0.0,-2.2091488564712662,3,42.44444444444444,-0.0,0.9361932363186344,MEDIUM
2025-10-24,4,10,0,297,0.0,63.708992547936,22.57575500422777,0,0,,0.0,103,110,43,4,0,0,0,86.0,74.0,73.57142857142857,0.16893203883495148,20.263737256957242,0.0,0.0,5.905760960346498,2,49.333333333333336,0.0,0.993172185671612,MEDIUM
2025-10-25,5,10,1,298,0.0,65.49173421960813,25.31508388436719,0,0,,0.0,90,110,43,4,0,0,1,103.0,85.33333333333333,72.71428571428571,0.4165029469548135,18.571611720707242,0.0,0.0,6.696748168934391,1,56.888888888888886,4.165029469548135,2.194296133444679,MEDIUM
2025-10-26,6,10,1,299,0.0,69.72341752520434,22.795566924657194,0,1,Local Festival,0.0,111,110,43,4,0,0,1,90.0,93.0,74.14285714285714,0.21387283236994226,19.582548109889586,0.0,0.0,5.813584956263377,0,62.0,2.1387283236994223,2.4541179828131545,HIGH
2025-10-27,0,10,0,300,0.0,72.37222219899189,26.2747589016834,0,0,,0.0,107,110,44,4,0,0,1,111.0,101.33333333333333,83.0,0.3373493975903614,20.322401432900495,0.0,0.0,8.663229651055893,30,67.55555555555556,0.0,1.3620011150668614,LOW
2025-10-28,1,10,0,301,0.0,66.27448535591112,23.290761040637037,0,0,,0.0,112,110,44,4,0,0,1,107.0,102.66666666666667,90.42857142857143,0.18325434439178512,17.718701446560424,0.0,0.0,0.7827511363029913,30,68.44444444444446,0.0,1.2908177828378458,LOW
2025-10-29,2,10,0,302,43.84116129696064,97.84475242482344,19.402313077908293,0,0,,0.0,104,110,44,4,0,0,0,112.0,110.0,96.57142857142857,0.15976331360946747,16.460631244042467,0.0,43.84116129696064,28.1213348996191,30,73.33333333333333,0.0,1.3368898122815571,LOW
2025-10-30,3,10,0,303,6.3487186089978405,80.2703311566186,23.279437483895027,1,0,,0.0,115,110,44,4,0,0,0,104.0,107.66666666666667,101.85714285714286,0.021037868162692805,10.090070555228728,43.84116129696064,50.189879905958485,7.898108957626704,30,71.77777777777779,0.0,1.0798991988154312,LOW
2025-10-31,4,10,0,304,14.18052673142842,72.28302733258042,23.96498435208702,0,0,,1.0,151,110,44,4,0,0,0,115.0,110.33333333333333,106.0,0.08490566037735849,8.286535263102408,6.3487186089978405,64.3704066373869,6.008541976669292,30,73.55555555555556,0.0,1.0403159080096551,LOW
2025-11-01,5,11,1,305,0.0,65.01040132537446,25.139131045977614,0,0,,1.0,137,110,44,4,1,0,1,151.0,123.33333333333333,112.85714285714286,0.33797468354430377,18.703195550747523,14.18052673142842,20.52924534042626,-32.83435109944898,30,82.22222222222221,3.3797468354430378,3.182262745283685,CRITICAL
2025-11-02,6,11,1,306,0.0,72.95837355603534,25.308481024510083,0,0,,0.0,104,110,44,4,1,0,1,137.0,134.33333333333334,119.57142857142857,0.14575866188769415,17.529566859614572,0.0,14.18052673142842,-7.311957600583256,30,89.55555555555557,1.4575866188769415,3.3609812098721497,MEDIUM
2025-11-03,0,11,0,307,0.0,66.57177158136093,23.452584988787088,0,0,,1.0,129,110,45,4,1,0,1,104.0,130.66666666666666,118.57142857142857,-0.12289156626506023,18.283482006600842,0.0,0.0,-5.711255751219483,30,87.1111111111111,-0.0,1.667458327398614,MEDIUM
2025-11-04,1,11,0,308,0.0,64.21346992104206,21.96707949852987,0,0,,0.0,115,110,45,4,1,0,1,129.0,123.33333333333333,121.71428571428571,0.05985915492957752,17.848569370440124,0.0,0.0,-0.7969314043323976,30,82.22222222222221,0.0,1.5559967407847606,LOW
2025-11-05,2,11,0,309,0.0,71.04509296021253,23.60686257449121,0,0,,0.0,115,110,45,4,1,0,0,115.0,116.0,122.14285714285714,-0.05847953216374266,17.610873264629504,0.0,0.0,-1.9132805958228118,30,77.33333333333333,-0.0,1.454287099565674,LOW
2025-11-06,3,11,0,310,0.0,63.73201407699633,24.38989247481265,0,0,,0.0,114,110,45,4,1,0,0,115.0,119.66666666666667,123.71428571428571,-0.07043879907621242,16.152546607416063,0.0,0.0,-2.8397575043646057,30,79.77777777777779,-0.0,1.4420849146735963,LOW
2025-11-07,4,11,0,311,0.0,68.17245006356877,19.50649060277553,0,0,,0.0,110,110,45,4,1,0,0,114.0,114.66666666666667,123.57142857142857,-0.07745664739884392,16.24661136829361,0.0,0.0,3.9589801425267126,30,76.44444444444444,-0.0,1.3854260345214446,MEDIUM
2025-11-08,5,11,1,312,0.0,79.01267772354295,23.486862989787717,0,0,,0.0,79,110,45,4,1,0,1,110.0,113.0,117.71428571428571,-0.06553398058252423,11.368293418014726,0.0,0.0,7.9675847633304215,30,75.33333333333333,-0.6553398058252423,2.3630781041571094,LOW
2025-11-09,6,11,1,313,0.0,73.135890454539,26.38003008538519,0,0,,0.0,47,110,45,4,1,0,1,79.0,101.0,109.42857142857143,-0.2780678851174935,15.393257645877181,0.0,0.0,9.403876377542666,30,67.33333333333333,-2.780678851174935,2.383146014822397,LOW
2025-11-10,0,11,0,314,0.0,72.45760800462888,25.201446295599816,0,0,,0.0,70,110,46,4,1,0,1,47.0,78.66666666666667,101.28571428571429,-0.535966149506347,28.359091932536636,0.0,0.0,4.285157941060106,30,52.44444444444445,-0.0,1.2680828551198498,MEDIUM
2025-11-11,1,11,0,315,0.0,64.74693899680159,26.829515754480525,0,0,,0.0,102,110,46,4,1,0,1,70.0,65.33333333333333,92.85714285714286,-0.2461538461538462,27.504112246646926,0.0,0.0,-14.265738726741361,30,43.55555555555555,-0.0,1.0345340000380885,LOW
2025-11-12,2,11,0,316,0.0,66.598587837447,25.15602966315119,0,0,,0.0,104,110,46,4,1,0,0,102.0,73.0,91.0,0.12087912087912088,26.16613587571975,0.0,0.0,-6.537302617091996,30,48.66666666666667,0.0,1.1233759729758472,LOW
2025-11-13,3,11,0,317,0.0,64.19714675985104,23.41003030032052,0,0,,0.0,107,110,46,4,1,0,0,104.0,92.0,89.42857142857143,0.16293929712460062,24.77806249391468,0.0,0.0,-8.260461244777844,30,61.33333333333333,0.0,1.37319391648005,LOW
2025-11-14,4,11,0,318,0.0,63.658894372572206,21.554600269996023,0,0,,0.0,108,110,46,4,1,0,0,107.0,104.33333333333333,88.42857142857143,0.21001615508885296,23.740662324775336,0.0,0.0,-1.0880446242293829,30,69.55555555555554,0.0,1.5212030341838532,MEDIUM
2025-11-15,5,11,1,319,0.0,69.49430371629884,23.586189838970604,0,0,,0.0,85,110,46,4,1,0,1,108.0,106.33333333333333,88.14285714285714,0.22528363047001626,23.44801748143077,0.0,0.0,2.8957158788518456,30,70.88888888888889,2.2528363047001627,3.079981683683648,LOW
2025-11-16,6,11,1,320,0.0,68.58553812559695,21.726760902199487,0,0,,0.0,74,110,46,4,1,0,1,85.0,100.0,89.0,-0.0449438202247191,23.16606713852454,0.0,0.0,4.3883913657459175,30,66.66666666666666,-0.449438202247191,2.8777378092349686,MEDIUM
2025-11-17,0,11,0,321,0.0,61.87553243095535,27.545650162727878,0,0,,0.0,81,110,47,4,1,0,1,74.0,89.0,92.85714285714286,-0.2030769230769231,16.211401044002535,0.0,0.0,-1.7833619416168531,30,59.333333333333336,-0.0,1.0742715643054086,LOW
2025-11-18,1,11,0,322,0.0,67.98932367889206,23.11478590408503,0,0,,0.0,97,110,47,4,1,0,1,81.0,80.0,94.42857142857143,-0.14220877458396372,14.01020036565067,0.0,0.0,-1.5049800374067814,30,53.333333333333336,-0.0,0.9069386764173512,MEDIUM
2025-11-19,2,11,0,323,0.0,74.91639812405175,23.422352942590003,0,0,,1.0,128,110,47,4,1,0,0,97.0,84.0,93.71428571428571,0.03506097560975616,13.683497185955737,0.0,0.0,6.330859998454798,30,56.00000000000001,0.0,0.9431379212067607,MEDIUM
2025-11-20,3,11,0,324,0.0,79.53037288627782,25.97168617731677,0,0,,0.0,109,110,47,4,1,0,0,128.0,102.0,97.14285714285714,0.31764705882352945,18.756586144858282,0.0,0.0,17.654840455322464,30,68.0,0.0,1.3177239289251816,HIGH
2025-11-21,4,11,0,325,0.0,62.63163739611409,23.38276905262992,1,0,,0.0,113,110,47,4,1,0,0,109.0,111.33333333333333,97.42857142857143,0.11876832844574778,18.946038661217468,0.0,0.0,-5.357686282777976,29,74.22222222222223,0.0,1.4453307680940708,LOW
2025-11-22,5,11,1,326,43.79680246688943,88.81118404468891,20.650144572521693,0,0,,1.0,119,110,47,4,1,0,1,113.0,116.66666666666667,98.14285714285714,0.15138282387190688,19.497252553701603,0.0,43.79680246688943,13.894785920637162,28,77.77777777777779,1.5138282387190687,3.0720085319545696,HIGH
2025-11-23,6,11,1,327,0.0,67.62175476982813,24.81193834781165,1,0,,1.0,100,110,47,4,1,0,1,119.0,113.66666666666667,103.0,0.1553398058252427,19.90812229551807,43.79680246688943,43.79680246688943,-11.908618116449688,27,75.77777777777777,1.553398058252427,3.0241488228381463,MEDIUM
2025-11-24,0,11,0,328,0.0,76.10632123023349,25.929544045784905,0,0,,0.0,116,110,48,4,1,0,1,100.0,110.66666666666667,106.71428571428571,-0.06291834002677371,15.542568274625713,0.0,43.79680246688943,13.474683834119404,26,73.77777777777777,-0.0,1.3111258519084152,LOW
2025-11-25,1,11,0,329,0.0,72.33797398908958,28.217147488789777,0,0,,0.0,109,110,48,4,1,0,1,116.0,111.66666666666667,111.71428571428571,0.03836317135549878,10.796824930108183,0.0,0.0,-16.47321005559934,25,74.44444444444444,0.0,1.1463262612873601,LOW
2025-11-26,2,11,0,330,0.0,70.75635749853167,23.30385035532197,0,0,,0.0,117,110,48,4,1,0,0,109.0,108.33333333333333,113.42857142857143,-0.03904282115869019,8.84792146697136,0.0,0.0,3.134602728703541,24,72.22222222222221,-0.0,1.04173049741841,MEDIUM
2025-11-27,3,11,0,331,0.0,68.82139839525229,25.913806767163884,0,0,,0.0,101,110,48,4,1,0,0,117.0,114.0,111.85714285714286,0.04597701149425284,6.491753009999244,0.0,0.0,-7.284922834981202,23,76.0,0.0,1.006686614379971,HIGH
2025-11-28,4,11,0,332,0.0,66.69625201194224,28.14150562831879,0,0,,0.0,95,110,48,4,1,0,0,101.0,109.0,110.71428571428571,-0.08774193548387092,7.6749437720896765,0.0,0.0,-5.641721977147341,22,72.66666666666667,-0.0,1.0055229570525916,MEDIUM
2025-11-29,5,11,1,333,0.0,61.25708226140748,26.36271162904271,0,0,,0.0,91,110,48,4,1,0,1,95.0,104.33333333333333,108.14285714285714,-0.12153236459709375,9.564318610134476,0.0,0.0,-9.499275237124188,21,69.55555555555554,-1.2153236459709376,2.0563626055493534,LOW
2025-11-30,6,11,1,334,0.0,72.66487172171685,24.74995830301266,0,0,,0.0,54,110,48,4,1,0,1,91.0,95.66666666666667,104.14285714285714,-0.12620027434842246,10.106574946183711,0.0,0.0,3.8434733264645615,20,63.77777777777778,-1.2620027434842247,1.9201304465677167,LOW
2025-12-01,0,12,0,335,0.0,58.711425005104175,25.03822309206278,0,0,,0.0,65,110,49,4,1,0,1,54.0,80.0,97.57142857142857,-0.4465592972181552,21.63220702915787,0.0,0.0,-7.98482700683806,19,53.333333333333336,-0.0,1.1101921874442098,MEDIUM
2025-12-02,1,12,0,336,0.0,63.824288369290805,27.163899075950035,0,0,,0.0,86,110,49,4,1,0,1,65.0,70.0,90.28571428571429,-0.28006329113924056,22.939880017952486,0.0,0.0,2.5672061078833224,18,46.666666666666664,-0.0,1.0019305337522246,LOW
2025-12-03,2,12,0,337,0.0,67.42346956066147,24.405192970016525,0,0,,0.0,113,110,49,4,1,0,0,86.0,68.33333333333333,87.0,-0.011494252873563218,21.4087209644409,0.0,0.0,-5.241402161055376,17,45.55555555555556,-0.0,0.9431986441900427,LOW
2025-12-04,3,12,0,338,0.0,66.2288996200873,26.586464491164328,0,0,,0.0,120,110,49,4,1,0,0,113.0,88.0,86.42857142857143,0.3074380165289256,20.50899918618666,0.0,0.0,7.517474614983129,16,58.666666666666664,0.0,1.188263976128142,MEDIUM
2025-12-05,4,12,0,339,0.0,70.66801295041215,26.52862147931489,0,0,,0.0,127,110,49,4,1,0,0,120.0,106.33333333333333,89.14285714285714,0.3461538461538462,23.758707676895018,0.0,0.0,6.843724581121343,15,70.88888888888889,0.0,1.5510030832143902,LOW
2025-12-06,5,12,1,340,0.0,59.78489409160533,25.331250824163902,0,0,,0.0,97,110,49,4,1,0,1,127.0,120.0,93.71428571428571,0.3551829268292684,27.80715906449378,0.0,0.0,-7.638575469056143,14,80.0,3.5518292682926838,3.824572725159503,LOW
2025-12-07,6,12,1,341,0.0,68.63733465794941,28.928321854429587,0,0,,0.0,87,110,49,4,1,0,1,97.0,114.66666666666667,94.57142857142857,0.025679758308157122,27.802021166676806,0.0,0.0,2.4084350378621053,13,76.44444444444444,0.2567975830815712,3.654198951408183,LOW
2025-12-08,0,12,0,342,0.0,56.28583016452494,25.084310350281196,0,0,,0.0,89,110,50,4,1,0,1,87.0,103.66666666666667,99.28571428571429,-0.12374100719424466,21.95992020108596,0.0,0.0,-14.38218278588721,12,69.11111111111111,-0.0,1.4499483536153037,LOW
2025-12-09,1,12,0,343,0.0,67.0600527809832,26.23133841644477,0,0,,0.0,93,110,50,4,1,0,1,89.0,91.0,102.71428571428571,-0.1335187760778859,17.036375648537046,0.0,0.0,7.275158689377868,11,60.66666666666667,-0.0,1.1234367280056239,LOW
2025-12-10,2,12,0,344,0.0,66.6992645519078,26.487315045613,0,0,,1.0,137,110,50,4,1,0,0,93.0,89.66666666666667,103.71428571428571,-0.10330578512396689,16.06978827608089,0.0,0.0,-1.9380701060416072,10,59.777777777777786,-0.0,1.078085894029529,CRITICAL
2025-12-11,3,12,0,345,0.0,69.67321672929816,24.951873264455443,0,0,,0.0,137,110,50,4,1,0,0,137.0,106.33333333333333,107.14285714285714,0.27866666666666673,20.366873196676465,0.0,0.0,13.387386564773223,9,70.88888888888889,0.0,1.4307813944155325,MEDIUM
2025-12-12,4,12,0,346,0.0,66.00198699803995,26.729976297974364,0,0,,0.0,123,110,50,4,1,0,0,137.0,122.33333333333333,109.57142857142857,0.2503259452411995,22.998964780014717,0.0,0.0,-1.0580657829432454,8,81.55555555555554,0.0,1.7534022304739332,MEDIUM
2025-12-13,5,12,1,347,0.0,57.27391316293347,28.19114896634914,0,0,,0.0,96,110,50,4,1,0,1,123.0,132.33333333333334,109.0,0.12844036697247707,22.538855339168755,0.0,0.0,-9.425351388974335,7,88.22222222222223,1.2844036697247707,3.75287234881111,MEDIUM
2025-12-14,6,12,1,348,0.0,68.58223229878786,28.353458221064795,0,0,,0.0,69,110,50,4,1,0,1,96.0,118.66666666666667,108.85714285714286,-0.11811023622047247,22.630573504505648,0.0,0.0,-1.0909844305103036,6,79.11111111111111,-1.1811023622047248,3.3725520372453355,LOW
2025-12-15,0,12,0,349,0.0,66.39036212666717,26.207016258280245,0,0,,1.0,122,110,51,4,1,0,1,69.0,96.0,106.28571428571429,-0.35080645161290325,26.25969208828242,0.0,0.0,0.38837512862721724,5,64.0,-0.0,1.4803101468250375,HIGH
2025-12-16,1,12,0,350,0.0,76.95275530451748,25.438075383678868,0,0,,1.0,152,110,51,4,1,0,1,122.0,95.66666666666667,111.0,0.0990990990990991,25.592967784139017,0.0,0.0,19.678842141584013,4,63.77777777777778,0.0,1.4539090837831,MEDIUM
2025-12-17,2,12,0,351,0.0,69.56291030413686,25.78755931526073,0,0,,0.0,127,110,51,4,1,0,0,152.0,114.33333333333333,119.42857142857143,0.2727272727272727,28.253950419113057,0.0,0.0,0.9806780053490058,3,76.22222222222223,0.0,1.8390116659728644,LOW
2025-12-18,3,12,0,352,0.0,70.49984836707826,26.3911018284054,0,0,,0.0,115,110,51,4,1,0,0,127.0,133.66666666666666,118.0,0.07627118644067797,27.45906043549166,0.0,0.0,4.109486240411087,2,89.11111111111111,0.0,2.1145648038480176,MEDIUM
2025-12-19,4,12,0,353,0.0,63.10067106251766,26.536094677491143,0,0,,0.0,107,110,51,4,1,0,0,115.0,131.33333333333334,114.85714285714286,0.0012437810945273278,26.149751888106028,0.0,0.0,-13.852084241999819,1,87.55555555555557,0.0,2.0203335826570865,MEDIUM
2025-12-20,5,12,1,354,0.0,60.047782666599694,27.54125626779264,0,1,Local Festival,0.0,124,110,51,4,1,0,1,107.0,116.33333333333333,112.57142857142857,-0.04949238578680201,26.018308572087463,0.0,0.0,-9.51512763753717,0,77.55555555555556,-0.4949238578680201,3.5689754870352277,MEDIUM
2025-12-21,6,12,1,355,0.0,68.77729584931332,26.75963843658798,0,0,,0.0,87,110,51,4,1,0,1,124.0,115.33333333333333,116.57142857142857,0.06372549019607845,25.18502956690138,0.0,0.0,-1.7225525177649388,30,76.88888888888889,0.6372549019607845,3.4742267178106396,LOW
2025-12-22,0,12,0,356,0.0,69.88177975610041,28.267540029353885,0,0,,0.0,97,110,52,4,1,0,1,87.0,106.0,119.14285714285714,-0.2697841726618705,19.878200550926177,0.0,0.0,6.781108693582752,30,70.66666666666667,-0.0,1.4090297527993916,LOW
2025-12-23,1,12,0,357,0.0,76.29862751255658,26.471224236373757,0,0,,0.0,90,110,52,4,1,0,1,97.0,102.66666666666667,115.57142857142857,-0.1606922126081582,21.462037359464016,0.0,0.0,16.250844845956884,30,68.44444444444446,-0.0,1.4189230563016575,LOW
2025-12-24,2,12,0,358,0.0,66.59456052489136,30.12605265933997,0,0,,0.0,92,110,52,4,1,0,0,90.0,91.33333333333333,106.71428571428571,-0.15662650602409633,16.028248872061358,0.0,0.0,-2.182735324421955,30,60.88888888888888,-0.0,1.0968600212160902,HIGH
2025-12-25,3,12,0,359,0.0,66.82592841693014,27.89553254177095,0,0,,0.0,111,110,52,4,1,0,0,92.0,93.0,101.71428571428571,-0.09550561797752803,13.972762620114374,0.0,0.0,-3.0558513391702746,30,62.0,-0.0,1.0531556412235454,LOW
2025-12-26,4,12,0,360,0.0,74.36784397575539,27.78071581108484,0,0,,0.0,134,110,52,4,1,0,0,111.0,97.66666666666667,101.14285714285714,0.09745762711864411,13.409307357559285,0.0,0.0,-1.9307835368011865,30,65.11111111111111,0.0,1.0876585617516523,MEDIUM
2025-12-27,5,12,1,361,0.0,73.53474133081434,27.335899538077676,0,0,,0.0,104,110,52,4,1,0,1,134.0,112.33333333333333,105.0,0.2761904761904762,18.34847859269644,0.0,0.0,6.940180805922978,30,74.88888888888889,2.761904761904762,2.871874952386378,MEDIUM
2025-12-28,6,12,1,362,0.0,69.42400582166339,29.570357848574226,0,0,,0.0,94,110,52,4,1,0,1,104.0,116.33333333333333,102.14285714285714,0.018181818181818223,16.344505411386045,0.0,0.0,2.598077404733246,30,77.55555555555556,0.1818181818181822,2.8187183085719396,LOW
2025-12-29,0,12,0,363,0.0,72.24951718680788,25.1809980779707,0,0,,0.0,132,110,1,4,1,0,1,94.0,110.66666666666667,103.14285714285714,-0.08864265927977835,15.453463165565678,0.0,0.0,-2.1183267889475133,30,73.77777777777777,-0.0,1.3078388634408673,LOW
2025-12-30,1,12,0,364,0.0,68.97760986515155,28.543348177257,0,0,,0.0,142,110,1,4,1,0,1,132.0,110.0,108.14285714285714,0.22060766182298552,18.497104020436083,0.0,0.0,-4.557131465662792,30,73.33333333333333,0.0,1.411560480749323,LOW
