date,day_of_week,month,is_weekend,temperature,humidity,humidity_drop,rainfall,festival,festival_name,respiratory_alert,baseline_patients,actual_patients,surge_risk
2021-01-01,4,1,0,15.993428306022466,51.39497081111901,0.0,0.0,0,None,0,110,110,LOW
2021-01-02,5,1,1,14.723471397657631,45.823264733701215,5.571706077417794,0.0,0,None,0,105,121,LOW
2021-01-03,6,1,1,16.295377076201383,60.72574563886694,0.0,10.89383808837252,0,None,0,109,135,MEDIUM
2021-01-04,0,1,0,18.04605971281605,44.062007904852436,16.663737734014504,0.0,0,None,1,108,153,MEDIUM
2021-01-05,1,1,0,14.531693250553328,51.54910355113514,0.0,0.0,0,None,0,106,106,LOW
2021-01-06,2,1,0,14.531726086101639,53.168884404660496,0.0,0.0,0,None,0,108,108,LOW
2021-01-07,3,1,0,18.158425631014783,52.06899548725749,1.0998889174030069,0.0,0,None,0,108,108,LOW
2021-01-08,4,1,0,16.534869458305817,49.07356170561146,2.995433781646028,0.0,0,None,1,114,143,MEDIUM
2021-01-09,5,1,1,14.061051228130095,49.35089650133287,0.0,0.0,0,None,1,106,148,MEDIUM
2021-01-10,6,1,1,16.08512008717193,50.21905735989555,0.0,0.0,0,None,0,108,124,LOW
2021-01-11,0,1,0,14.073164614375075,49.264989991857554,0.9540673680379967,0.0,0,None,1,103,120,LOW
2021-01-12,1,1,0,14.068540492859487,54.81939558397455,0.0,0.0,0,None,0,110,110,LOW
2021-01-13,2,1,0,15.48392454313207,61.05261500795676,0.0,0.0,0,None,0,108,108,LOW
2021-01-14,3,1,0,11.173439510684403,47.21254107496083,13.840073932995928,0.0,0,None,0,110,110,LOW
2021-01-15,4,1,0,11.550164334973935,43.15098510210461,4.061555972856219,0.0,0,None,0,108,108,LOW
2021-01-16,5,1,1,13.875424941518055,49.55858975824373,0.0,0.0,0,None,0,108,129,LOW
2021-01-17,6,1,1,12.974337759331153,62.898546688271594,0.0,0.0,0,None,0,108,125,LOW
2021-01-18,0,1,0,15.628494665190548,45.98162716015135,16.916919528120246,0.0,0,None,0,110,110,LOW
2021-01-19,1,1,0,13.183951848957578,58.195584027220335,0.0,0.0,0,None,0,105,105,LOW
2021-01-20,2,1,0,12.175392597329417,58.388504070382204,0.0,0.0,0,None,0,110,110,LOW
2021-01-21,3,1,0,17.931297537843108,47.23205879146003,11.156445278922178,0.0,0,None,1,109,165,HIGH
2021-01-22,4,1,0,14.548447399026928,52.84491539592638,0.0,0.0,0,None,0,108,108,LOW
2021-01-23,5,1,1,15.135056409375848,58.14198311564269,0.0,0.0,0,None,0,103,119,LOW
2021-01-24,6,1,1,12.150503627573087,48.10436129506257,10.03762182058012,0.0,0,None,1,113,172,HIGH
2021-01-25,0,1,0,13.911234550949635,48.98209819948819,0.0,0.0,0,None,0,106,106,LOW
2021-01-26,1,1,0,15.221845179419732,47.09159543025678,1.8905027692314107,0.0,0,None,1,112,140,MEDIUM
2021-01-27,2,1,0,12.698012845155395,44.92621634653567,2.1653790837211133,0.0,0,None,0,119,119,LOW
2021-01-28,3,1,0,15.751396036691343,46.75361227466996,0.0,0.0,0,None,1,113,137,MEDIUM
2021-01-29,4,1,0,13.79872262016239,43.880298666188715,2.873313608481247,6.533520326419354,0,None,0,107,107,LOW
2021-01-30,5,1,1,14.416612500413446,50.17041734129613,0.0,0.0,0,None,0,109,126,LOW
2021-01-31,6,1,1,13.796586775541206,46.150133844706794,4.020283496589336,0.0,0,None,1,105,151,MEDIUM
2021-02-01,0,2,0,20.044302331173487,43.84842148326496,2.3017123614418367,0.0,0,None,0,106,106,LOW
2021-02-02,1,2,0,16.312751512679743,34.90001369329308,8.948407789971874,14.973041232958211,0,None,1,111,181,HIGH
2021-02-03,2,2,0,14.22432410424381,44.33389308538351,0.0,0.0,0,None,1,106,128,MEDIUM
2021-02-04,3,2,0,17.984835786361987,46.84713673235584,0.0,0.0,0,None,1,107,134,MEDIUM
2021-02-05,4,2,0,13.898058662213566,32.710813711453945,14.136323020901898,0.0,0,None,1,109,146,MEDIUM
2021-02-06,5,2,1,16.757473152165122,44.54977477354908,0.0,0.0,0,None,1,104,145,MEDIUM
2021-02-07,6,2,1,12.42040571439606,48.81783688667768,0.0,0.0,0,None,0,113,127,LOW
2021-02-08,0,2,0,13.68337386435875,36.631286830855196,12.186550055822487,0.0,0,None,1,108,154,MEDIUM
2021-02-09,1,2,0,16.733468433893858,51.04235385849974,0.0,0.0,0,None,0,108,108,LOW
2021-02-10,2,2,0,17.816679122146432,44.774586971141446,6.267766887358292,0.0,0,None,1,111,149,MEDIUM
2021-02-11,3,2,0,16.68248252453555,39.15443264551918,5.620154325622266,12.715736947558089,0,None,0,108,129,LOW
2021-02-12,4,2,0,16.10844939737913,42.40064653602269,0.0,0.0,0,None,1,106,128,MEDIUM
2021-02-13,5,2,1,15.737538570977033,45.471126486919836,0.0,0.0,0,None,1,118,162,MEDIUM
2021-02-14,6,2,1,13.382701981420755,43.05951888137328,2.411607605546557,0.0,0,None,1,105,147,MEDIUM
2021-02-15,0,2,0,14.900057545366193,45.373271886543066,0.0,0.0,0,None,0,108,108,LOW
2021-02-16,1,2,0,15.418468420236035,38.076123958914394,7.2971479276286715,0.0,0,None,0,109,109,LOW
2021-02-17,2,2,0,18.45399041459344,43.52629604449161,0.0,0.0,0,None,0,107,107,LOW
2021-02-18,3,2,0,17.026982541292533,35.61091943978632,7.915376604705287,0.0,0,None,1,108,141,MEDIUM
2021-02-19,4,2,0,12.813665651430142,42.12336161756772,0.0,0.0,0,None,1,107,131,MEDIUM
2021-02-20,5,2,1,16.987913900945202,38.159953716987275,3.9634079005804423,0.0,0,None,0,116,128,LOW
2021-02-21,6,2,1,15.569581401322978,39.00184221136239,0.0,0.0,0,None,0,109,127,LOW
2021-02-22,0,2,0,14.985901961543693,48.85995780036341,0.0,0.0,0,None,0,110,110,LOW
2021-02-23,1,2,0,17.56309853983735,48.13604252728257,0.7239152730808414,0.0,0,None,0,109,109,LOW
2021-02-24,2,2,0,18.40174500714751,45.72518252884711,2.4108599984354626,0.0,0,None,1,109,135,MEDIUM
2021-02-25,3,2,0,18.20230620038801,37.21792810094833,8.50725442789878,0.0,0,None,1,107,146,MEDIUM
2021-02-26,4,2,0,14.661310915710335,41.09744967583721,0.0,7.607321567186388,0,None,0,111,111,LOW
2021-02-27,5,2,1,15.721321210453182,48.74498042420714,0.0,0.0,0,None,1,103,146,MEDIUM
2021-02-28,6,2,1,17.002272824962738,43.38807649251075,5.356903931696394,0.0,0,None,0,110,125,LOW
2021-03-01,0,3,0,21.95109025424472,51.59664769990847,0.0,0.0,0,None,0,121,121,LOW
2021-03-02,1,3,0,19.04165152430942,41.96658919697186,9.630058502936613,0.0,0,None,0,107,107,LOW
2021-03-03,2,3,0,19.628682046672367,40.960245582450156,1.006343614521704,0.0,0,None,0,106,106,LOW
2021-03-04,3,3,0,17.787330051987944,38.4544176789875,2.5058279034626594,0.0,0,None,0,115,115,LOW
2021-03-05,4,3,0,17.60758675183866,40.66770452391141,0.0,0.0,0,None,1,103,132,MEDIUM
2021-03-06,5,3,1,21.625051644788396,39.23765081809728,1.4300537058141316,0.0,0,None,0,111,125,LOW
2021-03-07,6,3,1,22.712480057141647,43.54054338344295,0.0,0.0,0,None,0,111,123,LOW
2021-03-08,0,3,0,19.855979756839332,44.783511583972924,0.0,12.521297991622317,0,None,0,111,133,LOW
2021-03-09,1,3,0,22.007065795784047,36.070052697460255,8.713458886512669,0.0,0,None,0,105,105,LOW
2021-03-10,2,3,0,20.723272050095268,33.343835232211106,2.7262174652491495,0.0,0,None,0,110,110,LOW
2021-03-11,3,3,0,18.70976049078975,30.818973134483517,2.5248620977275884,0.0,0,None,1,113,144,MEDIUM
2021-03-12,4,3,0,20.722791211016826,42.53995663456272,0.0,0.0,0,None,0,108,108,LOW
2021-03-13,5,3,1,23.07607313293194,34.483166969130636,8.056789665432085,0.0,0,None,0,114,128,LOW
2021-03-14,6,3,1,19.928347921780098,29.235547035237587,5.2476199338930485,0.0,0,None,1,113,169,MEDIUM
2021-03-15,0,3,0,23.129287311628012,41.94289302265482,0.0,0.0,0,None,0,110,110,LOW
2021-03-16,1,3,0,14.76050979182051,52.46499758716395,0.0,0.0,0,None,0,109,109,LOW
2021-03-17,2,3,0,21.643805008750448,39.96964544230053,12.495352144863418,0.0,0,None,0,112,112,LOW
2021-03-18,3,3,0,20.17409413647634,44.19245387225821,0.0,0.0,0,None,0,117,117,LOW
2021-03-19,4,3,0,19.401985299068265,40.40914679273782,3.783307079520391,0.0,0,None,1,111,131,LOW
2021-03-20,5,3,1,20.183521553071003,39.50555173404429,0.9035950586935328,0.0,0,None,0,106,121,LOW
2021-03-21,6,3,1,16.024862170798215,44.59538241493884,0.0,0.0,0,None,0,109,129,LOW
2021-03-22,0,3,0,19.560656224324976,38.548627279056745,6.046755135882094,0.0,0,None,0,110,110,LOW
2021-03-23,1,3,0,20.714225143023494,41.33696157035951,0.0,0.0,0,None,0,111,111,LOW
2021-03-24,2,3,0,22.955788089483033,41.60848903098007,0.0,0.0,0,None,0,109,109,LOW
2021-03-25,3,3,0,18.963459563452705,36.659547731784755,4.948941299195312,0.0,0,None,0,109,109,LOW
2021-03-26,4,3,0,18.383012794213624,44.960211747682614,0.0,0.0,0,None,1,113,135,LOW
2021-03-27,5,3,1,18.996485912830927,39.12520121652296,5.835010531159654,0.0,0,None,0,102,114,LOW
2021-03-28,6,3,1,21.83080423540415,36.221274202535774,2.903927013987186,0.0,0,None,0,108,119,LOW
2021-03-29,0,3,0,20.65750221931937,42.68254921785202,0.0,0.0,0,None,0,110,110,LOW
2021-03-30,1,3,0,18.940479592465923,35.50766009104481,7.174889126807209,0.0,0,None,1,107,167,HIGH
2021-03-31,2,3,0,21.02653486622671,40.14090578684564,0.0,0.0,0,None,0,111,111,LOW
2021-04-01,3,4,0,25.19415509869608,42.633896941090214,0.0,0.0,0,None,0,115,115,LOW
2021-04-02,4,4,0,26.937289981065778,48.10896975346912,0.0,7.222388016405433,0,None,0,111,111,LOW
2021-04-03,5,4,1,23.595893812245293,45.052983088710995,3.055986664758123,12.136177336604831,0,None,0,107,137,MEDIUM
2021-04-04,6,4,1,24.344675706804463,42.55435713058551,2.498625958125487,0.0,0,None,0,113,122,LOW
2021-04-05,0,4,0,24.215783693735684,46.76832342031266,0.0,0.0,0,None,0,109,109,LOW
2021-04-06,1,4,0,22.072970103735763,49.630529669397795,0.0,0.0,0,None,0,107,107,LOW
2021-04-07,2,4,0,25.59224055412915,45.46854345607054,4.161986213327253,15.400774149091202,0,None,0,113,140,MEDIUM
2021-04-08,3,4,0,25.52211054435978,42.731255023528135,2.7372884325424067,0.0,0,None,0,107,107,LOW
2021-04-09,4,4,0,25.01022691328492,36.12031076256043,6.610944260967706,0.0,0,None,0,114,114,LOW
2021-04-10,5,4,1,24.530825733249706,37.353923608934366,0.0,0.0,1,Ugadi,0,104,145,MEDIUM
2021-04-11,6,4,1,22.169258515899173,41.15336840253789,0.0,0.0,1,Ugadi,0,112,160,MEDIUM
2021-04-12,0,4,0,24.15870935446928,39.631930913514815,1.5214374890230786,0.0,1,Ugadi,0,113,144,MEDIUM
2021-04-13,1,4,0,24.314570966946462,41.744635409383996,0.0,0.0,0,None,0,110,110,LOW
2021-04-14,2,4,0,23.39544546155676,42.962741548796764,0.0,0.0,0,None,0,106,106,LOW
2021-04-15,3,4,0,24.67742857666798,45.32795569609488,0.0,0.0,0,None,0,108,108,LOW
2021-04-16,4,4,0,25.80810171362908,42.32699803401577,3.0009576620791094,0.0,0,None,0,111,111,LOW
2021-04-17,5,4,1,28.77237180242106,45.11200014344224,0.0,0.0,0,None,0,114,126,LOW
2021-04-18,6,4,1,25.349155625663677,43.00186399836183,2.1101361450804106,0.0,0,None,0,109,123,LOW
2021-04-19,0,4,0,25.51510078144553,32.80215909254187,10.199704905819956,0.0,0,None,0,109,109,LOW
2021-04-20,1,4,0,24.851108168467665,37.98281495521746,0.0,0.0,0,None,0,109,109,LOW
2021-04-21,2,4,0,21.162457569401916,41.95905414570315,0.0,0.0,0,None,0,110,110,LOW
2021-04-22,3,4,0,24.946972249101567,36.631018210105694,5.328035935597455,0.0,0,None,0,110,110,LOW
2021-04-23,4,4,0,25.120460419882054,45.67913557429225,0.0,0.0,0,None,0,110,110,LOW
2021-04-24,5,4,1,29.926484224970572,50.33324608602972,0.0,0.0,0,None,0,113,128,LOW
2021-04-25,6,4,1,24.615278070437753,48.77330118279781,1.5599449032319086,0.0,0,None,0,111,130,LOW
2021-04-26,0,4,0,25.603094684667226,41.612277569660186,7.161023613137623,0.0,0,None,0,110,110,LOW
2021-04-27,1,4,0,24.930576460589513,50.13312260856099,0.0,0.0,0,None,0,107,107,LOW
2021-04-28,2,4,0,22.662643924760935,43.42282921032179,6.710293398239202,0.0,0,None,0,109,109,LOW
2021-04-29,3,4,0,27.285645629030043,40.994062068721036,2.4287671416007512,0.0,0,None,0,104,104,LOW
2021-04-30,4,4,0,26.503866065373547,39.61247860660653,1.3815834621145058,0.0,0,None,0,107,107,LOW
2021-05-01,5,5,1,31.582063894086094,48.48765156755936,0.0,0.0,0,None,0,111,128,LOW
2021-05-02,6,5,1,28.18122509041052,48.05911590729386,0.4285356602655028,0.0,0,None,0,112,125,LOW
2021-05-03,0,5,0,32.8055886218722,50.85208111187744,0.0,0.0,0,None,0,113,113,LOW
2021-05-04,1,5,0,27.19629787441544,50.802869905249324,0.04921120662811518,0.0,0,None,0,110,110,LOW
2021-05-05,2,5,0,31.17371418760054,50.01523010076707,0.7876398044822537,0.0,0,None,0,111,111,LOW
2021-05-06,3,5,0,34.380911251619956,52.18469084873175,0.0,0.0,0,None,0,105,105,LOW
2021-05-07,4,5,0,28.01892734973862,55.95323137393171,0.0,0.0,0,None,0,106,106,LOW
2021-05-08,5,5,1,28.867404540794457,54.74777067720662,1.2054606967250905,0.0,0,None,0,111,123,LOW
2021-05-09,6,5,1,30.199302730175283,42.575510157750486,12.172260519456131,0.0,0,None,1,115,170,MEDIUM
2021-05-10,0,5,0,28.9930486917676,37.230394325490224,5.345115832260262,0.0,0,None,0,111,111,LOW
2021-05-11,1,5,0,26.898673137867736,54.67159955619637,0.0,0.0,0,None,0,104,104,LOW
2021-05-12,2,5,0,30.137125949612056,43.165606507922895,11.505993048273474,0.0,0,None,1,109,141,MEDIUM
2021-05-13,3,5,0,27.87539257254779,48.87617299053658,0.0,0.0,0,None,0,115,115,LOW
2021-05-14,4,5,0,30.94718486127036,44.1494348697032,4.726738120833382,0.0,0,None,0,107,107,LOW
2021-05-15,5,5,1,28.161151531532393,40.990097812099904,3.1593370576032953,0.0,0,None,0,106,126,LOW
2021-05-16,6,5,1,33.099868810035076,52.70731364102394,0.0,0.0,0,None,0,114,130,LOW
2021-05-17,0,5,0,28.433493415327526,53.79577580151324,0.0,0.0,0,None,0,110,110,LOW
2021-05-18,1,5,0,29.35587696758865,47.1174479963664,6.678327805146836,30.196178436395236,0,None,0,108,129,LOW
2021-05-19,2,5,0,31.62703443473934,37.04478853927545,10.07265945709095,0.0,0,None,1,117,161,MEDIUM
2021-05-20,3,5,0,27.53827136713209,47.268777758737585,0.0,0.0,0,None,0,110,110,LOW
2021-05-21,4,5,0,30.454919869208258,51.959020027012734,0.0,0.0,0,None,0,106,106,LOW
2021-05-22,5,5,1,32.614285508564855,42.60544215612936,9.353577870883377,0.0,0,None,0,111,124,LOW
2021-05-23,6,5,1,26.785033530877545,50.91679959889578,0.0,0.0,0,None,0,106,126,LOW
2021-05-24,0,5,0,30.36926771706461,49.923450754135025,0.993348844760753,0.0,0,None,0,108,108,LOW
2021-05-25,1,5,0,30.519765588496846,52.89645749800544,0.0,0.0,0,None,0,112,112,LOW
2021-05-26,2,5,0,31.56364574355462,50.59790184207077,2.2985556559346705,0.0,0,None,0,107,107,LOW
2021-05-27,3,5,0,27.526098578243836,45.134655295592225,5.463246546478544,0.0,0,None,0,111,111,LOW
2021-05-28,4,5,0,27.359086773831446,55.982857508322454,0.0,0.0,0,None,0,115,115,LOW
2021-05-29,5,5,1,31.043883131233795,49.20735213486515,6.775505373457307,0.0,0,None,0,113,128,LOW
2021-05-30,6,5,1,30.593969346466373,49.86347730245034,0.0,0.0,0,None,0,110,128,LOW
2021-05-31,0,5,0,30.500985700691754,45.33366020463402,4.52981709781632,0.0,0,None,0,111,111,LOW
2021-06-01,1,6,0,34.35315045683834,57.78358874404245,0.0,44.71948590328251,0,None,0,109,124,LOW
2021-06-02,2,6,0,32.30020459468741,55.575986429865495,2.2076023141769525,0.0,0,None,0,112,112,LOW
2021-06-03,3,6,0,34.124761432166395,59.135269700382885,0.0,35.63410612354167,0,None,0,110,133,MEDIUM
2021-06-04,4,6,0,34.246398984441754,68.55854240071172,0.0,71.57328822951769,0,None,0,107,128,LOW
2021-06-05,5,6,1,32.23155120179165,53.140494285343216,15.4180481153685,3.503882792789396,0,None,1,114,170,MEDIUM
2021-06-06,6,6,1,37.3918030601339,51.932193010616295,1.2083012747269208,0.0,0,None,0,112,127,LOW
2021-06-07,0,6,0,34.60791987966796,67.35585163746805,0.0,16.594482667004794,0,None,0,113,125,LOW
2021-06-08,1,6,0,31.277647043439092,58.95338161424067,8.40247002322738,9.91898868019786,0,None,0,110,110,LOW
2021-06-09,2,6,0,34.973361255112046,56.65463630670042,2.2987453075402513,0.0,0,None,0,109,109,LOW
2021-06-10,3,6,0,31.710890697389747,65.19952343698039,0.0,6.643095215291403,0,None,0,113,113,LOW
2021-06-11,4,6,0,35.234423245329296,56.97192230131568,8.227601135664706,13.512929248320011,0,None,0,115,138,LOW
2021-06-12,5,6,1,35.9774451958592,69.13004856773468,0.0,12.855950827188707,0,None,0,109,144,MEDIUM
2021-06-13,6,6,1,32.01888940114097,63.38962935669635,5.740419211038329,2.6413561746276635,0,None,0,111,127,LOW
2021-06-14,0,6,0,35.58700629633303,57.560442959271484,5.829186397424863,0.0,0,None,0,110,110,LOW
2021-06-15,1,6,0,34.48581589171739,70.78654106632752,0.0,12.093790042307662,0,None,0,110,129,LOW
2021-06-16,2,6,0,35.30437435783337,56.971425384983306,13.81511568134421,12.669563886197704,0,None,0,117,140,LOW
2021-06-17,3,6,0,37.45384000315229,63.71047686004653,0.0,3.5378704493736004,0,None,0,106,106,LOW
2021-06-18,4,6,0,33.169477805838646,61.49646290203246,2.214013958014071,0.0,0,None,0,107,107,LOW
2021-06-19,5,6,1,32.15278170912941,66.50870644699398,0.0,0.0,0,None,0,109,124,LOW
2021-06-20,6,6,1,31.881225178593343,67.80755598363426,0.0,6.57366460619236,0,None,0,113,126,LOW
2021-06-21,0,6,0,32.028633467913515,60.160020745328836,7.647535238305423,22.726421764896816,0,None,0,106,118,LOW
2021-06-22,1,6,0,33.50605061901618,56.23291064826908,3.927110097059753,0.0,0,None,0,110,110,LOW
2021-06-23,2,6,0,34.342557987477676,62.29986071469558,0.0,4.540157739213568,0,None,0,111,111,LOW
2021-06-24,3,6,0,34.21363563650443,56.61142315123947,5.688437563456112,0.0,0,None,0,107,107,LOW
2021-06-25,4,6,0,35.31462053591644,70.06693623763312,0.0,0.0,0,None,0,108,108,LOW
2021-06-26,5,6,1,33.6862578216002,60.68267665541369,9.384259582219428,0.0,0,None,0,109,123,LOW
2021-06-27,6,6,1,36.567322192159025,58.17339224343946,2.509284411974228,19.92180749607693,0,None,0,109,147,MEDIUM
2021-06-28,0,6,0,33.130940371368474,60.92340152932454,0.0,14.128279519847979,0,None,0,110,127,LOW
2021-06-29,1,6,0,39.10059237102362,53.26436855235152,7.659032976973023,0.0,0,None,0,110,110,LOW
2021-06-30,2,6,0,34.9115887333744,55.14192980744674,0.0,2.143895827128507,0,None,0,114,114,LOW
2021-07-01,3,7,0,33.285684887167434,76.00206953972213,0.0,4.543621390990354,0,None,0,109,109,LOW
2021-07-02,4,7,0,32.858215003877774,66.71552860514302,9.286540934579108,0.0,0,None,0,115,115,LOW
2021-07-03,5,7,1,35.964944830486374,64.7654450865903,1.9500835185527166,0.0,0,None,0,110,120,LOW
2021-07-04,6,7,1,34.5530744293483,72.68326376263643,0.0,10.81418572089466,0,None,0,114,144,MEDIUM
2021-07-05,0,7,0,36.42800098818418,75.92852077331499,0.0,5.099048502493267,0,None,0,115,115,LOW
2021-07-06,1,7,0,35.94647524914709,73.59476655332533,2.3337542199896575,0.09728013350070452,0,None,0,115,115,LOW
2021-07-07,2,7,0,34.85434217468625,74.98023842902909,0.0,0.0,0,None,0,110,110,LOW
2021-07-08,3,7,0,33.30641256386319,66.21602455715269,8.764213871876393,0.0,0,None,0,109,109,LOW
2021-07-09,4,7,0,31.97030555062827,62.89094666629078,3.3250778908619125,19.89822650699586,0,None,0,107,121,LOW
2021-07-10,5,7,1,34.10697009586596,77.50666825977743,0.0,0.3635645701387554,0,None,0,104,117,LOW
2021-07-11,6,7,1,36.71279758864694,68.38660080578933,9.1200674539881,0.0,0,None,0,109,119,LOW
2021-07-12,0,7,0,35.428187488260406,68.74583491772476,0.0,42.574323557601346,0,None,0,109,131,MEDIUM
2021-07-13,1,7,0,32.50852244257602,76.6409707092453,0.0,2.8748416352526354,0,None,0,118,118,LOW
2021-07-14,2,7,0,35.34636185170236,72.7811500470033,3.859820662242001,0.0,0,None,0,114,114,LOW
2021-07-15,3,7,0,35.77063475945767,72.27943886040804,0.5017111865952586,1.438117950282099,0,None,0,105,105,LOW
2021-07-16,4,7,0,33.232285127597734,80.82501172450542,0.0,0.0,0,None,0,111,111,LOW
2021-07-17,5,7,1,35.30745021189106,66.78240884809928,14.042602876406136,11.995348607848806,0,None,0,103,140,MEDIUM
2021-07-18,6,7,1,35.116417436892,74.63920064040619,0.0,7.8476620255690035,0,None,0,111,123,LOW
2021-07-19,0,7,0,32.714059404338755,70.28506562448543,4.354135015920761,0.0,0,None,0,110,110,LOW
2021-07-20,1,7,0,35.715574720696566,71.34296139431629,0.0,34.03357896646323,0,None,0,104,124,LOW
2021-07-21,2,7,0,36.12156905273647,77.64234213206265,0.0,0.0,0,None,0,110,110,LOW
2021-07-22,3,7,0,37.16610248635055,72.53917878144811,5.103163350614537,0.3423447889500124,0,None,0,121,121,LOW
2021-07-23,4,7,0,37.10760410406981,72.69148039524816,0.0,29.67114248713906,0,None,0,110,130,LOW
2021-07-24,5,7,1,32.24466126408582,75.362536686549,0.0,12.909898931468536,0,None,0,111,144,MEDIUM
2021-07-25,6,7,1,33.124349920169756,68.17523635228558,7.187300334263426,33.199182894045066,0,None,0,109,145,MEDIUM
2021-07-26,0,7,0,36.03007053441732,65.80395166330497,2.3712846889806087,13.630242063305072,0,None,0,115,126,LOW
2021-07-27,1,7,0,36.027571901824416,64.77595402989483,1.0279976334101377,24.92369112504063,0,None,0,108,127,LOW
2021-07-28,2,7,0,36.030095372612095,60.16821705311999,4.607736976774845,8.423190533051605,0,None,0,110,110,LOW
2021-07-29,3,7,0,42.705462981309445,80.28103564970161,0.0,20.78601364752476,0,None,0,109,132,MEDIUM
2021-07-30,4,7,0,36.141781021386336,64.48395817139158,15.79707747831003,0.0,0,None,0,111,111,LOW
2021-07-31,5,7,1,37.271131280361196,68.89373188207114,0.0,0.0,0,None,0,117,131,LOW
2021-08-01,6,8,1,35.568257564830795,75.93644157624416,0.0,0.0,0,None,0,110,130,LOW
2021-08-02,0,8,0,34.96303654045599,78.85754156473426,0.0,4.695974956909915,0,None,0,112,112,LOW
2021-08-03,1,8,0,33.0297155485637,81.39919413838524,0.0,3.32176059160942,0,None,0,107,107,LOW
2021-08-04,2,8,0,35.17819247883092,81.62287551748749,0.0,0.0,0,None,0,112,112,LOW
2021-08-05,3,8,0,32.114603608769244,74.40512088284407,7.217754634643413,5.48823191872106,0,None,0,111,111,LOW
2021-08-06,4,8,0,33.18661682436437,76.4848995067567,0.0,12.149725296115035,0,None,0,110,126,LOW
2021-08-07,5,8,1,32.689526942186184,78.73340782813027,0.0,0.0,0,None,0,107,134,MEDIUM
2021-08-08,6,8,1,33.82400231661703,76.07705244477103,2.656355383359241,0.0,0,None,0,108,132,MEDIUM
2021-08-09,0,8,0,38.289571171191405,85.35723595578872,0.0,14.334082154737114,0,None,0,109,132,MEDIUM
2021-08-10,1,8,0,29.925723652660892,79.77538283388002,5.581853121908708,1.2764242730565332,0,None,0,110,110,LOW
2021-08-11,2,8,0,35.03277441859342,80.99489700593784,0.0,0.0,0,None,0,108,108,LOW
2021-08-12,3,8,0,30.434822295465086,80.63491441902583,0.359982586912011,2.8280427007993576,0,None,0,110,110,LOW
2021-08-13,4,8,0,32.716390306265524,83.18787736311539,0.0,0.0,0,None,0,116,116,LOW
2021-08-14,5,8,1,35.83815523177912,78.2256158692073,4.962261493908088,0.0,0,None,0,110,123,LOW
2021-08-15,6,8,1,33.788814076035315,70.83634833590953,7.389267533297769,0.0,0,None,0,117,138,LOW
2021-08-16,0,8,0,31.504764481985777,79.31894783445198,0.0,7.670207300408512,0,None,0,114,114,LOW
2021-08-17,1,8,0,32.229646619324456,74.06372360672962,5.255224227722351,25.059021948777414,0,None,0,109,128,LOW
2021-08-18,2,8,0,35.01944953571374,74.67742466693998,0.0,0.0,0,None,0,114,114,LOW
2021-08-19,3,8,0,32.19952077441012,80.25232816946423,0.0,0.0,0,None,0,109,109,LOW
2021-08-20,4,8,0,34.09317121700834,83.51192343285695,0.0,0.0,0,None,0,111,111,LOW
2021-08-21,5,8,1,33.75139771765202,77.42686595936907,6.085057473487879,24.041089501513667,0,None,0,111,140,MEDIUM
2021-08-22,6,8,1,32.35705334263275,78.86467313868359,0.0,40.49072947431443,0,None,0,111,145,MEDIUM
2021-08-23,0,8,0,37.94814221649504,85.83158279886496,0.0,0.0,0,None,0,109,109,LOW
2021-08-24,1,8,0,34.92809208248041,78.5242739731316,7.307308825733358,0.0,0,None,0,105,105,LOW
2021-08-25,2,8,0,29.609968864529176,90.32892364659074,0.0,0.0,0,None,0,111,111,LOW
2021-08-26,3,8,0,34.033162667383245,80.14805630384649,10.18086734274425,0.0,0,None,1,108,155,MEDIUM
2021-08-27,4,8,0,32.336681108307616,68.51669427990967,11.631362023936816,12.472029457345004,0,None,0,109,129,LOW
2021-08-28,5,8,1,35.36512070743684,81.08721618121143,0.0,0.0,0,None,0,110,130,LOW
2021-08-29,6,8,1,32.07521256097899,79.22630000010265,1.8609161811087773,0.0,0,None,0,104,124,LOW
2021-08-30,0,8,0,33.43078115491059,83.7692718461025,0.0,40.2665586608205,0,None,0,107,129,MEDIUM
2021-08-31,1,8,0,34.670228595805305,80.68641483203855,3.082857014063947,0.0,0,None,0,112,112,LOW
2021-09-01,2,9,0,31.731510388340247,79.30772008008113,1.3786947519574255,19.10292291696729,0,None,0,109,130,LOW
2021-09-02,3,9,0,27.599407185888452,73.87850881855317,5.4292112615279535,5.07876237068051,0,None,0,107,107,LOW
2021-09-03,4,9,0,29.330997528318107,78.95488371356987,0.0,0.0,0,None,0,119,119,LOW
2021-09-04,5,9,1,29.05010937767809,75.7473977289535,3.207485984616369,0.7571031078073429,0,None,0,111,123,LOW
2021-09-05,6,9,1,28.69334153485258,77.09738275097638,0.0,3.9415418292457263,0,None,0,109,124,LOW
2021-09-06,0,9,0,33.530908480562196,82.94289202210305,0.0,34.15167224890571,0,None,0,113,131,LOW
2021-09-07,1,9,0,30.809963421921914,88.34952252175702,0.0,4.43957533749035,0,None,0,110,110,LOW
2021-09-08,2,9,0,27.478232091329915,81.9733576491149,6.376164872642121,3.7394459950566175,0,None,0,107,107,LOW
2021-09-09,3,9,0,31.835723894109556,74.02058468982408,7.952772959290826,2.2296805583076336,0,None,0,112,112,LOW
2021-09-10,4,9,0,34.24431239402527,82.22301334110071,0.0,0.0,0,None,0,112,112,LOW
2021-09-11,5,9,1,32.0649305211023,85.98315743322826,0.0,10.39895558596369,0,None,0,109,138,MEDIUM
2021-09-12,6,9,1,26.961260068091978,76.95108547840309,9.03207195482517,16.85402316966459,0,None,0,109,147,MEDIUM
2021-09-13,0,9,0,29.031531854267502,79.3299141666354,0.0,4.0981373641910395,0,None,0,108,108,LOW
2021-09-14,1,9,0,32.53382229837325,80.07344097364599,0.0,0.0,0,None,0,112,112,LOW
2021-09-15,2,9,0,28.584661068762443,76.0755084345888,3.9979325390571887,21.407091898736866,0,None,0,110,129,LOW
2021-09-16,3,9,0,30.88763885629246,83.2414021692193,0.0,0.0,0,None,0,107,107,LOW
2021-09-17,4,9,0,31.549268106858676,79.3952592569611,3.846142912258202,0.0,0,None,0,115,115,LOW
2021-09-18,5,9,1,28.146139056843836,82.09766221953514,0.0,0.0,0,None,0,107,121,LOW
2021-09-19,6,9,1,29.880949287876405,75.5625391109895,6.535123108545633,56.300324585202226,0,None,0,106,138,MEDIUM
2021-09-20,0,9,0,23.51746531986186,77.81270849838295,0.0,0.0,0,None,0,104,104,LOW
2021-09-21,1,9,0,27.951224717331424,83.61190678913886,0.0,40.895629431531084,0,None,0,111,126,LOW
2021-09-22,2,9,0,29.494863697213685,78.13583423954117,5.4760725495976885,0.0,0,None,0,112,112,LOW
2021-09-23,3,9,0,27.504433636070303,88.63481925616702,0.0,0.0,0,None,0,107,107,LOW
2021-09-24,4,9,0,33.26482260786327,78.00181907192699,10.633000184240032,21.77745390072408,0,None,0,105,114,LOW
2021-09-25,5,9,1,27.13971724407874,81.12342362875943,0.0,17.64807160649723,0,None,0,109,145,MEDIUM
2021-09-26,6,9,1,29.119911026606037,84.66295415936546,0.0,50.56248538314868,0,None,0,109,144,MEDIUM
2021-09-27,0,9,0,30.261481154572188,72.90817133533484,11.754782824030613,0.0,0,None,1,107,141,MEDIUM
2021-09-28,1,9,0,32.882546578132235,71.19595594009613,1.7122153952387151,2.1013037595301736,0,None,0,109,109,LOW
2021-09-29,2,9,0,27.128275697641126,72.37171842714953,0.0,16.707816600712995,0,None,0,109,133,MEDIUM
2021-09-30,3,9,0,32.32632750430992,86.31292051713591,0.0,19.601704308273792,0,None,0,109,132,MEDIUM
2021-10-01,4,10,0,25.020466122039174,74.56121734622654,11.751703170909366,0.0,0,None,1,111,165,MEDIUM
2021-10-02,5,10,1,23.036982697904097,90.11150450403004,0.0,0.0,0,None,0,108,124,LOW
2021-10-03,6,10,1,25.924206948526543,74.49927008240184,15.612234421628202,0.0,0,None,0,110,125,LOW
2021-10-04,0,10,0,25.398119391146942,78.24326459167396,0.0,0.0,0,None,0,110,110,LOW
2021-10-05,1,10,0,23.79956624568241,85.03105783852816,0.0,0.0,0,None,0,109,109,LOW
2021-10-06,2,10,0,25.13960416998004,87.35097251648439,0.0,0.0,1,Dasara,0,106,131,MEDIUM
2021-10-07,3,10,0,24.22937280627648,87.62802595887077,0.0,0.0,1,Dasara,0,110,130,LOW
2021-10-08,4,10,0,25.227034690502496,83.36233922865449,4.265686730216274,0.0,1,Dasara,0,112,141,MEDIUM
2021-10-09,5,10,1,26.324261349042093,82.44082070474609,0.9215185239084036,0.0,1,Dasara,0,118,155,MEDIUM
2021-10-10,6,10,1,28.172033632290706,80.2831428216947,2.1576778830513916,0.0,1,Dasara,0,113,166,MEDIUM
2021-10-11,0,10,0,22.5243690023463,81.21231345652197,0.0,0.0,0,None,0,109,109,LOW
2021-10-12,1,10,0,29.266066749312532,74.56457949404611,6.647733962475854,0.0,0,None,0,104,104,LOW
2021-10-13,2,10,0,21.095824400954996,73.22951365857725,1.3350658354688676,0.0,0,None,0,114,114,LOW
2021-10-14,3,10,0,24.696429809928834,77.30363578863401,0.0,0.0,0,None,0,112,112,LOW
2021-10-15,4,10,0,26.176634412969154,76.46958496306414,0.8340508255698751,0.0,0,None,0,114,114,LOW
2021-10-16,5,10,1,25.561983735470065,75.0543678290524,1.4152171340117405,0.0,0,None,0,106,121,LOW
2021-10-17,6,10,1,23.75460096035881,80.80244531297235,0.0,0.0,0,None,0,117,133,LOW
2021-10-18,0,10,0,24.58375549928545,82.09703411854133,0.0,0.0,0,None,0,108,108,LOW
2021-10-19,1,10,0,24.013998130682335,77.76254250714801,4.334491611393318,0.0,0,None,0,105,105,LOW
2021-10-20,2,10,0,23.821270486111576,84.70815848096508,0.0,0.0,0,None,0,113,113,LOW
2021-10-21,3,10,0,26.69920419404205,71.61206250502126,13.096095975943825,0.0,0,None,0,107,107,LOW
2021-10-22,4,10,0,25.714030971930093,76.35221077929019,0.0,0.9669790937487994,0,None,0,110,110,LOW
2021-10-23,5,10,1,23.614180809478693,73.73639647267476,2.615814306615434,9.988048785955467,0,None,0,112,129,LOW
2021-10-24,6,10,1,26.799199750866503,67.98782499032347,5.748571482351281,0.0,0,None,0,111,125,LOW
2021-10-25,0,10,0,25.61459904175322,76.90710464647528,0.0,0.0,0,None,0,110,110,LOW
2021-10-26,1,10,0,26.62572423767792,76.71177053377237,0.19533411270290912,0.0,0,None,0,107,107,LOW
2021-10-27,2,10,0,26.259257683847224,84.88775679189943,0.0,0.0,0,None,0,105,105,LOW
2021-10-28,3,10,0,23.342009978155854,80.47456649846266,4.41319029343677,0.0,0,None,0,110,110,LOW
2021-10-29,4,10,0,23.87963791960606,72.19957395404275,8.274992544419916,0.0,0,None,0,108,108,LOW
2021-10-30,5,10,1,26.494587210246525,86.59097090735972,0.0,29.35285039744956,0,None,0,109,147,MEDIUM
2021-10-31,6,10,1,26.22074053086693,83.42567655331554,3.1652943540441782,0.0,0,None,0,104,121,LOW
2021-11-01,0,11,0,19.958196812071705,72.91048851734308,10.515188035972457,0.0,1,Rajyotsava,1,109,181,HIGH
2021-11-02,1,11,0,20.234654766617563,68.86757950575084,4.0429090115922435,0.0,1,Rajyotsava,0,110,149,MEDIUM
2021-11-03,2,11,0,22.55532979157685,65.2028038163826,3.6647756893682413,0.0,0,None,0,109,109,LOW
2021-11-04,3,11,0,18.81685722232834,68.13896611964473,0.0,43.512895909886915,0,None,0,110,130,LOW
2021-11-05,4,11,0,21.094194762340077,75.44374309852093,0.0,0.0,0,None,0,113,113,LOW
2021-11-06,5,11,1,19.595614695132213,79.42293152967305,0.0,0.0,0,None,0,112,125,LOW
2021-11-07,6,11,1,19.56463759354556,77.71621764136094,1.706713888312109,0.0,0,None,0,112,121,LOW
2021-11-08,0,11,0,22.19755370397438,67.55575289106864,10.160464750292306,0.0,0,None,0,110,110,LOW
2021-11-09,1,11,0,21.65083269797606,64.40191283355495,3.1538400575136905,0.0,0,None,0,112,112,LOW
2021-11-10,2,11,0,21.627019272001277,70.70443123455603,0.0,0.0,0,None,0,106,106,LOW
2021-11-11,3,11,0,22.61095761430866,61.157803172185744,9.546628062370281,0.0,0,None,0,112,112,LOW
2021-11-12,4,11,0,20.042007683265517,71.61583857092391,0.0,0.0,0,None,0,109,109,LOW
2021-11-13,5,11,1,21.363905942589927,69.26198706850666,2.353851502417257,0.0,0,None,0,106,125,LOW
2021-11-14,6,11,1,19.379466486813087,67.66981749065879,1.5921695778478693,0.0,0,None,0,112,128,LOW
2021-11-15,0,11,0,20.648332704976884,62.026484663666025,5.643332826992761,0.0,0,None,0,112,112,LOW
2021-11-16,1,11,0,19.739713891264632,72.56800053284859,0.0,0.0,0,None,0,104,104,LOW
2021-11-17,2,11,0,20.193991929985437,67.33649580169045,5.2315047311581395,0.0,0,None,0,115,115,LOW
2021-11-18,3,11,0,21.190314050873827,64.15041582144856,3.1860799802418853,0.0,0,None,0,108,108,LOW
2021-11-19,4,11,0,18.363558633533057,55.63868893359175,8.51172688785681,0.0,0,None,0,106,106,LOW
2021-11-20,5,11,1,24.18477455137092,69.86242547474681,0.0,0.0,0,None,0,115,125,LOW
2021-11-21,6,11,1,17.987965237000594,78.86125798334872,0.0,0.0,0,None,0,112,124,LOW
2021-11-22,0,11,0,17.571622774424537,78.30629607273934,0.5549619106093786,0.0,0,None,0,111,111,LOW
2021-11-23,1,11,0,22.316221747000135,67.71451871706864,10.5917773556707,0.0,0,None,0,107,107,LOW
2021-11-24,2,11,0,21.58332538792587,66.9889396981911,0.7255790188775393,0.0,0,None,0,109,109,LOW
2021-11-25,3,11,0,21.24823963410431,72.34387128037511,0.0,0.0,0,None,0,109,109,LOW
2021-11-26,4,11,0,21.25669101852856,65.00807280405854,7.335798476316569,0.0,0,None,0,109,109,LOW
2021-11-27,5,11,1,19.97550645430617,71.50895949909733,0.0,0.0,0,None,0,111,124,LOW
2021-11-28,6,11,1,18.20549125702834,73.83040139192344,0.0,30.958619857883104,0,None,0,112,148,MEDIUM
2021-11-29,0,11,0,20.15160911638745,76.13466611942154,0.0,0.0,0,None,0,109,109,LOW
2021-11-30,1,11,0,18.645676576975777,69.49922961760024,6.635436501821303,0.0,0,None,0,112,112,LOW
2021-12-01,2,12,0,18.289985428991116,58.98163124911517,10.517598368485068,0.0,0,None,1,111,145,MEDIUM
2021-12-02,3,12,0,16.045631199151337,55.6100870662172,3.3715441828979706,0.0,0,None,0,111,111,LOW
2021-12-03,4,12,0,14.688751568570591,55.865598229800696,0.0,0.0,0,None,0,108,108,LOW
2021-12-04,5,12,1,15.696974278849627,58.86760554049236,0.0,0.0,0,None,0,108,126,LOW
2021-12-05,6,12,1,17.165608870706862,61.83682753408089,0.0,2.763866042840987,0,None,0,112,125,LOW
2021-12-06,0,12,0,15.212296856547665,64.56792313116625,0.0,27.15883182387059,0,None,0,107,124,LOW
2021-12-07,1,12,0,14.695305171022751,55.984105246598276,8.583817884567978,0.0,0,None,0,111,111,LOW
2021-12-08,2,12,0,16.827120385139438,67.46344284479761,0.0,0.0,0,None,0,106,106,LOW
2021-12-09,3,12,0,16.82967910437306,58.64438199478715,8.819060850010459,0.0,0,None,0,112,112,LOW
2021-12-10,4,12,0,15.325859611413355,59.89316352825782,0.0,10.73437809094472,0,None,0,111,136,MEDIUM
2021-12-11,5,12,1,15.397669350918969,56.263941604260886,3.629221923996937,13.906976091283173,0,None,0,111,136,MEDIUM
2021-12-12,6,12,1,16.803845836870888,47.87879869863529,8.385142905625592,0.0,0,None,0,110,127,LOW
2021-12-13,0,12,0,13.443577279160966,64.42022698180524,0.0,0.0,0,None,0,108,108,LOW
2021-12-14,1,12,0,13.524818413402503,63.684219485462165,0.7360074963430776,0.0,0,None,0,108,108,LOW
2021-12-15,2,12,0,14.902857519650743,58.593362214408934,5.090857271053231,0.0,0,None,0,110,110,LOW
2021-12-16,3,12,0,15.91285165873192,60.33495358612436,0.0,0.0,0,None,0,111,111,LOW
2021-12-17,4,12,0,16.961561093351623,62.5796960885205,0.0,0.0,0,None,0,118,118,LOW
2021-12-18,5,12,1,19.290458396054717,52.18727071556729,10.392425372953213,0.0,0,None,0,110,123,LOW
2021-12-19,6,12,1,18.055065208559654,57.35473661326853,0.0,0.0,0,None,0,110,126,LOW
2021-12-20,0,12,0,16.01986890222876,63.971323398109135,0.0,0.0,0,None,0,108,108,LOW
2021-12-21,1,12,0,16.301713546350236,53.72855288415376,10.242770513955378,31.714166818462235,0,None,1,114,180,HIGH
2021-12-22,2,12,0,14.334687232879997,61.46778966083315,0.0,0.0,0,None,0,114,114,LOW
2021-12-23,3,12,0,16.302719690170836,53.21709097688297,8.250698683950176,0.0,0,None,0,112,112,LOW
2021-12-24,4,12,0,15.762428684315339,62.33214991216763,0.0,0.0,0,None,0,112,112,LOW
2021-12-25,5,12,1,16.985183082831792,59.82179258851258,2.5103573236550503,0.0,0,None,0,112,120,LOW
2021-12-26,6,12,1,14.68528407505097,51.92434092047245,7.8974516680401265,0.0,0,None,0,109,124,LOW
2021-12-27,0,12,0,17.37843899063796,65.82369677228586,0.0,0.0,0,None,0,113,113,LOW
2021-12-28,1,12,0,19.405223788160768,56.32704211600976,9.4966546562761,0.0,0,None,0,114,114,LOW
2021-12-29,2,12,0,16.1222256652419,55.948737814928094,0.3783043010816627,0.0,0,None,0,109,109,LOW
2021-12-30,3,12,0,17.143169406353497,61.00284598615472,0.0,0.0,0,None,0,109,109,LOW
2021-12-31,4,12,0,17.72003394557784,65.74318674714358,0.0,0.0,0,None,0,117,117,LOW
2022-01-01,5,1,1,14.197559056228327,44.92089090510802,20.822295842035565,0.0,0,None,1,115,169,MEDIUM
2022-01-02,6,1,1,15.448184963620834,50.308399249239855,0.0,0.0,0,None,0,116,133,LOW
2022-01-03,0,1,0,15.02518480156359,52.14408250165287,0.0,0.0,0,None,0,106,106,LOW
2022-01-04,1,1,0,15.195352197097664,53.46552803631572,0.0,0.0,0,None,0,110,110,LOW
2022-01-05,2,1,0,13.453980432289066,50.882207776386124,2.583320259929593,0.0,0,None,0,106,106,LOW
2022-01-06,3,1,0,15.049020348517885,48.16486080458339,2.7173469718027334,0.0,0,None,0,113,113,LOW
2022-01-07,4,1,0,15.9959965824909,45.8620488967564,2.3028119078269924,0.0,0,None,1,107,140,MEDIUM
2022-01-08,5,1,1,17.902287215590082,50.43071941523188,0.0,0.0,0,None,0,108,125,LOW
2022-01-09,6,1,1,16.918541652170415,44.639304940071966,5.791414475159911,0.0,0,None,1,111,171,HIGH
2022-01-10,0,1,0,19.306364915023114,35.39324758252697,9.246057357544998,0.0,0,None,0,112,112,LOW
2022-01-11,1,1,0,13.4653048742239,52.18279902078834,0.0,0.0,0,None,0,112,112,LOW
2022-01-12,2,1,0,16.744641273441356,54.519674205430974,0.0,11.026542176830084,0,None,0,112,133,LOW
2022-01-13,3,1,0,15.366684011476703,38.185337822290805,16.33433638314017,0.0,0,None,1,109,149,MEDIUM
2022-01-14,4,1,0,19.379605866435345,44.95134647645031,0.0,0.0,0,None,1,112,143,MEDIUM
2022-01-15,5,1,1,13.383403429289697,53.09577130502599,0.0,0.0,0,None,0,107,130,MEDIUM
2022-01-16,6,1,1,13.320556315638449,60.2874773485585,0.0,0.0,0,None,0,105,122,LOW
2022-01-17,0,1,0,13.801214709111957,50.10396853837704,10.183508810181458,0.0,0,None,0,112,112,LOW
2022-01-18,1,1,0,10.752208551380386,46.35998529385433,3.7439832445227097,0.0,0,None,1,111,141,MEDIUM
2022-01-19,2,1,0,13.948489956638477,49.0855177944758,0.0,4.314688913951804,0,None,1,109,136,MEDIUM
2022-01-20,3,1,0,13.481734676892604,56.87438209574093,0.0,0.0,0,None,0,112,112,LOW
2022-01-21,4,1,0,15.300787572952416,46.77017910437732,10.104202991363607,0.0,0,None,1,112,161,MEDIUM
2022-01-22,5,1,1,15.683511951554319,46.004039966748735,0.7661391376285849,0.0,0,None,0,108,119,LOW
2022-01-23,6,1,1,18.752341678431772,47.58628238908984,0.0,0.0,0,None,1,110,148,MEDIUM
2022-01-24,0,1,0,16.900847676372102,45.23335695870644,2.352925430383401,0.0,0,None,0,110,110,LOW
2022-01-25,1,1,0,13.846192688675194,50.61335157997398,0.0,0.0,0,None,0,116,116,LOW
2022-01-26,2,1,0,13.203170657303284,58.1233922923478,0.0,0.0,0,None,0,111,111,LOW
2022-01-27,3,1,0,15.983838343013012,51.615396365580146,6.507995926767656,0.0,0,None,0,107,107,LOW
2022-01-28,4,1,0,12.359533585958715,48.73823248936856,2.8771638762115828,0.0,0,None,1,111,141,MEDIUM
2022-01-29,5,1,1,18.662917531708707,48.54094365542228,0.19728883394628127,0.0,0,None,1,106,139,MEDIUM
2022-01-30,6,1,1,17.358880241442574,42.18404595651671,6.35689769890557,0.0,0,None,1,108,183,HIGH
2022-01-31,0,1,0,14.061648695790591,54.415548885735795,0.0,0.0,0,None,0,108,108,LOW
2022-02-01,1,2,0,12.913476903973855,42.29030593924721,12.125242946488584,0.0,0,None,0,114,114,LOW
2022-02-02,2,2,0,19.047490710486436,41.7770923563581,0.5132135828891151,0.0,0,None,0,103,103,LOW
2022-02-03,3,2,0,16.110666271650373,58.645029763535526,0.0,0.0,0,None,0,109,109,LOW
2022-02-04,4,2,0,18.815378586102533,44.173256466139655,14.47177329739587,0.0,0,None,1,110,158,MEDIUM
2022-02-05,5,2,1,13.150890644566877,38.9205366738353,5.2527197923043545,0.0,0,None,0,111,126,LOW
2022-02-06,6,2,1,15.140995916248066,40.54770394328351,0.0,0.0,0,None,1,109,144,MEDIUM
2022-02-07,0,2,0,16.35023336159198,48.421720470295,0.0,38.0161307566645,0,None,1,112,153,MEDIUM
2022-02-08,1,2,0,16.433707149685095,43.24584397700004,5.1758764932949575,0.0,0,None,0,108,108,LOW
2022-02-09,2,2,0,15.439615019197124,35.488102032724385,7.757741944275658,0.0,0,None,0,105,105,LOW
2022-02-10,3,2,0,17.58544582685061,47.27563659718724,0.0,0.0,0,None,0,109,109,LOW
2022-02-11,4,2,0,14.204505103390423,39.33877149661625,7.936865100570984,8.137199241947336,0,None,0,114,114,LOW
2022-02-12,5,2,1,16.054986992113022,52.04598080539895,0.0,0.0,0,None,0,110,124,LOW
2022-02-13,6,2,1,16.58033722557941,48.07973225288446,3.966248552514486,0.0,0,None,0,112,123,LOW
2022-02-14,0,2,0,17.36862363027311,40.442882446017464,7.636849806866998,0.0,0,None,1,114,159,MEDIUM
2022-02-15,1,2,0,17.76297571833339,49.08457373298678,0.0,0.0,0,None,1,109,129,LOW
2022-02-16,2,2,0,14.090461778479872,43.018769476948236,6.065804256038547,0.0,0,None,0,110,110,LOW
2022-02-17,3,2,0,13.271517620684367,46.94336029992232,0.0,2.7555003182230173,0,None,0,111,111,LOW
2022-02-18,4,2,0,18.89509960595263,45.10315601078359,1.8402042891387254,0.0,0,None,0,110,110,LOW
2022-02-19,5,2,1,17.004373986114793,38.447708649356855,6.655447361426738,0.0,0,None,1,108,159,MEDIUM
2022-02-20,6,2,1,14.842772889042504,39.461742762723915,0.0,19.311902629218295,0,None,1,109,160,MEDIUM
2022-02-21,0,2,0,19.442049913200655,47.82929601221703,0.0,0.0,0,None,0,107,107,LOW
2022-02-22,1,2,0,16.571095230741328,41.005615263778516,6.8236807484385125,0.0,0,None,0,107,107,LOW
2022-02-23,2,2,0,18.698340330283266,40.66124960810124,0.3443656556772794,0.0,0,None,1,107,131,MEDIUM
2022-02-24,3,2,0,16.47478292497583,37.90387902756446,2.7573705805367794,0.0,0,None,1,111,135,MEDIUM
2022-02-25,4,2,0,20.461241811919585,44.79748725227853,0.0,0.0,0,None,0,120,120,LOW
2022-02-26,5,2,1,19.850427647042018,52.99211652052695,0.0,0.0,0,None,0,108,121,LOW
2022-02-27,6,2,1,15.841817665197464,37.34182735303986,15.650289167487088,0.0,0,None,0,115,131,LOW
2022-02-28,0,2,0,18.28288786406432,42.80058920767501,0.0,0.0,0,None,0,110,110,LOW
2022-03-01,1,3,0,21.290751899170296,47.061102777077146,0.0,0.0,0,None,0,109,109,LOW
2022-03-02,2,3,0,22.737263115064696,39.60179304377142,7.459309733305723,0.0,0,None,0,103,103,LOW
2022-03-03,3,3,0,18.07015307883979,42.26185898124867,0.0,77.58929319587102,0,None,0,110,126,LOW
2022-03-04,4,3,0,21.372102919996877,34.688032359265605,7.573826621983066,0.0,0,None,0,115,115,LOW
2022-03-05,5,3,1,22.116848973699177,42.141535486038244,0.0,0.8300036524523778,0,None,0,113,132,LOW
2022-03-06,6,3,1,16.482521027153773,39.06427867497726,3.077256811060984,0.0,0,None,1,109,160,MEDIUM
2022-03-07,0,3,0,17.63348297466845,44.928649978399314,0.0,0.0,0,None,0,109,109,LOW
2022-03-08,1,3,0,15.9215356444798,45.936930257823754,0.0,0.0,0,None,1,110,135,MEDIUM
2022-03-09,2,3,0,19.461186331110884,52.94781821009307,0.0,0.0,0,None,0,109,109,LOW
2022-03-10,3,3,0,21.435084511591924,42.89816586606788,10.04965234402519,0.0,0,None,0,110,110,LOW
2022-03-11,4,3,0,23.004714104192058,41.62898158291083,1.2691842831570455,0.0,0,None,0,114,114,LOW
2022-03-12,5,3,1,20.14818956083955,40.97192150788668,0.6570600750241553,0.0,0,None,0,107,122,LOW
2022-03-13,6,3,1,23.257231091142582,38.23416853594656,2.737752971940118,0.0,0,None,0,113,127,LOW
2022-03-14,0,3,0,17.239797083570217,41.692419217308455,0.0,0.0,0,None,0,113,113,LOW
2022-03-15,1,3,0,16.59323512128969,38.52299294930485,3.1694262680036047,0.0,0,None,1,110,133,MEDIUM
2022-03-16,2,3,0,19.88890460220676,40.84230488134807,0.0,0.0,0,None,1,109,146,MEDIUM
2022-03-17,3,3,0,20.768130897878613,46.587987678039795,0.0,0.0,0,None,0,103,103,LOW
2022-03-18,4,3,0,19.934610503811815,34.9672871736018,11.620700504437998,0.0,0,None,1,107,147,MEDIUM
2022-03-19,5,3,1,15.865115799920247,45.699392805645225,0.0,0.0,0,None,0,106,116,LOW
2022-03-20,6,3,1,19.821759920974422,46.58557533669933,0.0,0.0,0,None,0,109,130,LOW
2022-03-21,0,3,0,17.391060998990294,39.40965736504461,7.1759179716547195,0.0,0,None,1,112,169,HIGH
2022-03-22,1,3,0,21.339345097660075,29.390725504957025,10.018931860087584,0.0,0,None,1,113,156,MEDIUM
2022-03-23,2,3,0,20.733196492193695,36.96089006452784,0.0,0.0,0,None,0,108,108,LOW
2022-03-24,3,3,0,18.12024042734529,46.484972732805545,0.0,0.0,0,None,0,106,106,LOW
2022-03-25,4,3,0,18.972266165326612,39.88565968850559,6.599313044299954,0.0,0,None,1,111,156,MEDIUM
2022-03-26,5,3,1,17.881572956222097,35.00348883852545,4.882170849980142,0.0,0,None,0,110,126,LOW
2022-03-27,6,3,1,19.874641805453656,37.476125393858915,0.0,0.0,0,None,0,106,120,LOW
2022-03-28,0,3,0,21.910284641002477,44.20310013252276,0.0,0.0,0,None,0,106,106,LOW
2022-03-29,1,3,0,18.028547907328914,42.7336678410069,1.469432291515865,0.0,0,None,1,104,130,MEDIUM
2022-03-30,2,3,0,21.00809303103569,38.805339504151526,3.9283283368553725,0.0,0,None,0,110,110,LOW
2022-03-31,3,3,0,18.93948476325512,38.16587794092656,0.6394615632249625,0.0,1,Ugadi,1,114,174,HIGH
2022-04-01,4,4,0,23.414254335475313,40.72070117909212,0.0,0.0,1,Ugadi,0,108,136,MEDIUM
2022-04-02,5,4,1,24.785939280090883,38.067441001818715,2.6532601772734026,0.0,1,Ugadi,0,110,150,MEDIUM
2022-04-03,6,4,1,22.92951535516125,50.756370371658434,0.0,0.0,0,None,0,111,122,LOW
2022-04-04,0,4,0,23.892701389305635,41.06788957825453,9.688480793403905,0.0,0,None,0,115,115,LOW
2022-04-05,1,4,0,22.6042442148223,48.76528452843871,0.0,0.0,0,None,0,112,112,LOW
2022-04-06,2,4,0,28.929450265832777,50.28607218392349,0.0,0.0,0,None,0,107,107,LOW
2022-04-07,3,4,0,25.07052710394346,47.67104641505103,2.6150257688724565,0.0,0,None,0,107,107,LOW
2022-04-08,4,4,0,23.60054898401483,40.521390360720986,7.149656054330045,0.0,0,None,0,109,109,LOW
2022-04-09,5,4,1,25.427959821468445,44.69814237599428,0.0,0.0,0,None,0,107,123,LOW
2022-04-10,6,4,1,24.775343900618342,42.55851389235665,2.1396284836376296,0.0,0,None,0,108,120,LOW
2022-04-11,0,4,0,24.558060800933553,38.16098262066059,4.39753127169606,0.0,0,None,0,108,108,LOW
2022-04-12,1,4,0,26.22833340008685,44.30128833291924,0.0,0.0,0,None,0,109,109,LOW
2022-04-13,2,4,0,26.51501542009461,36.78429296851222,7.516995364407023,0.0,0,None,0,112,112,LOW
2022-04-14,3,4,0,23.938997704778945,48.61788886661905,0.0,0.0,0,None,0,115,115,LOW
2022-04-15,4,4,0,23.84836351871064,40.35640543781926,8.261483428799785,0.0,0,None,0,109,109,LOW
2022-04-16,5,4,1,24.44989660569671,43.68529020367543,0.0,0.0,0,None,0,107,121,LOW
2022-04-17,6,4,1,20.39615767052883,44.09593128204194,0.0,0.0,0,None,0,109,126,LOW
2022-04-18,0,4,0,21.969617875602896,41.384967055790845,2.710964226251093,0.0,0,None,0,107,107,LOW
2022-04-19,1,4,0,27.73374853488905,45.6129609316876,0.0,1.6941832079464652,0,None,0,113,113,LOW
2022-04-20,2,4,0,28.28993542700257,40.30497364119861,5.307987290488995,0.0,0,None,0,111,111,LOW
2022-04-21,3,4,0,24.501927920887244,47.03597841159745,0.0,0.0,0,None,0,115,115,LOW
2022-04-22,4,4,0,26.153113926111534,35.94959352307749,11.086384888519959,0.0,0,None,1,109,156,MEDIUM
2022-04-23,5,4,1,25.622500309087073,43.31138982204329,0.0,0.0,0,None,0,109,123,LOW
2022-04-24,6,4,1,31.157761616910477,52.37413691960265,0.0,0.0,0,None,0,107,130,MEDIUM
2022-04-25,0,4,0,27.23914982286915,37.67783530128335,14.696301618319296,0.0,0,None,1,113,162,MEDIUM
2022-04-26,1,4,0,24.744164817038467,39.29076707168697,0.0,0.0,0,None,0,111,111,LOW
2022-04-27,2,4,0,23.088919118799147,45.249031172605804,0.0,0.0,0,None,0,105,105,LOW
2022-04-28,3,4,0,21.787107359484857,43.57740083400922,1.6716303385965858,0.0,0,None,0,114,114,LOW
2022-04-29,4,4,0,25.406927271734446,44.432642420679024,0.0,0.0,0,None,0,108,108,LOW
2022-04-30,5,4,1,23.487298509431394,45.12542757504955,0.0,0.0,0,None,0,112,124,LOW
2022-05-01,6,5,1,27.15549258080465,53.17360734280885,0.0,0.0,0,None,0,105,125,LOW
2022-05-02,0,5,0,28.706854231514946,55.54849920978111,0.0,0.0,0,None,0,106,106,LOW
2022-05-03,1,5,0,27.83690399277121,52.04909328464257,3.4994059251385465,0.0,0,None,0,109,109,LOW
2022-05-04,2,5,0,33.37428327014513,48.79371172690729,3.2553815577352765,0.0,0,None,0,107,107,LOW
2022-05-05,3,5,0,31.7632795138989,53.362868506013655,0.0,0.0,0,None,0,110,110,LOW
2022-05-06,4,5,0,29.984054717366764,59.49940967447608,0.0,46.66653794492822,0,None,0,108,129,LOW
2022-05-07,5,5,1,32.95988827778005,49.33683126808713,10.162578406388945,0.0,0,None,0,111,135,MEDIUM
2022-05-08,6,5,1,30.154736615295235,45.12735347664679,4.209477791440342,0.0,0,None,0,109,122,LOW
2022-05-09,0,5,0,28.277431597343472,55.53540334643486,0.0,0.0,0,None,0,107,107,LOW
2022-05-10,1,5,0,33.04624815453931,49.39809418023201,6.137309166202854,0.0,0,None,0,111,111,LOW
2022-05-11,2,5,0,31.077820087369318,39.13665226992982,10.261441910302189,0.0,0,None,0,110,110,LOW
2022-05-12,3,5,0,27.925507691347086,54.23710838575211,0.0,0.0,0,None,0,106,106,LOW
2022-05-13,4,5,0,29.619322643832785,47.32335907023039,6.91374931552172,0.0,0,None,0,112,112,LOW
2022-05-14,5,5,1,28.248763493230484,49.5473335884792,0.0,0.0,0,None,0,109,118,LOW
2022-05-15,6,5,1,27.234400538071327,51.65990165284507,0.0,0.0,0,None,0,115,124,LOW
2022-05-16,0,5,0,31.85235509506328,50.95249839889533,0.7074032539497423,0.0,0,None,0,107,107,LOW
2022-05-17,1,5,0,33.81883328094026,53.547259085695195,0.0,0.0,0,None,0,111,111,LOW
2022-05-18,2,5,0,27.202864852361717,47.82256814715078,5.724690938544413,0.0,0,None,0,111,111,LOW
2022-05-19,3,5,0,31.12593847338114,52.565528990880416,0.0,0.0,0,None,0,110,110,LOW
2022-05-20,4,5,0,28.698714861756347,48.702266612080415,3.863262378800002,0.0,0,None,0,113,113,LOW
2022-05-21,5,5,1,29.02574923247061,53.694052404437514,0.0,0.0,0,None,0,112,125,LOW
2022-05-22,6,5,1,28.81521215152226,53.07683742006527,0.6172149843722465,0.0,0,None,0,108,126,LOW
2022-05-23,0,5,0,28.272018460640368,45.32280648977702,7.754030930288245,0.0,0,None,0,107,107,LOW
2022-05-24,1,5,0,30.097043255889655,55.42991058087516,0.0,2.6131538780803627,0,None,0,110,110,LOW
2022-05-25,2,5,0,28.338099767177923,47.32018277442976,8.109727806445399,17.62818878320317,0,None,0,111,133,LOW
2022-05-26,3,5,0,30.540913651559677,54.040288991405724,0.0,0.0,0,None,0,111,111,LOW
2022-05-27,4,5,0,29.899523781101728,51.8364365670067,2.203852424399024,0.0,0,None,0,107,107,LOW
2022-05-28,5,5,1,29.52210390626718,59.190918383975614,0.0,0.0,0,None,0,109,117,LOW
2022-05-29,6,5,1,28.184872675916804,48.88267008814074,10.308248295834872,0.0,0,None,1,104,165,HIGH
2022-05-30,0,5,0,28.846457338863335,48.25341601940901,0.6292540687317327,0.0,0,None,0,118,118,LOW
2022-05-31,1,5,0,31.51078245165151,49.90290197056134,0.0,0.0,0,None,0,108,108,LOW
2022-06-01,2,6,0,34.66208841309315,58.48410108582862,0.0,2.540012577960896,0,None,0,112,112,LOW
2022-06-02,3,6,0,31.705143548247285,63.99970950971025,0.0,0.0,0,None,0,115,115,LOW
2022-06-03,4,6,0,33.85891864870284,51.91844695781706,12.08126255189319,0.0,0,None,1,107,141,MEDIUM
2022-06-04,5,6,1,35.163028284587966,54.73158790426823,0.0,7.106878177265151,0,None,0,113,131,LOW
2022-06-05,6,6,1,30.321443475601647,54.66098539210404,0.07060251216419289,0.0,0,None,0,116,132,LOW
2022-06-06,0,6,0,34.74697442260426,64.75153795986787,0.0,0.6093839484538506,0,None,0,107,107,LOW
2022-06-07,1,6,0,32.33500651995269,68.55306686290963,0.0,4.802833085655713,0,None,0,109,109,LOW
2022-06-08,2,6,0,34.80145137503071,59.47775390731264,9.075312955596992,0.0,0,None,0,106,106,LOW
2022-06-09,3,6,0,32.133735724759354,59.155891384049944,0.3218625232626948,46.06738232622213,0,None,0,110,122,LOW
2022-06-10,4,6,0,30.05048983651535,60.35026081556591,0.0,6.515541350898045,0,None,0,109,109,LOW
2022-06-11,5,6,1,30.405169162078064,65.80939151304095,0.0,0.6608475007863343,0,None,0,112,132,LOW
2022-06-12,6,6,1,33.756423931167156,55.36323432904713,10.446157183993819,0.0,0,None,0,107,123,LOW
2022-06-13,0,6,0,34.17969904128735,61.191844913673926,0.0,0.0,0,None,0,113,113,LOW
2022-06-14,1,6,0,31.85162078763557,64.87598814891214,0.0,0.0,0,None,0,108,108,LOW
2022-06-15,2,6,0,34.93743895539914,62.50547084969923,2.3705172992129135,0.0,0,None,0,108,108,LOW
2022-06-16,3,6,0,30.33721391330647,60.94790808299372,1.5575627667055087,21.628110983232418,0,None,0,112,127,LOW
2022-06-17,4,6,0,33.52809444054976,65.00523046283571,0.0,1.7258192695789392,0,None,0,105,105,LOW
2022-06-18,5,6,1,31.238221638319477,46.48383853500381,18.5213919278319,59.65448603673032,0,None,0,106,140,MEDIUM
2022-06-19,6,6,1,32.356581822240074,63.38937659765454,0.0,7.209696935754498,0,None,0,106,120,LOW
2022-06-20,0,6,0,33.75505138047722,56.72962158436288,6.659755013291658,22.39046723334388,0,None,0,116,136,LOW
2022-06-21,1,6,0,31.939427307276485,50.846835515717714,5.882786068645167,0.0,0,None,0,109,109,LOW
2022-06-22,2,6,0,32.89114294938474,62.556012997624904,0.0,14.81957558193115,0,None,0,109,129,LOW
2022-06-23,3,6,0,35.67283965627327,66.86829272581478,0.0,3.198196912735003,0,None,0,107,107,LOW
2022-06-24,4,6,0,32.50647029879809,59.31275742686154,7.555535298953245,2.3677304738456315,0,None,0,108,108,LOW
2022-06-25,5,6,1,35.331638261974675,64.76437273601469,0.0,41.72483907861588,0,None,0,108,145,MEDIUM
2022-06-26,6,6,1,31.400840328529153,68.06139128994323,0.0,0.0,0,None,0,104,118,LOW
2022-06-27,0,6,0,34.71986239367495,66.57457226792023,1.486819022022999,32.767890126690936,0,None,0,109,132,MEDIUM
2022-06-28,1,6,0,36.54339127916019,68.19982264685697,0.0,14.729786829783526,0,None,0,107,135,MEDIUM
2022-06-29,2,6,0,28.71696503758981,63.71063745535946,4.489185191497512,0.0,0,None,0,104,104,LOW
2022-06-30,3,6,0,32.06646352690343,60.377168194507966,3.333469260851494,1.0730351541064487,0,None,0,106,106,LOW
2022-07-01,4,7,0,36.15414425436108,61.99017094051416,0.0,6.114765875903643,0,None,0,113,113,LOW
2022-07-02,5,7,1,34.59390922791401,68.76968755935026,0.0,5.6466747318955575,0,None,0,110,124,LOW
2022-07-03,6,7,1,35.742291746742616,65.78376702341905,2.985920535931214,15.144412432730162,0,None,0,110,138,MEDIUM
2022-07-04,0,7,0,33.79202962656836,80.85471358748907,0.0,0.0,0,None,0,108,108,LOW
2022-07-05,1,7,0,35.1731795749458,69.12057093783832,11.73414264965075,0.0,0,None,0,107,107,LOW
2022-07-06,2,7,0,34.68864552921584,70.61602403392243,0.0,13.612457956693618,0,None,0,115,133,LOW
2022-07-07,3,7,0,37.335564123319614,72.75742688020233,0.0,0.0,0,None,0,110,110,LOW
2022-07-08,4,7,0,35.50884168660242,70.21801223186228,2.539414648340056,7.22200006074335,0,None,0,106,106,LOW
2022-07-09,5,7,1,35.675205324150404,78.47525520215376,0.0,2.1280978778698696,0,None,0,110,123,LOW
2022-07-10,6,7,1,34.176246067755066,66.88675319132774,11.58850201082602,3.285185147384038,0,None,0,109,122,LOW
2022-07-11,0,7,0,34.02478755185501,70.97303727618622,0.0,4.066963138206526,0,None,0,111,111,LOW
2022-07-12,1,7,0,34.13488362436076,66.28764707150975,4.685390204676466,5.347929883752252,0,None,0,110,110,LOW
2022-07-13,2,7,0,35.78890428475659,63.399887443896475,2.8877596276132778,0.0,0,None,0,113,113,LOW
2022-07-14,3,7,0,34.158031038359475,66.94115454547358,0.0,0.0,0,None,0,106,106,LOW
2022-07-15,4,7,0,35.57954971379283,69.81481601475794,0.0,17.86485471917134,0,None,0,112,132,LOW
2022-07-16,5,7,1,39.15080159729088,67.8534888774137,1.9613271373442416,6.753061724175152,0,None,0,109,124,LOW
2022-07-17,6,7,1,36.74224940686339,66.53789510063072,1.3155937767829755,26.05886913662927,0,None,0,112,149,MEDIUM
2022-07-18,0,7,0,34.34795293566432,62.96841268164083,3.5694824189898924,3.423993394234305,0,None,0,121,121,LOW
2022-07-19,1,7,0,37.40242784432789,69.58447213685653,0.0,9.496049970104714,0,None,0,111,111,LOW
2022-07-20,2,7,0,34.1838492539569,62.47639812984499,7.108074007011545,24.212138545595195,0,None,0,114,137,MEDIUM
2022-07-21,3,7,0,30.923750929644292,73.80027981844802,0.0,0.0,0,None,0,113,113,LOW
2022-07-22,4,7,0,32.983827378165195,70.41219876467251,3.388081053775508,1.7457003494558667,0,None,0,107,107,LOW
2022-07-23,5,7,1,31.25841615794829,62.712242502675345,7.6999562619971655,32.27166563832966,0,None,0,109,147,MEDIUM
2022-07-24,6,7,1,34.29697303191738,68.45395461475069,0.0,6.299463120339989,0,None,0,112,121,LOW
2022-07-25,0,7,0,35.0368367583791,66.23921797204709,2.214736642703599,17.274032290621374,0,None,0,105,125,LOW
2022-07-26,1,7,0,38.352874624550566,71.5958725520959,0.0,0.3851312212916661,0,None,0,111,111,LOW
2022-07-27,2,7,0,35.65385474752833,76.70225223011572,0.0,0.0,0,None,0,112,112,LOW
2022-07-28,3,7,0,34.561798942382275,60.62413765177128,16.07811457834444,5.699182329399436,0,None,0,109,109,LOW
2022-07-29,4,7,0,36.65881116236698,70.57513039573709,0.0,0.0,0,None,0,108,108,LOW
2022-07-30,5,7,1,30.57772938198423,69.1993360221668,1.3757943735702867,14.11692834711495,0,None,0,114,155,MEDIUM
2022-07-31,6,7,1,35.47122911621713,73.35670038225233,0.0,4.132425872084296,0,None,0,112,126,LOW
2022-08-01,0,8,0,35.20198442561832,78.3864912168772,0.0,7.336139134724254,0,None,0,107,107,LOW
2022-08-02,1,8,0,30.703081546284707,73.56066141699466,4.825829799882541,0.0,0,None,0,111,111,LOW
2022-08-03,2,8,0,35.94776212425825,75.72523839735567,0.0,2.387807016650208,0,None,0,113,113,LOW
2022-08-04,3,8,0,34.33724685283322,73.34037879167131,2.3848596056843547,0.0,0,None,0,107,107,LOW
2022-08-05,4,8,0,32.829678210042786,82.70054376868175,0.0,1.4106964393450154,0,None,0,107,107,LOW
2022-08-06,5,8,1,34.92581777005696,77.42706631904848,5.273477449633276,0.0,0,None,0,107,121,LOW
2022-08-07,6,8,1,38.20163975345318,86.8264615044538,0.0,0.09098100888581014,0,None,0,108,122,LOW
2022-08-08,0,8,0,34.02398654796138,77.01720400661566,9.809257497838146,0.0,0,None,0,110,110,LOW
2022-08-09,1,8,0,34.15669521044506,73.77847424113645,3.2387297654792064,1.9729573615960263,0,None,0,108,108,LOW
2022-08-10,2,8,0,32.7415322387639,69.75193611262463,4.026538128511817,0.0,0,None,0,111,111,LOW
2022-08-11,3,8,0,31.960565298914805,68.30480969440904,1.4471264182155892,39.06743058393917,0,None,0,108,123,LOW
2022-08-12,4,8,0,35.32092567093288,69.39982836066132,0.0,2.645591250186083,0,None,0,110,110,LOW
2022-08-13,5,8,1,31.948086386026656,78.65614133074618,0.0,50.64712654096988,0,None,0,112,144,MEDIUM
2022-08-14,6,8,1,33.803386512283176,79.86413319183843,0.0,0.0,0,None,0,109,119,LOW
2022-08-15,0,8,0,32.70493914431415,69.41455456552809,10.449578626310341,20.29673034735312,0,None,1,113,173,HIGH
2022-08-16,1,8,0,34.618213689337175,81.79569964606934,0.0,0.0,0,None,0,110,110,LOW
2022-08-17,2,8,0,34.327578248418284,74.90520281727157,6.890496828797765,32.37450883990935,0,None,0,111,126,LOW
2022-08-18,3,8,0,35.735333926360184,78.0544731356165,0.0,12.111318073291843,0,None,0,109,123,LOW
2022-08-19,4,8,0,32.64022124013489,85.3816112169659,0.0,11.471556098855373,0,None,0,110,119,LOW
2022-08-20,5,8,1,33.12050416725765,81.80470465501642,3.576906561949471,0.0,0,None,0,110,118,LOW
2022-08-21,6,8,1,31.702726606279775,75.97785483615961,5.8268498188568145,0.0,0,None,0,111,129,LOW
2022-08-22,0,8,0,32.771667517692165,72.86454694861233,3.113307887547279,0.0,0,None,0,110,110,LOW
2022-08-23,1,8,0,34.414855023934095,66.56143106904224,6.303115879570086,5.958842878799679,0,None,0,108,108,LOW
2022-08-24,2,8,0,35.17423127113509,73.72474147947666,0.0,0.0,0,None,0,110,110,LOW
2022-08-25,3,8,0,31.81592338948914,76.26485688155029,0.0,0.0,0,None,0,106,106,LOW
2022-08-26,4,8,0,35.39946587805571,72.38461043993284,3.8802464416174445,6.206016427829487,0,None,0,109,109,LOW
2022-08-27,5,8,1,36.37152975545429,76.66422324022724,0.0,0.0,0,None,0,113,128,LOW
2022-08-28,6,8,1,34.487123844291794,77.70476749048261,0.0,0.0,0,None,0,113,127,LOW
2022-08-29,0,8,0,37.41384566296052,76.19622816664837,1.508539323834242,0.0,0,None,0,105,105,LOW
2022-08-30,1,8,0,32.112675639637246,74.07049517157147,2.125732995076902,0.0,0,None,0,109,109,LOW
2022-08-31,2,8,0,31.170944631221555,78.1637814355224,0.0,0.7631782063615259,0,None,0,112,112,LOW
2022-09-01,3,9,0,26.442559502191447,82.20970324784705,0.0,4.457154223943803,0,None,0,109,109,LOW
2022-09-02,4,9,0,32.99208862297837,74.54800461278577,7.661698635061271,0.0,0,None,0,107,107,LOW
2022-09-03,5,9,1,31.30873131270812,87.05466189873135,0.0,3.8617270219507924,0,None,0,109,129,LOW
2022-09-04,6,9,1,29.888830658179092,79.50705933857869,7.547602560152669,0.0,0,None,0,106,118,LOW
2022-09-05,0,9,0,30.559937252639646,80.09424811472424,0.0,0.0,0,None,0,114,114,LOW
2022-09-06,1,9,0,27.74902190540325,83.54107211628279,0.0,0.0,0,None,0,108,108,LOW
2022-09-07,2,9,0,34.89150395923366,81.1660806563175,2.374991459965287,0.0,0,None,0,105,105,LOW
2022-09-08,3,9,0,30.258442363950458,84.76568316956623,0.0,48.87623436751321,0,None,0,112,132,LOW
2022-09-09,4,9,0,30.218789589209788,81.43562082600913,3.3300623435571026,8.827819706701632,0,None,0,109,109,LOW
2022-09-10,5,9,1,31.451533247797386,76.9378131267978,4.497807699211322,10.072206155794012,0,None,0,117,150,MEDIUM
2022-09-11,6,9,1,30.96201846347343,81.8075176260305,0.0,6.49986612135569,0,None,0,116,126,LOW
2022-09-12,0,9,0,30.447768048558267,74.28136896339669,7.526148662633815,36.04411777743217,0,None,0,110,130,LOW
2022-09-13,1,9,0,28.41905108910938,80.54279852888261,0.0,12.623158607445886,0,None,0,107,128,LOW
2022-09-14,2,9,0,30.942936714271994,79.8338500467777,0.7089484821049155,0.0,0,None,0,107,107,LOW
2022-09-15,3,9,0,33.76404899295007,78.9594157136373,0.8744343331403996,0.0,0,None,0,109,109,LOW
2022-09-16,4,9,0,32.69084009230996,79.35731244280535,0.0,6.274814315862481,0,None,0,109,109,LOW
2022-09-17,5,9,1,33.186373253278795,70.5907547725118,8.766557670293551,8.52931943824694,0,None,0,111,132,LOW
2022-09-18,6,9,1,28.977568647137634,77.25637546129519,0.0,0.0,0,None,0,106,125,LOW
2022-09-19,0,9,0,28.02079035948284,80.46422450570557,0.0,6.770798547469889,0,None,0,107,107,LOW
2022-09-20,1,9,0,29.748426159800708,80.799281959987,0.0,23.693464104041027,0,None,0,108,133,MEDIUM
2022-09-21,2,9,0,30.11144982457739,74.8616242953702,5.937657664616793,42.451315765275815,0,None,0,106,120,LOW
2022-09-22,3,9,0,32.1883830369419,86.3285392043235,0.0,14.641023990488412,0,None,0,111,124,LOW
2022-09-23,4,9,0,26.615070740570363,75.66912575892749,10.659413445396012,20.300281713658926,0,None,0,107,121,LOW
2022-09-24,5,9,1,33.05910063892123,84.84728600263368,0.0,0.0,0,None,0,109,123,LOW
2022-09-25,6,9,1,29.683984202842026,82.13597180935842,2.711314193275257,27.968789911774465,0,None,0,107,130,MEDIUM
2022-09-26,0,9,0,29.146237860105163,76.76886345078098,5.36710835857744,7.539224798768116,0,None,0,109,109,LOW
2022-09-27,1,9,0,27.97579124947967,88.87655446304755,0.0,0.7893620488902549,0,None,0,112,112,LOW
2022-09-28,2,9,0,26.690286656268466,74.0318158412176,14.844738621829961,7.7093646322028455,0,None,0,114,114,LOW
2022-09-29,3,9,0,31.646341167923833,84.59577086805001,0.0,0.0,0,None,0,113,113,LOW
2022-09-30,4,9,0,30.14663593437681,85.0029115902149,0.0,0.0,0,None,0,106,106,LOW
2022-10-01,5,10,1,22.420078200517892,73.96740703030555,11.035504559909342,0.0,0,None,0,115,123,LOW
2022-10-02,6,10,1,22.409842455872766,84.28283457601042,0.0,0.0,0,None,0,107,122,LOW
2022-10-03,0,10,0,24.328430601419743,76.07027550269402,8.212559073316399,15.107357815455536,0,None,0,110,131,LOW
2022-10-04,1,10,0,28.338043050578786,78.76397622208806,0.0,0.0,0,None,0,108,108,LOW
2022-10-05,2,10,0,24.48081729727279,78.62211726954489,0.14185895254317415,0.0,0,None,0,112,112,LOW
2022-10-06,3,10,0,21.99371409376379,76.64896436833604,1.9731529012088487,0.0,0,None,0,111,111,LOW
2022-10-07,4,10,0,24.50851387182811,81.37454944148769,0.0,0.0,0,None,0,117,117,LOW
2022-10-08,5,10,1,24.45455286050466,81.28795167844984,0.08659776303784383,0.0,0,None,0,116,135,LOW
2022-10-09,6,10,1,19.606226714116858,68.57784820949787,12.71010346895197,0.0,0,None,1,113,173,HIGH
2022-10-10,0,10,0,24.891410266964375,83.84220929007954,0.0,0.0,0,None,0,110,110,LOW
2022-10-11,1,10,0,24.538130939582643,69.0080481355104,14.83416115456913,0.0,1,Dasara,0,107,135,MEDIUM
2022-10-12,2,10,0,26.392412729626837,82.48323909739706,0.0,0.0,1,Dasara,0,106,143,MEDIUM
2022-10-13,3,10,0,28.69791218989069,82.9540337598267,0.0,0.0,1,Dasara,0,116,146,MEDIUM
2022-10-14,4,10,0,27.253130059095515,71.86567592461279,11.088357835213912,47.24543595255778,1,Dasara,1,110,229,HIGH
2022-10-15,5,10,1,24.46222261889034,75.26643663591585,0.0,0.0,1,Dasara,0,108,152,MEDIUM
2022-10-16,6,10,1,22.78694818251666,71.7919847332591,3.474451902656753,0.0,0,None,0,108,127,LOW
2022-10-17,0,10,0,30.146719606499722,76.2459029242451,0.0,0.0,0,None,0,120,120,LOW
2022-10-18,1,10,0,25.118436868028976,75.78033665476008,0.46556626948502355,0.0,0,None,0,112,112,LOW
2022-10-19,2,10,0,25.027858583825893,81.21881073703548,0.0,0.0,0,None,0,108,108,LOW
2022-10-20,3,10,0,24.951749825779995,83.87205180628682,0.0,0.0,0,None,0,111,111,LOW
2022-10-21,4,10,0,25.39616952153571,84.29892712963856,0.0,0.0,0,None,0,112,112,LOW
2022-10-22,5,10,1,24.711279176152114,74.50966794279726,9.789259186841292,0.0,0,None,0,116,128,LOW
2022-10-23,6,10,1,23.85267598623953,76.27439870696614,0.0,0.0,0,None,0,114,129,LOW
2022-10-24,0,10,0,23.906282117519215,68.90331711458403,7.371081592382112,0.0,0,None,0,109,109,LOW
2022-10-25,1,10,0,24.934493459568003,73.29115774320783,0.0,0.0,0,None,0,109,109,LOW
2022-10-26,2,10,0,23.91315045773247,82.14476624117607,0.0,0.0,0,None,0,113,113,LOW
2022-10-27,3,10,0,23.574308434645673,85.39842219342994,0.0,0.0,0,None,0,108,108,LOW
2022-10-28,4,10,0,25.212860455383794,71.14876371628917,14.24965847714077,0.0,0,None,0,115,115,LOW
2022-10-29,5,10,1,24.49004556515829,74.35818677992431,0.0,0.0,0,None,0,114,123,LOW
2022-10-30,6,10,1,28.007985977165376,77.18847929089414,0.0,0.0,0,None,0,112,127,LOW
2022-10-31,0,10,0,19.698060383213978,78.72131386978681,0.0,0.0,0,None,0,110,110,LOW
2022-11-01,1,11,0,22.183013703844924,65.95198240039177,12.769331469395041,0.0,1,Rajyotsava,1,109,181,HIGH
2022-11-02,2,11,0,22.49217038499526,72.12030522232045,0.0,0.0,1,Rajyotsava,0,105,128,MEDIUM
2022-11-03,3,11,0,15.853219535183701,67.63080326464542,4.4895019576750315,19.709638386947017,0,None,0,109,131,MEDIUM
2022-11-04,4,11,0,19.314624811839302,69.9277386456086,0.0,0.0,0,None,0,112,112,LOW
2022-11-05,5,11,1,19.257118268008416,72.73142124001849,0.0,0.0,0,None,0,111,124,LOW
2022-11-06,6,11,1,17.18497661056436,70.03211134905469,2.6993098909638036,0.0,0,None,0,113,133,LOW
2022-11-07,0,11,0,18.44436662481825,67.81807054736716,2.2140408016875313,6.270076123532669,0,None,0,114,114,LOW
2022-11-08,1,11,0,17.778848309068344,69.45195098037084,0.0,0.0,0,None,0,115,115,LOW
2022-11-09,2,11,0,23.504540886847245,69.55818520397332,0.0,0.0,0,None,0,108,108,LOW
2022-11-10,3,11,0,21.87135678629492,68.14994485058936,1.4082403533839596,0.0,0,None,0,109,109,LOW
2022-11-11,4,11,0,22.54311018998832,68.70601968666449,0.0,0.0,0,None,0,108,108,LOW
2022-11-12,5,11,1,21.44334412808647,77.99323585252358,0.0,0.0,0,None,0,106,121,LOW
2022-11-13,6,11,1,17.74189645756554,72.8045972397062,5.188638612817385,0.0,0,None,0,104,121,LOW
2022-11-14,0,11,0,18.950959467440452,68.5225984098542,4.281998829852,0.0,0,None,0,107,107,LOW
2022-11-15,1,11,0,20.978749122455834,73.48477202255368,0.0,0.0,0,None,0,110,110,LOW
2022-11-16,2,11,0,17.55574438221611,68.33090255121995,5.153869471333735,0.0,0,None,0,113,113,LOW
2022-11-17,3,11,0,21.425996860344775,75.86562318793321,0.0,0.0,0,None,0,110,110,LOW
2022-11-18,4,11,0,19.51934920368373,71.84821096099047,4.017412226942739,0.0,0,None,0,108,108,LOW
2022-11-19,5,11,1,19.250358384900807,69.46348927997886,2.3847216810116123,0.0,0,None,0,111,120,LOW
2022-11-20,6,11,1,21.421919936406983,72.23858462905139,0.0,0.0,0,None,0,106,117,LOW
2022-11-21,0,11,0,20.88852662297208,62.145619239657506,10.092965389393882,22.4952007011907,0,None,0,109,122,LOW
2022-11-22,1,11,0,19.27806766836184,64.36616265545098,0.0,0.0,0,None,0,107,107,LOW
2022-11-23,2,11,0,22.318659606728495,64.03037496800472,0.3357876874462562,0.0,0,None,0,114,114,LOW
2022-11-24,3,11,0,17.837873344800204,70.71471547381853,0.0,0.0,0,None,0,105,105,LOW
2022-11-25,4,11,0,21.231871213888528,78.66257499742545,0.0,0.0,0,None,0,105,105,LOW
2022-11-26,5,11,1,21.186202515936767,81.15650073096316,0.0,0.0,0,None,0,106,113,LOW
2022-11-27,6,11,1,19.38090712137202,73.19025550720379,7.966245223759373,0.0,0,None,0,114,123,LOW
2022-11-28,0,11,0,20.652266044484236,72.50422237472229,0.6860331324814979,0.0,0,None,0,111,111,LOW
2022-11-29,1,11,0,17.497772847229395,60.9947113292363,11.509511045485986,0.0,0,None,1,114,155,MEDIUM
2022-11-30,2,11,0,21.848054038413803,67.2866310013299,0.0,0.0,0,None,0,112,112,LOW
2022-12-01,3,12,0,15.969941689269636,56.061081240458805,11.22554976087109,0.0,0,None,0,107,107,LOW
2022-12-02,4,12,0,15.294299921117535,56.89576200874442,0.0,0.0,0,None,0,109,109,LOW
2022-12-03,5,12,1,18.43776441382939,59.15928090707605,0.0,12.306006078552201,0,None,0,110,153,MEDIUM
2022-12-04,6,12,1,14.931058581070095,57.63954711151436,1.5197337955616916,0.0,0,None,0,111,122,LOW
2022-12-05,0,12,0,13.522823369428496,50.10350094812106,7.536046163393301,16.490924058504834,0,None,0,109,136,MEDIUM
2022-12-06,1,12,0,13.226487615107807,63.73955128058767,0.0,0.0,0,None,0,108,108,LOW
2022-12-07,2,12,0,17.551765864846892,54.636284871300965,9.103266409286704,45.902498607965214,0,None,0,109,133,MEDIUM
2022-12-08,3,12,0,13.77888725716305,61.196234320555746,0.0,0.0,0,None,0,105,105,LOW
2022-12-09,4,12,0,19.849334326124342,70.37041334874986,0.0,0.0,0,None,0,107,107,LOW
2022-12-10,5,12,1,12.17588714638817,55.403077042067885,14.967336306681979,0.0,0,None,1,109,171,HIGH
2022-12-11,6,12,1,19.73265869873569,47.348562386268355,8.05451465579953,0.0,0,None,1,111,174,HIGH
2022-12-12,0,12,0,16.76178089656085,58.569978890599444,0.0,0.0,0,None,0,109,109,LOW
2022-12-13,1,12,0,16.146319738414828,65.50479817499286,0.0,0.0,0,None,0,107,107,LOW
2022-12-14,2,12,0,15.249907788537715,69.79173727110297,0.0,0.0,0,None,0,114,114,LOW
2022-12-15,3,12,0,17.138018190859757,53.85225202773792,15.939485243365056,0.0,0,None,1,109,159,MEDIUM
2022-12-16,4,12,0,16.26447655730592,62.48349611618261,0.0,0.0,0,None,0,110,110,LOW
2022-12-17,5,12,1,18.54634972618866,57.67344771609973,4.810048400082877,0.0,0,None,0,110,132,LOW
2022-12-18,6,12,1,16.568201259479693,59.470258228479324,0.0,0.0,0,None,0,106,112,LOW
2022-12-19,0,12,0,16.64034948507937,73.22171673508518,0.0,0.0,0,None,0,106,106,LOW
2022-12-20,1,12,0,15.612521537727902,52.48514835802423,20.736568377060948,0.0,0,None,0,107,107,LOW
2022-12-21,2,12,0,16.22585471471348,61.26869830747287,0.0,0.0,0,None,0,108,108,LOW
2022-12-22,3,12,0,16.955349499939732,62.33846585882716,0.0,0.0,0,None,0,112,112,LOW
2022-12-23,4,12,0,12.919409176842363,65.42893162469673,0.0,0.0,0,None,0,106,106,LOW
2022-12-24,5,12,1,13.643375117944188,60.489915767354475,4.939015857342255,0.0,0,None,0,113,132,LOW
2022-12-25,6,12,1,17.826274150201044,61.540252697520515,0.0,0.0,0,None,0,111,138,MEDIUM
2022-12-26,0,12,0,16.6814768384115,58.041757162891045,3.4984955346294697,0.0,0,None,0,111,111,LOW
2022-12-27,1,12,0,15.971779289450255,61.34563470622554,0.0,0.0,0,None,0,105,105,LOW
2022-12-28,2,12,0,16.376613828286402,58.284038622512945,3.061596083712594,0.0,0,None,0,107,107,LOW
2022-12-29,3,12,0,17.034909372878957,63.107859449280255,0.0,0.0,0,None,0,111,111,LOW
2022-12-30,4,12,0,15.26022660153689,58.15194831978183,4.955911129498425,0.0,0,None,0,111,111,LOW
2022-12-31,5,12,1,14.783136511350989,61.88550196951093,0.0,0.0,0,None,0,113,129,LOW
2023-01-01,6,1,1,15.391690510195364,49.85368593157511,12.031816037935826,0.0,0,None,1,107,171,HIGH
2023-01-02,0,1,0,13.043254444769936,55.63025125386084,0.0,0.0,0,None,0,110,110,LOW
2023-01-03,1,1,0,15.816505511428943,49.743031382057566,5.887219871803275,0.0,0,None,1,110,152,MEDIUM
2023-01-04,2,1,0,11.594832791524318,41.134837658965594,8.608193723091972,0.0,0,None,0,108,108,LOW
2023-01-05,3,1,0,17.058311274651288,56.30960750356996,0.0,0.0,0,None,0,109,109,LOW
2023-01-06,4,1,0,15.945194964826086,45.47133849568691,10.83826900788305,0.0,0,None,1,114,156,MEDIUM
2023-01-07,5,1,1,15.51205946862775,46.731168306755904,0.0,1.3319155910159448,0,None,0,110,124,LOW
2023-01-08,6,1,1,16.965381967891027,47.02169352978254,0.0,0.0,0,None,1,113,139,MEDIUM
2023-01-09,0,1,0,18.330948888925153,56.87219046585409,0.0,16.10765838206831,0,None,0,109,130,LOW
2023-01-10,1,1,0,17.02874013003626,39.32162893010652,17.55056153574757,0.0,0,None,1,112,159,MEDIUM
2023-01-11,2,1,0,11.31825153733671,65.68874266829997,0.0,0.0,0,None,0,107,107,LOW
2023-01-12,3,1,0,12.440846066528596,55.28028404533026,10.408458622969704,0.0,0,None,1,108,154,MEDIUM
2023-01-13,4,1,0,13.750362844608642,51.116194570645796,4.1640894746844666,0.0,0,None,0,112,112,LOW
2023-01-14,5,1,1,15.052182100421668,49.72552999691857,1.3906645737272285,0.0,0,None,0,109,127,LOW
2023-01-15,6,1,1,16.035318040938247,51.427770374288286,0.0,0.0,0,None,0,104,119,LOW
2023-01-16,0,1,0,13.548512373693068,52.60561214189669,0.0,0.0,0,None,0,111,111,LOW
2023-01-17,1,1,0,15.373533528954157,53.22607792975028,0.0,5.959864881126859,0,None,0,109,109,LOW
2023-01-18,2,1,0,13.489234135293355,52.778022330017244,0.44805559973303843,0.0,0,None,0,110,110,LOW
2023-01-19,3,1,0,13.776964394016103,50.44790340627625,2.330118923740997,0.0,0,None,0,105,105,LOW
2023-01-20,4,1,0,12.186677806303555,49.01330789846337,1.4345955078128796,0.0,0,None,1,105,125,LOW
2023-01-21,5,1,1,13.153533507778192,49.24363358173244,0.0,0.0,0,None,0,107,117,LOW
2023-01-22,6,1,1,12.296630788767333,49.0254585982366,0.2181749834958424,0.0,0,None,1,114,157,MEDIUM
2023-01-23,0,1,0,13.048253494045335,55.66885048433532,0.0,0.0,0,None,0,108,108,LOW
2023-01-24,1,1,0,17.10728359321568,52.96778361140431,2.7010668729310154,12.071739327347979,0,None,0,110,124,LOW
2023-01-25,2,1,0,13.101202222336115,35.2980568266786,17.66972678472571,0.0,0,None,1,112,150,MEDIUM
2023-01-26,3,1,0,20.26476412967478,53.279503882648804,0.0,0.0,0,None,0,115,115,LOW
2023-01-27,4,1,0,15.986635801761778,50.97368097359387,2.305822909054932,0.0,0,None,0,106,106,LOW
2023-01-28,5,1,1,15.369672247389747,49.90645621777051,1.0672247558233607,0.0,0,None,0,106,116,LOW
2023-01-29,6,1,1,13.283284439637573,48.05740773455557,1.8490484832149434,0.0,0,None,1,108,152,MEDIUM
2023-01-30,0,1,0,16.40061975881798,55.620563599930065,0.0,0.0,0,None,0,107,107,LOW
2023-01-31,1,1,0,13.848724347524453,54.73763231061429,0.8829312893157777,0.0,0,None,0,108,108,LOW
2023-02-01,2,2,0,16.583765591446333,38.81510358519318,15.92252872542111,0.0,0,None,1,114,160,MEDIUM
2023-02-02,3,2,0,21.4599150386932,44.714753359933894,0.0,0.0,0,None,0,112,112,LOW
2023-02-03,4,2,0,16.14762616270631,37.821208251604794,6.8935451083291,0.0,0,None,0,110,110,LOW
2023-02-04,5,2,1,18.638292614726964,35.781401100366566,2.0398071512382288,0.0,0,None,1,112,149,MEDIUM
2023-02-05,6,2,1,14.933393111903836,39.5459058013614,0.0,0.0,0,None,0,103,116,LOW
2023-02-06,0,2,0,16.269768981161686,46.991459286225016,0.0,0.0,0,None,1,112,140,MEDIUM
2023-02-07,1,2,0,19.88134723342663,47.44511715119165,0.0,0.0,0,None,0,109,109,LOW
2023-02-08,2,2,0,15.085811846580077,45.24491902479769,2.200198126393964,0.0,0,None,0,110,110,LOW
2023-02-09,3,2,0,19.964643078149468,46.30497085855121,0.0,0.0,0,None,1,110,134,MEDIUM
2023-02-10,4,2,0,17.75524983306656,45.26038335988601,1.0445874986651944,0.0,0,None,0,107,107,LOW
2023-02-11,5,2,1,15.214812410367076,39.47208394819646,5.78829941168955,0.0,0,None,0,114,130,LOW
2023-02-12,6,2,1,17.604561440266654,44.83910464768093,0.0,0.0,0,None,0,113,124,LOW
2023-02-13,0,2,0,18.28485486140907,46.681539550449635,0.0,0.0,0,None,0,106,106,LOW
2023-02-14,1,2,0,17.583365886590002,46.450948573379094,0.23059097707054121,0.0,0,None,1,109,132,MEDIUM
2023-02-15,2,2,0,13.199296522374699,48.62405878168444,0.0,0.0,0,None,1,108,136,MEDIUM
2023-02-16,3,2,0,14.885471610505874,46.22101116031654,2.4030476213678966,0.0,0,None,0,112,112,LOW
2023-02-17,4,2,0,15.8447086910526,44.436732962019136,1.7842781982974074,0.0,0,None,1,109,142,MEDIUM
2023-02-18,5,2,1,16.190879103955517,48.030243115893356,0.0,0.0,0,None,1,108,154,MEDIUM
2023-02-19,6,2,1,17.581090157256966,42.54688562806592,5.483357487827433,0.0,0,None,0,108,128,LOW
2023-02-20,0,2,0,16.69514796402212,38.270118668172636,4.276766959893287,0.0,0,None,0,108,108,LOW
2023-02-21,1,2,0,13.66905724473541,41.8641571045924,0.0,0.0,0,None,1,108,131,MEDIUM
2023-02-22,2,2,0,17.100141664167538,38.95497870027898,2.9091784043134226,0.6111195379477332,0,None,1,109,134,MEDIUM
2023-02-23,3,2,0,17.560917452723256,39.30360054943932,0.0,0.0,0,None,1,114,150,MEDIUM
2023-02-24,4,2,0,17.45932685801769,41.956898570733635,0.0,0.0,0,None,1,114,140,MEDIUM
2023-02-25,5,2,1,18.501307413264854,38.717392319311415,3.2395062514222204,12.691225884009741,0,None,0,111,148,MEDIUM
2023-02-26,6,2,1,18.00759027125342,41.13968427611602,0.0,6.061591054201752,0,None,1,110,153,MEDIUM
2023-02-27,0,2,0,17.258106120612485,33.21141858954229,7.928265686573731,0.0,0,None,1,112,148,MEDIUM
2023-02-28,1,2,0,16.199414539238315,43.74596046117591,0.0,0.0,0,None,1,106,125,LOW
2023-03-01,2,3,0,16.678078132968018,40.00602737681112,3.739933084364793,0.0,0,None,0,104,104,LOW
2023-03-02,3,3,0,20.85923643826517,35.914556844659046,4.091470532152073,0.0,0,None,0,111,111,LOW
2023-03-03,4,3,0,20.41537537432622,43.296228342162024,0.0,0.0,0,None,0,111,111,LOW
2023-03-04,5,3,1,20.54315767439075,44.68785068813279,0.0,0.0,0,None,0,112,123,LOW
2023-03-05,6,3,1,17.44650284835938,31.962200678155128,12.725650009977663,0.0,0,None,0,111,124,LOW
2023-03-06,0,3,0,17.837886919183475,36.186376107168925,0.0,0.0,0,None,0,106,106,LOW
2023-03-07,1,3,0,22.106305706665808,36.154288251063505,0.03208785610542009,0.0,0,None,0,105,105,LOW
2023-03-08,2,3,0,19.92088969228669,35.300484494455674,0.8538037566078316,0.0,0,None,0,108,108,LOW
2023-03-09,3,3,0,21.36300139474525,44.14737420965874,0.0,0.0,0,None,0,107,107,LOW
2023-03-10,4,3,0,20.05663675226092,39.03086930613598,5.11650490352276,0.0,0,None,0,109,109,LOW
2023-03-11,5,3,1,20.05951227899149,38.67742579344694,0.35344351268904006,0.0,0,None,0,108,123,LOW
2023-03-12,6,3,1,21.876567611951995,29.980688177966233,8.69673761548071,0.0,0,None,0,112,126,LOW
2023-03-13,0,3,0,18.967910543565253,43.17709015104613,0.0,0.0,0,None,1,112,134,LOW
2023-03-14,1,3,0,20.192241553881967,33.80370802573264,9.37338212531349,4.967580082967489,0,None,0,105,105,LOW
2023-03-15,2,3,0,19.075449422589916,40.29966315133164,0.0,0.0,0,None,0,110,110,LOW
2023-03-16,3,3,0,19.13100754513537,41.38688468979096,0.0,0.0,0,None,0,106,106,LOW
2023-03-17,4,3,0,19.38165575306272,46.80329297919326,0.0,0.0,0,None,0,111,111,LOW
2023-03-18,5,3,1,20.444267543267426,33.45589800440444,13.34739497478882,0.0,0,None,0,116,136,LOW
2023-03-19,6,3,1,19.042502756673045,24.90243922089587,8.553458783508567,0.0,0,None,1,115,171,MEDIUM
2023-03-20,0,3,0,22.511512251147042,40.91924772376847,0.0,0.0,0,None,0,113,113,LOW
2023-03-21,1,3,0,18.210785395560993,49.00255590755427,0.0,0.0,0,None,1,111,141,MEDIUM
2023-03-22,2,3,0,19.626256711677282,46.19473176469719,2.807824142857079,0.0,0,None,0,111,111,LOW
2023-03-23,3,3,0,19.12053788345165,41.04829707637313,5.146434688324057,0.0,0,None,0,107,107,LOW
2023-03-24,4,3,0,22.893955768707464,37.54181907183976,3.5064780045333706,0.0,0,None,0,110,110,LOW
2023-03-25,5,3,1,20.393109553023148,44.03561298318655,0.0,12.28807733648165,0,None,0,113,155,MEDIUM
2023-03-26,6,3,1,22.06368907893727,35.13226900147766,8.903343981708893,10.846124550117949,0,None,0,111,146,MEDIUM
2023-03-27,0,3,0,17.028879253926057,42.3817888467811,0.0,0.0,0,None,1,113,135,LOW
2023-03-28,1,3,0,20.534100531738517,42.52735079583314,0.0,0.0,0,None,0,111,111,LOW
2023-03-29,2,3,0,21.779261591246875,45.3010495374944,0.0,0.0,0,None,0,106,106,LOW
2023-03-30,3,3,0,20.16456797855085,53.79830019455539,0.0,0.0,0,None,0,107,107,LOW
2023-03-31,4,3,0,22.130960750130704,41.96207983589383,11.836220358661556,0.0,0,None,1,112,161,MEDIUM
2023-04-01,5,4,1,23.965423099799256,40.134673795773736,1.8274060401200956,1.2460793074476668,0,None,0,111,123,LOW
2023-04-02,6,4,1,27.81869488037116,42.551620363351255,0.0,0.0,0,None,0,115,126,LOW
2023-04-03,0,4,0,29.5977962472385,33.83411239986564,8.717507963485616,0.0,1,Ugadi,0,108,138,MEDIUM
2023-04-04,1,4,0,24.27432287912068,39.20592626886594,0.0,0.0,1,Ugadi,0,109,142,MEDIUM
2023-04-05,2,4,0,24.108994957198455,40.63307973374571,0.0,2.0221028974564605,1,Ugadi,0,116,146,MEDIUM
2023-04-06,3,4,0,27.906768954235403,40.05904993463827,0.5740297991074428,0.0,0,None,0,116,116,LOW
2023-04-07,4,4,0,28.159144291461423,43.44126628447984,0.0,0.0,0,None,0,111,111,LOW
2023-04-08,5,4,1,23.954279945693465,38.567392262400226,4.873874022079612,0.0,0,None,0,113,128,LOW
2023-04-09,6,4,1,24.159626365808286,48.28464526093359,0.0,0.0,0,None,0,111,123,LOW
2023-04-10,0,4,0,24.436430782278986,42.680527248902216,5.604118012031371,0.0,0,None,0,108,108,LOW
2023-04-11,1,4,0,22.311098977931447,42.632990318618155,0.047536930284060475,34.426535124440754,0,None,0,114,139,MEDIUM
2023-04-12,2,4,0,23.162696107031604,41.04001834174664,1.5929719768715174,0.0,0,None,0,114,114,LOW
2023-04-13,3,4,0,22.991718466495865,43.45544534360612,0.0,0.0,0,None,0,110,110,LOW
2023-04-14,4,4,0,23.464404869791743,46.8049832476494,0.0,0.0,0,None,0,112,112,LOW
2023-04-15,5,4,1,24.930630225226437,38.34384084575673,8.461142401892673,0.0,0,None,0,112,129,LOW
2023-04-16,6,4,1,25.46842946507304,39.38890947893495,0.0,0.0,0,None,0,104,116,LOW
2023-04-17,0,4,0,28.101000985628154,41.16086178042791,0.0,0.0,0,None,0,111,111,LOW
2023-04-18,1,4,0,23.003291918522418,35.95013730694515,5.210724473482756,0.0,0,None,0,104,104,LOW
2023-04-19,2,4,0,26.968644796953168,38.58320262570374,0.0,0.0,0,None,0,110,110,LOW
2023-04-20,3,4,0,24.57202231154898,40.29838755658793,0.0,0.0,0,None,0,112,112,LOW
2023-04-21,4,4,0,24.901072580695136,47.051437827874864,0.0,0.0,0,None,0,108,108,LOW
2023-04-22,5,4,1,26.349638984333208,43.99229856932085,3.059139258554012,0.0,0,None,0,111,127,LOW
2023-04-23,6,4,1,22.754555956875404,43.64744148114895,0.3448570881718993,0.0,0,None,0,110,122,LOW
2023-04-24,0,4,0,25.7648194923681,46.93398173515109,0.0,0.0,0,None,0,112,112,LOW
2023-04-25,1,4,0,25.33290441642611,41.99263298231425,4.941348752836845,0.0,0,None,0,116,116,LOW
2023-04-26,2,4,0,25.9849025280163,44.63181617395568,0.0,0.0,0,None,0,111,111,LOW
2023-04-27,3,4,0,25.578337287815636,42.163383159648745,2.4684330143069317,0.0,0,None,0,107,107,LOW
2023-04-28,4,4,0,29.91060027982179,44.00630367130937,0.0,0.0,0,None,0,110,110,LOW
2023-04-29,5,4,1,23.724520031497367,39.76569863625332,4.240605035056049,0.0,0,None,0,110,126,LOW
2023-04-30,6,4,1,23.938006089996364,30.485406132929086,9.280292503324233,0.0,0,None,0,121,130,LOW
2023-05-01,0,5,0,28.75371894715047,49.32860418906848,0.0,0.0,0,None,0,110,110,LOW
2023-05-02,1,5,0,28.88904576167949,57.1137406804997,0.0,0.0,0,None,0,109,109,LOW
2023-05-03,2,5,0,28.725225745386965,54.631077011207964,2.482663669291739,21.98403373797438,0,None,0,108,132,MEDIUM
2023-05-04,3,5,0,32.3780330622151,54.82698742295585,0.0,0.0,0,None,0,111,111,LOW
2023-05-05,4,5,0,32.84100849597971,56.18065360903109,0.0,0.0,0,None,0,111,111,LOW
2023-05-06,5,5,1,28.858507412501048,50.44328795480719,5.7373656542239,0.0,0,None,0,109,121,LOW
2023-05-07,6,5,1,28.335288853791543,50.98657853702798,0.0,0.5255705052290107,0,None,0,103,119,LOW
2023-05-08,0,5,0,30.942831112772808,46.91174052282825,4.0748380141997345,0.0,0,None,0,104,104,LOW
2023-05-09,1,5,0,28.895553911438057,48.41963571986475,0.0,0.0,0,None,0,113,113,LOW
2023-05-10,2,5,0,31.26586363551102,53.07885574885571,0.0,0.0,0,None,0,112,112,LOW
2023-05-11,3,5,0,30.4058460417026,56.01942218584408,0.0,0.0,0,None,0,114,114,LOW
2023-05-12,4,5,0,26.968511770005534,49.302768621595,6.716653564249079,0.0,0,None,0,108,108,LOW
2023-05-13,5,5,1,33.09501040266012,47.74905367574294,1.5537149458520574,0.0,0,None,0,109,125,LOW
2023-05-14,6,5,1,33.59175534619104,50.002639794282985,0.0,0.0,0,None,0,109,121,LOW
2023-05-15,0,5,0,28.774422619031228,53.00603374464558,0.0,0.0,0,None,0,112,112,LOW
2023-05-16,1,5,0,29.224596880128033,42.78072591933229,10.225307825313287,0.0,0,None,1,114,164,MEDIUM
2023-05-17,2,5,0,30.57173078144981,38.51909523431381,4.261630685018481,0.0,0,None,0,112,112,LOW
2023-05-18,3,5,0,30.66891357997405,47.24731575254208,0.0,0.0,0,None,0,107,107,LOW
2023-05-19,4,5,0,31.317088545345662,43.89643787042921,3.3508778821128686,0.0,0,None,0,107,107,LOW
2023-05-20,5,5,1,34.0204090775327,47.45929901176345,0.0,0.0,0,None,0,110,125,LOW
2023-05-21,6,5,1,29.646105545011903,49.26109840591264,0.0,6.774299110729657,0,None,0,110,118,LOW
2023-05-22,0,5,0,28.403405510923093,47.733757954884936,1.5273404510277047,0.0,0,None,0,108,108,LOW
2023-05-23,1,5,0,27.241361543970946,57.26233767235372,0.0,0.0,0,None,0,107,107,LOW
2023-05-24,2,5,0,28.538139920116162,51.6337238230116,5.628613849342123,0.0,0,None,0,109,109,LOW
2023-05-25,3,5,0,29.933746054252406,51.50237179805414,0.131352024957458,0.0,0,None,0,110,110,LOW
2023-05-26,4,5,0,33.589115727035576,53.11103572021701,0.0,21.74274940315135,0,None,0,110,126,LOW
2023-05-27,5,5,1,28.964777401927655,44.30583441109616,8.805201309120854,0.0,0,None,0,113,122,LOW
2023-05-28,6,5,1,30.447575903277798,55.195558937101346,0.0,0.0,0,None,0,110,119,LOW
2023-05-29,0,5,0,29.967154207854495,49.6211785673227,5.574380369778645,0.0,0,None,0,112,112,LOW
2023-05-30,1,5,0,32.37678654689617,53.35240308620606,0.0,0.0,0,None,0,107,107,LOW
2023-05-31,2,5,0,35.05386485174724,44.64071383479922,8.711689251406838,0.0,0,None,0,110,110,LOW
2023-06-01,3,6,0,32.598516492003746,52.23120616991968,0.0,0.0,0,None,0,113,113,LOW
2023-06-02,4,6,0,32.681375152807945,64.08944829012515,0.0,4.985285622039729,0,None,0,106,106,LOW
2023-06-03,5,6,1,35.74857579198253,61.882047630487584,2.207400659637564,5.446657495658784,0,None,0,111,120,LOW
2023-06-04,6,6,1,35.024037017097015,55.48974222821245,6.392305402275134,0.0,0,None,0,104,117,LOW
2023-06-05,0,6,0,37.35366868931646,55.65168459362653,0.0,0.0,0,None,0,112,112,LOW
2023-06-06,1,6,0,34.828110408496315,65.62717392207385,0.0,18.970507354579155,0,None,0,114,132,LOW
2023-06-07,2,6,0,32.94166985627027,54.05294053566336,11.57423338641049,56.33659908341196,0,None,0,109,132,MEDIUM
2023-06-08,3,6,0,34.841563699229006,68.21336476627982,0.0,7.1029905154931114,0,None,0,113,113,LOW
2023-06-09,4,6,0,35.877661199010205,55.496896326760655,12.716468439519168,0.0,0,None,0,112,112,LOW
2023-06-10,5,6,1,35.301218400239115,63.191959628041914,0.0,8.551496081686683,0,None,0,108,122,LOW
2023-06-11,6,6,1,34.67480210005898,58.356907621255075,4.835052006786839,30.549601606251116,0,None,0,113,149,MEDIUM
2023-06-12,0,6,0,35.793603417022695,63.01593715541171,0.0,0.0,0,None,0,110,110,LOW
2023-06-13,1,6,0,35.99884521873574,57.27942998942903,5.73650716598268,44.25741962937582,0,None,0,110,137,MEDIUM
2023-06-14,2,6,0,36.424572019919445,59.186035469638526,0.0,3.7033179762526665,0,None,0,110,110,LOW
2023-06-15,3,6,0,34.957673813023675,60.20459587697861,0.0,5.9227857493750315,0,None,0,110,110,LOW
2023-06-16,4,6,0,33.32601787721068,54.98906272109264,5.215533155885971,21.17062813352388,0,None,0,115,147,MEDIUM
2023-06-17,5,6,1,33.953681410711035,63.70412172710063,0.0,7.5070697654855545,0,None,0,118,132,LOW
2023-06-18,6,6,1,36.0732719708611,57.43393216764208,6.270189559458551,14.055492166073323,0,None,0,111,143,MEDIUM
2023-06-19,0,6,0,32.02638269586992,58.85700042329991,0.0,8.820284907200428,0,None,0,117,117,LOW
2023-06-20,1,6,0,34.39760065559019,55.02825312695744,3.8287472963424705,20.343458815759316,0,None,0,112,127,LOW
2023-06-21,2,6,0,32.87357641318967,47.18833170602345,7.83992142093399,0.0,0,None,0,108,108,LOW
2023-06-22,3,6,0,33.717743683714026,59.04486118699916,0.0,0.0,0,None,0,110,110,LOW
2023-06-23,4,6,0,36.217157763058985,72.06307710806458,0.0,5.348611324081104,0,None,0,108,108,LOW
2023-06-24,5,6,1,34.04245217388419,63.92302143949012,8.140055668574455,9.645615807407342,0,None,0,111,124,LOW
2023-06-25,6,6,1,33.753127134156685,59.903698101328025,4.019323338162096,2.7592040946673526,0,None,0,110,121,LOW
2023-06-26,0,6,0,30.94054175588455,58.685545853958665,1.2181522473693605,6.572860979390337,0,None,0,109,109,LOW
2023-06-27,1,6,0,35.15276116989883,60.11232946406023,0.0,7.661959819836842,0,None,0,109,109,LOW
2023-06-28,2,6,0,34.95122240012654,62.73559557587605,0.0,0.0,0,None,0,110,110,LOW
2023-06-29,3,6,0,37.98676348445531,54.09593592345578,8.63965965242027,13.131092024333428,0,None,0,110,133,MEDIUM
2023-06-30,4,6,0,33.044697567938385,65.57160847334436,0.0,32.35695097558387,0,None,0,110,128,LOW
2023-07-01,5,7,1,35.43830065532788,73.57690657720622,0.0,2.4685728067370434,0,None,0,111,135,MEDIUM
2023-07-02,6,7,1,35.49876736742151,73.59092862853967,0.0,0.0,0,None,0,109,118,LOW
2023-07-03,0,7,0,38.15490655952695,72.19237869404864,1.3985499344910295,16.392698358329582,0,None,0,111,131,LOW
2023-07-04,1,7,0,34.809408935226095,70.09808328846995,2.0942954055786913,0.0,0,None,0,106,106,LOW
2023-07-05,2,7,0,35.55804305154068,73.3643061798341,0.0,18.114572070141467,0,None,0,108,134,MEDIUM
2023-07-06,3,7,0,36.21579301943308,72.95907066870689,0.40523551112721634,0.0,0,None,0,114,114,LOW
2023-07-07,4,7,0,35.37321824631272,68.22979644529488,4.7292742234120055,0.0,0,None,0,104,104,LOW
2023-07-08,5,7,1,34.10713277089894,67.13199113551549,1.097805309779389,0.11070317162020521,0,None,0,107,126,LOW
2023-07-09,6,7,1,35.38817998579662,70.50928147630994,0.0,17.651207824545168,0,None,0,113,148,MEDIUM
2023-07-10,0,7,0,37.14726349971954,77.74510075747594,0.0,16.241498028027042,0,None,0,109,124,LOW
2023-07-11,1,7,0,32.94696940117788,63.804464621730496,13.940636135745443,0.5873644134392605,0,None,0,112,112,LOW
2023-07-12,2,7,0,35.26593934829375,62.6623736712378,1.142090950492694,0.0,0,None,0,112,112,LOW
2023-07-13,3,7,0,33.599758370121656,70.82380420618259,0.0,0.0,0,None,0,105,105,LOW
2023-07-14,4,7,0,37.390093257849685,70.25443850928009,0.5693656969024943,0.0,0,None,0,109,109,LOW
2023-07-15,5,7,1,31.953626190432452,70.86670832185204,0.0,0.0,0,None,0,104,117,LOW
2023-07-16,6,7,1,33.882156305456824,71.2197659895425,0.0,36.10754833728725,0,None,0,116,157,MEDIUM
2023-07-17,0,7,0,35.75442375012904,68.88398872682598,2.335777262716519,18.94851249242332,0,None,0,109,127,LOW
2023-07-18,1,7,0,38.13104805846868,77.44931719301042,0.0,0.0,0,None,0,108,108,LOW
2023-07-19,2,7,0,34.86849947785402,61.995480107617425,15.45383708539299,23.977816870451672,0,None,0,106,123,LOW
2023-07-20,3,7,0,33.889600946613605,65.85751487609878,0.0,0.0,0,None,0,111,111,LOW
2023-07-21,4,7,0,38.76231413888118,69.48372619925476,0.0,9.156597763389724,0,None,0,108,108,LOW
2023-07-22,5,7,1,32.103972199167515,61.784055944229166,7.699670255025595,9.668451706347543,0,None,0,116,131,LOW
2023-07-23,6,7,1,30.602388086759838,69.12072797783965,0.0,0.0,0,None,0,115,126,LOW
2023-07-24,0,7,0,35.880028900106666,78.3073508286401,0.0,51.0357342590323,0,None,0,112,134,LOW
2023-07-25,1,7,0,33.995891551294775,70.10443244147982,8.202918387160281,0.0,0,None,0,106,106,LOW
2023-07-26,2,7,0,32.957534365738574,71.15350452859342,0.0,0.0,0,None,0,109,109,LOW
2023-07-27,3,7,0,36.4167128945987,63.6991761741371,7.454328354456315,0.0,0,None,0,109,109,LOW
2023-07-28,4,7,0,35.4876014275424,66.91819295980261,0.0,0.0,0,None,0,105,105,LOW
2023-07-29,5,7,1,33.871842738526546,68.12401809838032,0.0,1.0684755616988995,0,None,0,112,127,LOW
2023-07-30,6,7,1,32.439391202658214,68.41142451621883,0.0,0.0,0,None,0,112,120,LOW
2023-07-31,0,7,0,36.74491465656029,76.40821897501884,0.0,8.097748716888649,0,None,0,112,112,LOW
2023-08-01,1,8,0,34.96065639376171,80.10896337931439,0.0,31.525234236594265,0,None,0,115,130,LOW
2023-08-02,2,8,0,33.46190231028562,71.7632182910036,8.345745088310792,0.0,0,None,0,109,109,LOW
2023-08-03,3,8,0,37.353528029939724,78.55303196784878,0.0,26.270605807862164,0,None,0,108,129,LOW
2023-08-04,4,8,0,31.520084505192084,79.8116168181727,0.0,12.236119893531358,0,None,0,111,123,LOW
2023-08-05,5,8,1,30.60920369599491,83.0212532682951,0.0,0.8423708841114588,0,None,0,108,123,LOW
2023-08-06,6,8,1,32.2764378980819,85.22321150853062,0.0,53.550615340679464,0,None,0,108,152,MEDIUM
2023-08-07,0,8,0,33.569082005133396,72.24503711654943,12.978174391981199,0.0,0,None,1,106,138,MEDIUM
2023-08-08,1,8,0,34.146932936489776,73.26622051963707,0.0,5.155891172326312,0,None,0,110,110,LOW
2023-08-09,2,8,0,33.17778192213173,71.03261878111569,2.2336017385213864,0.0,0,None,0,111,111,LOW
2023-08-10,3,8,0,34.36436483087298,76.15040878015385,0.0,0.0,0,None,0,103,103,LOW
2023-08-11,4,8,0,31.1571751894635,79.65229994792044,0.0,0.0,0,None,0,108,108,LOW
2023-08-12,5,8,1,36.54778324599091,82.25718065863427,0.0,3.2104604311505933,0,None,0,108,120,LOW
2023-08-13,6,8,1,33.49595168105925,76.94075295747615,5.316427701158119,0.0,0,None,0,110,123,LOW
2023-08-14,0,8,0,35.89484570102064,75.72127045941454,1.219482498061609,5.304324117265452,0,None,0,109,109,LOW
2023-08-15,1,8,0,34.3457047305998,78.07929803693247,0.0,0.0,0,None,0,108,108,LOW
2023-08-16,2,8,0,34.57376047615195,73.14479356753864,4.934504469393829,9.569274057908238,0,None,0,110,110,LOW
2023-08-17,3,8,0,34.799788598308794,87.76820168416263,0.0,0.0,0,None,0,104,104,LOW
2023-08-18,4,8,0,34.55567115787902,69.28220294009847,18.48599874406416,0.0,0,None,0,116,116,LOW
2023-08-19,5,8,1,34.94569955757947,78.24421097016739,0.0,6.068395992744456,0,None,0,105,123,LOW
2023-08-20,6,8,1,36.318559098109255,87.43853917183696,0.0,42.1822658783671,0,None,0,112,144,MEDIUM
2023-08-21,0,8,0,34.05329637724733,77.35450729848876,10.08403187334821,0.0,0,None,0,113,113,LOW
2023-08-22,1,8,0,35.07826155302141,76.3703129006813,0.9841943978074568,66.49863176613474,0,None,0,107,129,MEDIUM
2023-08-23,2,8,0,33.48078264926993,75.53328096163663,0.8370319390446639,0.0,0,None,0,110,110,LOW
2023-08-24,3,8,0,36.540488468743334,76.41854966687673,0.0,2.9614776950047492,0,None,0,105,105,LOW
2023-08-25,4,8,0,32.30746943372585,84.18475044907142,0.0,33.26540203802652,0,None,0,110,134,MEDIUM
2023-08-26,5,8,1,37.26213490366602,66.26119851904123,17.923551930030186,0.0,0,None,0,110,123,LOW
2023-08-27,6,8,1,33.579938136555704,84.9876765821704,0.0,0.0,0,None,0,106,115,LOW
2023-08-28,0,8,0,30.798703833608293,70.20072231343804,14.786954268732359,0.0,0,None,0,112,112,LOW
2023-08-29,1,8,0,33.91646286766597,75.98724642951669,0.0,0.7721683606287935,0,None,0,108,108,LOW
2023-08-30,2,8,0,32.298150722894626,75.17428597419546,0.8129604553212317,0.0,0,None,0,108,108,LOW
2023-08-31,3,8,0,35.341541135821835,80.26327442454236,0.0,19.118973408148094,0,None,0,109,130,LOW
2023-09-01,4,9,0,28.694752041395223,72.00937824058126,8.253896183961103,0.0,0,None,0,109,109,LOW
2023-09-02,5,9,1,29.107633133570445,82.31086333040972,0.0,0.0,0,None,0,112,127,LOW
2023-09-03,6,9,1,26.22091853810894,90.12154811643427,0.0,0.6023626023000018,0,None,0,114,133,LOW
2023-09-04,0,9,0,29.09538736150185,73.18412997703595,16.937418139398318,0.3313332752809293,0,None,0,109,109,LOW
2023-09-05,1,9,0,25.15224134674209,80.94853083805198,0.0,22.340569167288425,0,None,0,116,139,LOW
2023-09-06,2,9,0,26.832194353028555,76.69008911101696,4.25844172703502,0.0,0,None,0,107,107,LOW
2023-09-07,3,9,0,31.520829312288598,82.12943603096518,0.0,9.458801543080574,0,None,0,113,113,LOW
2023-09-08,4,9,0,31.57160031730167,80.09573888707877,2.033697143886414,0.0,0,None,0,113,113,LOW
2023-09-09,5,9,1,30.850915123569933,76.79256545477845,3.303173432300312,8.388472691610927,0,None,0,112,128,LOW
2023-09-10,6,9,1,28.06604771374158,82.43936142435537,0.0,0.0,0,None,0,107,121,LOW
2023-09-11,0,9,0,29.904577287716045,89.02174054893372,0.0,0.0,0,None,0,110,110,LOW
2023-09-12,1,9,0,29.992794921818867,79.0454810413635,9.97625950757022,0.1585331835246813,0,None,0,110,110,LOW
2023-09-13,2,9,0,27.683270621614916,83.5987897107409,0.0,21.525331254364154,0,None,0,113,133,LOW
2023-09-14,3,9,0,33.006796603534305,73.53363521064418,10.065154500096725,33.566643564955584,0,None,0,114,134,LOW
2023-09-15,4,9,0,31.754724581151347,75.21781811590995,0.0,0.0,0,None,0,114,114,LOW
2023-09-16,5,9,1,29.558071652340676,82.36203138940189,0.0,0.0,0,None,0,107,125,LOW
2023-09-17,6,9,1,30.053771677989065,87.42058014267982,0.0,9.722130920163305,0,None,0,112,121,LOW
2023-09-18,0,9,0,30.41676561589511,81.7780667439283,5.642513398751518,0.0,0,None,0,114,114,LOW
2023-09-19,1,9,0,25.916530263151422,78.43470984738423,3.34335689654408,32.761972282699546,0,None,0,107,126,LOW
2023-09-20,2,9,0,29.50564523495881,79.99645702711678,0.0,33.655336855256365,0,None,0,110,132,LOW
2023-09-21,3,9,0,28.636031504004407,73.74796133015141,6.248495696965364,0.0,0,None,0,111,111,LOW
2023-09-22,4,9,0,27.99675998021017,83.02257663177683,0.0,14.3203971055238,0,None,0,107,124,LOW
2023-09-23,5,9,1,29.437799414228095,84.41166531161704,0.0,39.24045550358222,0,None,0,114,145,MEDIUM
2023-09-24,6,9,1,33.59537305369905,77.7395483358346,6.672116975782444,49.07564626867544,0,None,0,107,143,MEDIUM
2023-09-25,0,9,0,31.28168572253402,77.6497892612025,0.08975907463209865,10.668416009068569,0,None,0,109,126,LOW
2023-09-26,1,9,0,28.85764202043441,81.32939114826024,0.0,9.04479367493621,0,None,0,108,108,LOW
2023-09-27,2,9,0,31.14516556271232,77.81640131979702,3.512989828463219,4.90038388782289,0,None,0,108,108,LOW
2023-09-28,3,9,0,32.798710873172006,79.66933692687088,0.0,0.0,0,None,0,109,109,LOW
2023-09-29,4,9,0,31.84926736582554,90.49860894583257,0.0,2.3115105444170188,0,None,0,108,108,LOW
2023-09-30,5,9,1,30.119260739840353,78.76487149627002,11.733737449562554,13.00642318039049,0,None,1,112,192,HIGH
2023-10-01,6,10,1,23.706126444588854,75.52880731558267,3.2360641806873502,0.0,0,None,0,110,120,LOW
2023-10-02,0,10,0,26.39644662722718,74.08279904751298,1.44600826806969,0.0,0,None,0,108,108,LOW
2023-10-03,1,10,0,25.7869707708435,81.04146793318846,0.0,0.0,0,None,0,108,108,LOW
2023-10-04,2,10,0,26.790386440055464,76.41438720959826,4.627080723590197,100.79346242285656,0,None,0,109,129,LOW
2023-10-05,3,10,0,26.27034360336394,74.07364288408165,2.34074432551661,0.0,0,None,0,110,110,LOW
2023-10-06,4,10,0,27.09910543063867,83.92702823705383,0.0,0.0,0,None,0,110,110,LOW
2023-10-07,5,10,1,23.929529576878863,84.41852309825697,0.0,0.0,0,None,0,105,122,LOW
2023-10-08,6,10,1,27.63478813126865,74.31839024699525,10.10013285126172,0.0,0,None,0,108,122,LOW
2023-10-09,0,10,0,25.3951992093848,67.9878083188857,6.330581928109552,0.0,0,None,0,110,110,LOW
2023-10-10,1,10,0,29.15052174525053,82.35807652487338,0.0,0.0,1,Dasara,0,113,138,MEDIUM
2023-10-11,2,10,0,23.621624363820864,73.89735894688876,8.460717577984624,0.0,1,Dasara,0,114,140,MEDIUM
2023-10-12,3,10,0,28.4719276063305,81.27363607150262,0.0,0.0,1,Dasara,0,107,135,MEDIUM
2023-10-13,4,10,0,25.395821566925296,67.4699889871296,13.803647084373026,0.0,1,Dasara,0,108,130,MEDIUM
2023-10-14,5,10,1,23.697163992771102,81.78349476718532,0.0,5.419278694132793,1,Dasara,0,108,189,HIGH
2023-10-15,6,10,1,24.032228331891357,71.26464842928488,10.518846337900442,0.0,0,None,1,107,185,HIGH
2023-10-16,0,10,0,24.35930538361136,80.9743286710214,0.0,0.0,0,None,0,112,112,LOW
2023-10-17,1,10,0,25.848331892803834,77.39187341487094,3.5824552561504532,0.0,0,None,0,105,105,LOW
2023-10-18,2,10,0,26.045670976070998,72.55081097870556,4.841062436165387,0.0,0,None,0,109,109,LOW
2023-10-19,3,10,0,23.85259999212284,75.28532651105488,0.0,0.0,0,None,0,112,112,LOW
2023-10-20,4,10,0,24.951290815478036,80.75210036047228,0.0,0.0,0,None,0,108,108,LOW
2023-10-21,5,10,1,29.284540717223727,77.84998034126495,2.902120019207331,24.965031493002858,0,None,0,111,153,MEDIUM
2023-10-22,6,10,1,28.455086340201422,80.2425729780512,0.0,0.0,0,None,0,107,122,LOW
2023-10-23,0,10,0,25.872647339348063,87.20271099826621,0.0,0.0,0,None,0,107,107,LOW
2023-10-24,1,10,0,25.0760069563364,69.49930001713352,17.70341098113269,0.0,0,None,0,114,114,LOW
2023-10-25,2,10,0,25.24006265343652,85.4065709505319,0.0,48.56564463422741,0,None,0,108,124,LOW
2023-10-26,3,10,0,26.227035945460834,77.84228776330484,7.564283187227062,0.0,0,None,0,110,110,LOW
2023-10-27,4,10,0,22.954414869603188,72.82658783407314,5.015699929231701,0.0,0,None,0,115,115,LOW
2023-10-28,5,10,1,24.48524692515331,70.66893994699383,2.1576478870793068,0.0,0,None,0,109,120,LOW
2023-10-29,6,10,1,21.66283185224482,76.3749061218036,0.0,0.0,0,None,0,114,135,LOW
2023-10-30,0,10,0,25.79844624521056,81.92875863531107,0.0,0.0,0,None,0,105,105,LOW
2023-10-31,1,10,0,26.29439187940548,76.6827624738011,5.245996161509964,0.0,0,None,0,108,108,LOW
2023-11-01,2,11,0,19.033627075401252,77.55577465123673,0.0,0.0,1,Rajyotsava,0,111,148,MEDIUM
2023-11-02,3,11,0,23.147973526580067,62.744121549742204,14.811653101494528,0.0,1,Rajyotsava,0,107,145,MEDIUM
2023-11-03,4,11,0,17.548468673995316,69.93955526076972,0.0,0.0,0,None,0,109,109,LOW
2023-11-04,5,11,1,17.07125023958036,63.73803277793441,6.2015224828353155,0.0,0,None,0,106,123,LOW
2023-11-05,6,11,1,20.448903637119944,71.81815941312485,0.0,0.0,0,None,0,110,123,LOW
2023-11-06,0,11,0,22.094196605224308,74.4344369504865,0.0,0.0,0,None,0,107,107,LOW
2023-11-07,1,11,0,23.36785538291574,67.89619103159474,6.538245918891761,0.0,0,None,0,112,112,LOW
2023-11-08,2,11,0,19.08223147426212,56.978930716864326,10.917260314730413,0.0,0,None,1,116,159,MEDIUM
2023-11-09,3,11,0,22.15736166686259,70.99474073398247,0.0,0.0,0,None,0,110,110,LOW
2023-11-10,4,11,0,19.922983060998586,72.18369275866755,0.0,0.0,0,None,0,111,111,LOW
2023-11-11,5,11,1,19.65474540011836,72.02147377480848,0.16221898385906286,3.867210033871915,0,None,0,106,124,LOW
2023-11-12,6,11,1,21.767319874973346,76.17891095911077,0.0,0.0,0,None,0,110,122,LOW
2023-11-13,0,11,0,21.30464575682684,64.64473160175476,11.53417935735601,0.0,0,None,1,112,161,MEDIUM
2023-11-14,1,11,0,16.8472156860315,73.40108052725225,0.0,0.0,0,None,0,107,107,LOW
2023-11-15,2,11,0,22.953080699451792,75.96253756238987,0.0,0.0,0,None,0,112,112,LOW
2023-11-16,3,11,0,22.760182708294902,61.10706207996742,14.855475482422449,0.0,0,None,0,109,109,LOW
2023-11-17,4,11,0,18.74887459698094,71.59825912959488,0.0,0.0,0,None,0,112,112,LOW
2023-11-18,5,11,1,20.791607066874818,67.47910084496164,4.119158284633244,0.0,0,None,0,110,128,LOW
2023-11-19,6,11,1,20.988060372565478,69.59238663449177,0.0,0.0,0,None,0,117,136,LOW
2023-11-20,0,11,0,20.521347531647812,71.73838241769168,0.0,0.0,0,None,0,116,116,LOW
2023-11-21,1,11,0,18.89938969230916,67.56385717943223,4.174525238259449,0.0,0,None,0,114,114,LOW
2023-11-22,2,11,0,18.656753264123896,66.62145960419194,0.9423975752402924,0.0,0,None,0,109,109,LOW
2023-11-23,3,11,0,19.94889185801711,70.17076208744012,0.0,0.0,0,None,0,113,113,LOW
2023-11-24,4,11,0,22.34545803851873,64.56377030568599,5.606991781754132,0.0,0,None,0,111,111,LOW
2023-11-25,5,11,1,21.087200309188866,64.57087435557408,0.0,23.699238893626735,0,None,0,108,151,MEDIUM
2023-11-26,6,11,1,19.258771335827788,73.39686641478252,0.0,0.0,0,None,0,110,123,LOW
2023-11-27,0,11,0,21.54339742129669,64.25602982420672,9.140836590575802,0.0,0,None,0,105,105,LOW
2023-11-28,1,11,0,14.302914758739849,73.33156250454606,0.0,0.0,0,None,0,117,117,LOW
2023-11-29,2,11,0,22.297531400744205,72.31295646426976,1.0186060402762962,0.0,0,None,0,111,111,LOW
2023-11-30,3,11,0,16.5205724424438,61.37096635604702,10.94199010822274,0.0,0,None,0,113,113,LOW
2023-12-01,4,12,0,15.614864079349351,56.61217673832172,4.758789617725299,0.0,0,None,0,110,110,LOW
2023-12-02,5,12,1,14.100406172903327,65.97054701523686,0.0,0.0,0,None,0,111,132,LOW
2023-12-03,6,12,1,13.750383010713803,55.09417234430159,10.87637467093527,0.0,0,None,1,110,166,HIGH
2023-12-04,0,12,0,18.661399536912654,57.67797868845306,0.0,0.0,0,None,0,108,108,LOW
2023-12-05,1,12,0,15.404343559531831,62.31030446625948,0.0,0.0,0,None,0,115,115,LOW
2023-12-06,2,12,0,17.032753725617045,63.91695254641298,0.0,0.0,0,None,0,113,113,LOW
2023-12-07,3,12,0,16.245904804397245,58.74230556977752,5.174646976635458,0.0,0,None,0,105,105,LOW
2023-12-08,4,12,0,17.293827616601856,57.012449026541795,1.7298565432357265,12.701441492336887,0,None,0,103,116,LOW
2023-12-09,5,12,1,16.493389744276126,67.11184930849254,0.0,0.0,0,None,0,108,124,LOW
2023-12-10,6,12,1,13.773761513778474,68.6944983189879,0.0,0.0,0,None,0,112,124,LOW
2023-12-11,0,12,0,18.332279601049894,64.89429025390898,3.8002080650789196,0.0,0,None,0,107,107,LOW
2023-12-12,1,12,0,15.35223279583299,60.42659071282512,4.46769954108386,30.371985380365622,0,None,0,110,132,LOW
2023-12-13,2,12,0,13.226582164836113,55.95867139179537,4.467919321029747,0.0,0,None,0,113,113,LOW
2023-12-14,3,12,0,15.48351564022379,55.847777967217176,0.11089342457819384,0.0,0,None,0,109,109,LOW
2023-12-15,4,12,0,19.341265543424235,62.61257052632879,0.0,0.0,0,None,0,113,113,LOW
2023-12-16,5,12,1,18.040189446382602,62.091991104443416,0.5205794218853725,0.0,0,None,0,106,119,LOW
2023-12-17,6,12,1,15.642441693339896,67.00799296473215,0.0,0.0,0,None,0,109,125,LOW
2023-12-18,0,12,0,15.641230553518756,63.25225046268069,3.7557425020514614,0.0,0,None,0,109,109,LOW
2023-12-19,1,12,0,15.696475859720849,52.48459849120091,10.76765197147978,0.0,0,None,0,108,108,LOW
2023-12-20,2,12,0,20.493241929277296,65.2597380886146,0.0,0.0,0,None,0,109,109,LOW
2023-12-21,3,12,0,17.103616866618722,55.00969686342793,10.250041225186663,0.0,0,None,1,113,156,MEDIUM
2023-12-22,4,12,0,17.199829256537754,58.08014364023824,0.0,0.0,0,None,0,110,110,LOW
2023-12-23,5,12,1,18.4003128702193,61.251001031258475,0.0,0.0,0,None,0,112,125,LOW
2023-12-24,6,12,1,16.81732428020864,69.97833744891982,0.0,0.0,0,None,0,116,130,LOW
2023-12-25,0,12,0,15.821661670514208,75.5495927800268,0.0,0.0,0,None,0,107,107,LOW
2023-12-26,1,12,0,15.947046263985658,63.03361529568092,12.515977484345882,0.0,0,None,1,104,160,HIGH
2023-12-27,2,12,0,16.196543443327485,59.08401690639806,3.949598389282855,0.0,0,None,0,112,112,LOW
2023-12-28,3,12,0,16.265301489135933,62.67252824240275,0.0,0.0,0,None,0,108,108,LOW
2023-12-29,4,12,0,17.795005049429573,64.43827712936918,0.0,0.0,0,None,0,114,114,LOW
2023-12-30,5,12,1,16.443637733770213,58.39666187221404,6.041615257155144,0.0,0,None,0,109,120,LOW
2023-12-31,6,12,1,17.805026116586774,68.97605677956162,0.0,0.0,0,None,0,112,136,MEDIUM
2024-01-01,0,1,0,14.838566839782835,51.15035379595701,17.825702983604607,0.0,0,None,1,112,151,MEDIUM
2024-01-02,1,1,0,15.15727038063218,52.48871544545697,0.0,0.0,0,None,0,110,110,LOW
2024-01-03,2,1,0,11.003598630935784,53.329621260272305,0.0,0.0,0,None,0,106,106,LOW
2024-01-04,3,1,0,16.832655349404963,52.10793305307228,1.2216882072000246,0.0,0,None,0,110,110,LOW
2024-01-05,4,1,0,15.692976951795986,54.194702502348065,0.0,0.0,0,None,0,107,107,LOW
2024-01-06,5,1,1,16.996020219719306,46.91373406726538,7.280968435082684,0.0,0,None,1,106,176,HIGH
2024-01-07,6,1,1,9.20748924361262,47.20849123026985,0.0,0.0,0,None,0,107,114,LOW
2024-01-08,0,1,0,19.176749409561456,44.49922883514152,2.7092623951283272,0.0,0,None,1,107,131,MEDIUM
2024-01-09,1,1,0,14.720820743689652,52.19750615310113,0.0,3.2026871616449286,0,None,0,113,113,LOW
2024-01-10,2,1,0,17.216365633475032,53.89468251756057,0.0,0.0,0,None,0,107,107,LOW
2024-01-11,3,1,0,12.920188145748938,52.28886433075943,1.6058181868011374,0.0,0,None,0,112,112,LOW
2024-01-12,4,1,0,16.22554781012514,58.37246216673769,0.0,0.0,0,None,0,107,107,LOW
2024-01-13,5,1,1,12.893168873652687,49.972019905854765,8.400442260882926,0.0,0,None,1,113,171,HIGH
2024-01-14,6,1,1,13.75246207860839,53.34370827796256,0.0,0.0,0,None,0,112,126,LOW
2024-01-15,0,1,0,18.828062707733572,44.541495619303426,8.802212658659137,0.0,0,None,1,106,157,MEDIUM
2024-01-16,1,1,0,14.618635198473307,48.06450148762799,0.0,0.0,0,None,0,104,104,LOW
2024-01-17,2,1,0,15.434865746359446,53.47768878782889,0.0,0.0,0,None,0,108,108,LOW
2024-01-18,3,1,0,16.74013546137751,54.24551055371572,0.0,0.0,0,None,0,113,113,LOW
2024-01-19,4,1,0,15.99136377594521,48.53016526167909,5.7153452920366306,0.0,0,None,1,109,142,MEDIUM
2024-01-20,5,1,1,15.300837810287153,49.64200374070967,0.0,0.0,0,None,1,108,152,MEDIUM
2024-01-21,6,1,1,15.729922004932451,42.410631266595956,7.231372474113712,0.0,0,None,1,109,167,HIGH
2024-01-22,0,1,0,19.80683117047655,48.214853995966955,0.0,0.0,0,None,0,114,114,LOW
2024-01-23,1,1,0,14.884762405932829,54.45191581759893,0.0,0.0,0,None,0,110,110,LOW
2024-01-24,2,1,0,15.402198093429934,52.876025080532834,1.5758907370660964,0.0,0,None,0,112,112,LOW
2024-01-25,3,1,0,17.101308792015224,52.503328606906045,0.3726964736267888,0.0,0,None,0,107,107,LOW
2024-01-26,4,1,0,17.21105186591597,50.248868435904804,2.2544601710012415,0.0,0,None,0,113,113,LOW
2024-01-27,5,1,1,17.37406061112076,50.03531579314088,0.21355264276392205,0.0,0,None,0,106,120,LOW
2024-01-28,6,1,1,16.27746044405837,46.698394302632764,3.336921490508118,0.0,0,None,0,109,127,LOW
2024-01-29,0,1,0,12.713990174539033,53.49414210101267,0.0,0.0,0,None,0,110,110,LOW
2024-01-30,1,1,0,18.26686306460219,52.104864721946946,1.3892773790657245,0.0,0,None,0,114,114,LOW
2024-01-31,2,1,0,12.707309213962624,52.46009423996399,0.0,0.0,0,None,0,107,107,LOW
2024-02-01,3,2,0,16.945016892633678,40.04931771097332,12.410776528990674,0.0,0,None,1,110,155,MEDIUM
2024-02-02,4,2,0,14.831194262116895,31.912777324955,8.136540386018318,0.0,0,None,0,108,108,LOW
2024-02-03,5,2,1,16.211469268969626,48.1652554830797,0.0,0.0,0,None,0,112,123,LOW
2024-02-04,6,2,1,16.997270782762573,40.2853046442692,7.879950838810494,0.0,0,None,1,110,169,HIGH
2024-02-05,0,2,0,16.982460393056158,38.365613104095615,1.919691540173588,0.0,0,None,1,112,147,MEDIUM
2024-02-06,1,2,0,17.18358747062618,46.14688648388119,0.0,0.0,0,None,1,107,135,MEDIUM
2024-02-07,2,2,0,19.567168500272906,40.71942872471558,5.427457759165613,0.0,0,None,0,106,106,LOW
2024-02-08,3,2,0,17.24681456518357,47.979173844544334,0.0,5.13160891235406,0,None,1,112,145,MEDIUM
2024-02-09,4,2,0,15.851432691574313,45.76452167219471,2.2146521723496235,0.0,0,None,0,111,111,LOW
2024-02-10,5,2,1,18.267920298732324,46.09733854031361,0.0,0.0,0,None,0,111,120,LOW
2024-02-11,6,2,1,18.718686940004893,35.84971336830855,10.247625172005058,0.0,0,None,0,112,124,LOW
2024-02-12,0,2,0,13.884530331881626,48.739211851243226,0.0,0.0,0,None,1,108,128,LOW
2024-02-13,1,2,0,17.534546101855327,43.9857445804805,4.753467270762727,0.0,0,None,0,116,116,LOW
2024-02-14,2,2,0,17.74209144677741,40.833106228080204,3.152638352400295,0.0,0,None,0,105,105,LOW
2024-02-15,3,2,0,15.744618955435627,43.39643426102248,0.0,0.0,0,None,0,113,113,LOW
2024-02-16,4,2,0,19.09115958877885,33.79831575981962,9.598118501202855,0.0,0,None,1,108,149,MEDIUM
2024-02-17,5,2,1,16.039634788090556,44.72275598171458,0.0,0.0,0,None,1,107,146,MEDIUM
2024-02-18,6,2,1,16.590898869098694,37.53263438340086,7.190121598313716,0.0,0,None,0,108,131,MEDIUM
2024-02-19,0,2,0,15.993602313587871,35.91614049509355,1.6164938883073106,0.0,0,None,1,109,137,MEDIUM
2024-02-20,1,2,0,16.370904057318548,35.06769599322177,0.8484445018717821,1.0569375251561373,0,None,1,110,140,MEDIUM
2024-02-21,2,2,0,14.147195788365208,48.24293379926085,0.0,0.0,0,None,1,111,134,MEDIUM
2024-02-22,3,2,0,13.459644196967023,39.53317495584728,8.709758843413567,0.0,0,None,0,109,109,LOW
2024-02-23,4,2,0,19.528756088605554,50.34813047389372,0.0,0.0,0,None,0,116,116,LOW
2024-02-24,5,2,1,14.645823265518956,40.000484609049735,10.347645864843983,22.557795258844653,0,None,0,113,149,MEDIUM
2024-02-25,6,2,1,14.356961263242997,34.142702136346486,5.857782472703249,0.0,0,None,1,107,158,MEDIUM
2024-02-26,0,2,0,12.032965734948181,37.096869724567924,0.0,0.0,0,None,0,110,110,LOW
2024-02-27,1,2,0,15.061822466776606,48.85855002434592,0.0,0.0,0,None,0,108,108,LOW
2024-02-28,2,2,0,13.693566375340614,41.900001034627884,6.958548989718032,0.0,0,None,0,111,111,LOW
2024-02-29,3,2,0,19.62377628242835,39.93805544185822,1.9619455927696663,0.0,0,None,1,107,127,LOW
2024-03-01,4,3,0,22.01963417868527,40.80009112926394,0.0,0.0,0,None,0,112,112,LOW
2024-03-02,5,3,1,18.623699309644554,42.50891368083772,0.0,18.138060229377334,0,None,1,110,178,HIGH
2024-03-03,6,3,1,24.504871610688618,45.5869940795123,0.0,0.0,0,None,0,113,125,LOW
2024-03-04,0,3,0,21.96353097398319,47.24249614946463,0.0,0.0,0,None,0,112,112,LOW
2024-03-05,1,3,0,19.350337232982756,38.20115677105457,9.041339378410058,0.0,0,None,1,110,137,MEDIUM
2024-03-06,2,3,0,15.001188570252854,33.36976156958981,4.831395201464758,0.0,0,None,1,108,130,MEDIUM
2024-03-07,3,3,0,24.581885145181484,37.93267419438362,0.0,0.0,0,None,0,107,107,LOW
2024-03-08,4,3,0,17.220855066472808,41.30140253291443,0.0,0.0,0,None,1,113,131,LOW
2024-03-09,5,3,1,16.709202506086218,35.18120536894695,6.120197163967482,0.0,0,None,0,110,127,LOW
2024-03-10,6,3,1,22.04514086401928,35.21424542552479,0.0,0.0,0,None,0,112,130,LOW
2024-03-11,0,3,0,24.879504812678547,41.718939407749424,0.0,0.0,0,None,0,115,115,LOW
2024-03-12,1,3,0,22.768545637021035,39.75673824214775,1.9622011656016767,0.0,0,None,0,107,107,LOW
2024-03-13,2,3,0,21.12781824010472,40.163984977057936,0.0,0.0,0,None,0,112,112,LOW
2024-03-14,3,3,0,21.189508683330573,36.207523326499654,3.956461650558282,0.0,0,None,0,109,109,LOW
2024-03-15,4,3,0,21.706831117560615,38.847996428971165,0.0,3.8265006659771323,0,None,0,109,109,LOW
2024-03-16,5,3,1,21.51785717957353,35.37883427865848,3.469162150312684,0.0,0,None,0,110,130,LOW
2024-03-17,6,3,1,20.56238284793875,44.450992055623935,0.0,14.111898787347457,0,None,0,120,145,MEDIUM
2024-03-18,0,3,0,20.208402207903752,45.17624667361876,0.0,0.0,0,None,0,110,110,LOW
2024-03-19,1,3,0,19.874813744200956,30.76906068880953,14.407185984809232,0.0,0,None,1,111,143,MEDIUM
2024-03-20,2,3,0,18.492070822266648,35.35244569903795,0.0,0.0,0,None,1,113,137,MEDIUM
2024-03-21,3,3,0,19.43864984626645,32.51735372454961,2.8350919744883427,0.0,0,None,1,106,128,MEDIUM
2024-03-22,4,3,0,16.61408637160923,36.749880327965506,0.0,0.0,0,None,0,110,110,LOW
2024-03-23,5,3,1,19.8033207464105,39.58281015104819,0.0,0.0,0,None,0,107,118,LOW
2024-03-24,6,3,1,18.022817785698166,32.75177390150735,6.831036249540844,0.0,0,None,1,105,161,HIGH
2024-03-25,0,3,0,17.792821365568457,35.390700934373434,0.0,0.0,0,None,1,109,133,MEDIUM
2024-03-26,1,3,0,20.359788302306956,34.98021313959251,0.4104877947809271,0.0,0,None,0,110,110,LOW
2024-03-27,2,3,0,22.7840045726892,41.03633664699472,0.0,0.0,0,None,0,111,111,LOW
2024-03-28,3,3,0,21.836633212004624,40.34672168518125,0.6896149618134686,0.0,0,None,0,116,116,LOW
2024-03-29,4,3,0,16.858998792753646,36.391312233313734,3.955409451867517,0.0,0,None,0,113,113,LOW
2024-03-30,5,3,1,18.020743726859326,40.88410436069699,0.0,0.0,0,None,0,108,127,LOW
2024-03-31,6,3,1,21.88154237597643,37.26659957706367,3.617504783633315,0.0,0,None,0,105,122,LOW
2024-04-01,0,4,0,23.03502521292338,41.321216372680965,0.0,0.0,0,None,0,112,112,LOW
2024-04-02,1,4,0,24.55073370000595,51.04675237580391,0.0,0.0,1,Ugadi,0,102,129,MEDIUM
2024-04-03,2,4,0,26.100104198049102,49.38179718326297,1.664955192540944,0.0,1,Ugadi,0,109,144,MEDIUM
2024-04-04,3,4,0,23.06331109027273,36.18158573967324,13.20021144358973,0.0,1,Ugadi,0,110,134,MEDIUM
2024-04-05,4,4,0,25.21075101229192,46.8281540137071,0.0,0.0,0,None,0,109,109,LOW
2024-04-06,5,4,1,22.33194901016359,46.73647469676919,0.09167931693790621,0.0,0,None,0,115,131,LOW
2024-04-07,6,4,1,23.797264712097572,36.93817548054814,9.798299216221054,0.0,0,None,0,111,128,LOW
2024-04-08,0,4,0,25.639563868285073,46.77338014308553,0.0,2.1456632993103644,0,None,0,116,116,LOW
2024-04-09,1,4,0,21.814012532936662,50.36915151637399,0.0,0.0,0,None,0,107,107,LOW
2024-04-10,2,4,0,25.880949475920797,37.06676789308916,13.302383623284832,0.0,0,None,1,109,146,MEDIUM
2024-04-11,3,4,0,24.96072440214664,38.09197781923991,0.0,0.0,0,None,0,114,114,LOW
2024-04-12,4,4,0,26.104979908834295,47.76779925852874,0.0,0.0,0,None,0,111,111,LOW
2024-04-13,5,4,1,25.447828268129324,44.03696847843947,3.7308307800892706,0.0,0,None,0,105,119,LOW
2024-04-14,6,4,1,27.728280859947688,45.43687330050884,0.0,0.0,0,None,0,105,118,LOW
2024-04-15,0,4,0,25.250449005295813,44.38243800631371,1.0544352941951303,0.0,0,None,0,105,105,LOW
2024-04-16,1,4,0,24.141188917749496,44.63297152895195,0.0,1.8149974049323676,0,None,0,103,103,LOW
2024-04-17,2,4,0,25.244595006064568,36.047131282755814,8.585840246196135,0.0,0,None,0,112,112,LOW
2024-04-18,3,4,0,26.086596058072775,47.916080457418474,0.0,0.0,0,None,0,107,107,LOW
2024-04-19,4,4,0,25.097720140651408,48.5274418864501,0.0,0.0,0,None,0,108,108,LOW
2024-04-20,5,4,1,25.081183382407765,41.53253820397109,6.994903682479006,0.0,0,None,0,109,120,LOW
2024-04-21,6,4,1,23.59601662438649,42.46210717524192,0.0,0.0,0,None,0,112,127,LOW
2024-04-22,0,4,0,23.674198164898105,35.02395441153262,7.438152763709297,0.0,0,None,0,107,107,LOW
2024-04-23,1,4,0,22.194789456400613,45.2507657044004,0.0,0.0,0,None,0,108,108,LOW
2024-04-24,2,4,0,28.499153486373878,45.53977913288195,0.0,0.0,0,None,0,107,107,LOW
2024-04-25,3,4,0,22.51227352921743,42.36853683931467,3.171242293567275,0.0,0,None,0,111,111,LOW
2024-04-26,4,4,0,23.614189604408185,48.30125872366374,0.0,8.564330682899627,0,None,0,110,110,LOW
2024-04-27,5,4,1,23.563185468861604,41.009105769411526,7.2921529542522165,0.0,0,None,0,111,127,LOW
2024-04-28,6,4,1,26.789848753888883,45.50252155377923,0.0,0.0,0,None,0,106,117,LOW
2024-04-29,0,4,0,24.410100643415944,37.58117023085065,7.9213513229285795,2.1479492997694134,0,None,0,104,104,LOW
2024-04-30,1,4,0,27.49548414534747,42.56173116994004,0.0,0.0,0,None,0,107,107,LOW
2024-05-01,2,5,0,28.653018751512263,49.12822871048582,0.0,0.0,0,None,0,111,111,LOW
